palette graph P: n=26 e=133 chi=10 omega=8 alpha=3
symmetry: 12 verified generators, |Aut(P)| = 35,831,808,000
[palette-P26-sym] n=26 m=133 cap=72 | 324 K5s, 2620 K3,3s, 12 sym generators, 28211 clauses, propagator check_at=9 planarity=boyer
    ... {'checks': 50000, 'confl': 11566, 'model_rej': 0} 1s
    ... {'checks': 100000, 'confl': 22018, 'model_rej': 0} 3s
    ... {'checks': 150000, 'confl': 32347, 'model_rej': 0} 4s
    ... {'checks': 200000, 'confl': 41444, 'model_rej': 0} 5s
    ... {'checks': 250000, 'confl': 48353, 'model_rej': 0} 7s
    ... {'checks': 300000, 'confl': 55140, 'model_rej': 0} 8s
    ... {'checks': 350000, 'confl': 61548, 'model_rej': 0} 10s
    ... {'checks': 400000, 'confl': 66881, 'model_rej': 0} 11s
    ... {'checks': 450000, 'confl': 70951, 'model_rej': 0} 13s
    ... {'checks': 500000, 'confl': 78684, 'model_rej': 0} 15s
    ... {'checks': 550000, 'confl': 83955, 'model_rej': 0} 16s
    ... {'checks': 600000, 'confl': 87652, 'model_rej': 0} 18s
    ... {'checks': 650000, 'confl': 91640, 'model_rej': 0} 20s
    ... {'checks': 700000, 'confl': 98610, 'model_rej': 0} 22s
    ... {'checks': 750000, 'confl': 104742, 'model_rej': 0} 24s
    ... {'checks': 800000, 'confl': 113348, 'model_rej': 0} 25s
    ... {'checks': 850000, 'confl': 118049, 'model_rej': 0} 28s
    ... {'checks': 900000, 'confl': 127081, 'model_rej': 0} 30s
    ... {'checks': 950000, 'confl': 134651, 'model_rej': 0} 32s
    ... {'checks': 1000000, 'confl': 143004, 'model_rej': 0} 33s
    ... {'checks': 1050000, 'confl': 151255, 'model_rej': 0} 35s
    ... {'checks': 1100000, 'confl': 156997, 'model_rej': 0} 38s
    ... {'checks': 1150000, 'confl': 165701, 'model_rej': 0} 40s
    ... {'checks': 1200000, 'confl': 172400, 'model_rej': 0} 43s
    ... {'checks': 1250000, 'confl': 178793, 'model_rej': 0} 45s
    ... {'checks': 1300000, 'confl': 186207, 'model_rej': 0} 47s
    ... {'checks': 1350000, 'confl': 195176, 'model_rej': 0} 48s
    ... {'checks': 1400000, 'confl': 202919, 'model_rej': 0} 50s
    ... {'checks': 1450000, 'confl': 209201, 'model_rej': 0} 51s
    ... {'checks': 1500000, 'confl': 214715, 'model_rej': 0} 53s
    ... {'checks': 1550000, 'confl': 219914, 'model_rej': 0} 55s
    ... {'checks': 1600000, 'confl': 226891, 'model_rej': 0} 58s
    ... {'checks': 1650000, 'confl': 232679, 'model_rej': 0} 60s
    ... {'checks': 1700000, 'confl': 239041, 'model_rej': 0} 63s
    ... {'checks': 1750000, 'confl': 245235, 'model_rej': 0} 65s
    ... {'checks': 1800000, 'confl': 250230, 'model_rej': 0} 67s
    ... {'checks': 1850000, 'confl': 256116, 'model_rej': 0} 70s
    ... {'checks': 1900000, 'confl': 261655, 'model_rej': 0} 73s
    ... {'checks': 1950000, 'confl': 265881, 'model_rej': 0} 75s
    ... {'checks': 2000000, 'confl': 271982, 'model_rej': 0} 79s
    ... {'checks': 2050000, 'confl': 278818, 'model_rej': 0} 81s
    ... {'checks': 2100000, 'confl': 285705, 'model_rej': 0} 84s
    ... {'checks': 2150000, 'confl': 292528, 'model_rej': 0} 86s
    ... {'checks': 2200000, 'confl': 296076, 'model_rej': 0} 89s
    ... {'checks': 2250000, 'confl': 301035, 'model_rej': 0} 92s
    ... {'checks': 2300000, 'confl': 304905, 'model_rej': 0} 95s
    ... {'checks': 2350000, 'confl': 310192, 'model_rej': 0} 97s
    ... {'checks': 2400000, 'confl': 314291, 'model_rej': 0} 100s
    ... {'checks': 2450000, 'confl': 317362, 'model_rej': 0} 105s
    ... {'checks': 2500000, 'confl': 320519, 'model_rej': 0} 108s
    ... {'checks': 2550000, 'confl': 324034, 'model_rej': 0} 111s
    ... {'checks': 2600000, 'confl': 327013, 'model_rej': 0} 114s
    ... {'checks': 2650000, 'confl': 333012, 'model_rej': 0} 117s
    ... {'checks': 2700000, 'confl': 341237, 'model_rej': 0} 119s
    ... {'checks': 2750000, 'confl': 348835, 'model_rej': 0} 121s
    ... {'checks': 2800000, 'confl': 357226, 'model_rej': 0} 123s
    ... {'checks': 2850000, 'confl': 364154, 'model_rej': 0} 125s
    ... {'checks': 2900000, 'confl': 368463, 'model_rej': 0} 127s
    ... {'checks': 2950000, 'confl': 372081, 'model_rej': 0} 129s
    ... {'checks': 3000000, 'confl': 375488, 'model_rej': 0} 130s
    ... {'checks': 3050000, 'confl': 382162, 'model_rej': 0} 133s
    ... {'checks': 3100000, 'confl': 388673, 'model_rej': 0} 137s
    ... {'checks': 3150000, 'confl': 395354, 'model_rej': 0} 139s
    ... {'checks': 3200000, 'confl': 403693, 'model_rej': 0} 142s
    ... {'checks': 3250000, 'confl': 411487, 'model_rej': 0} 145s
    ... {'checks': 3300000, 'confl': 417857, 'model_rej': 0} 147s
    ... {'checks': 3350000, 'confl': 424561, 'model_rej': 0} 149s
    ... {'checks': 3400000, 'confl': 428443, 'model_rej': 0} 152s
    ... {'checks': 3450000, 'confl': 435848, 'model_rej': 0} 154s
    ... {'checks': 3500000, 'confl': 443590, 'model_rej': 0} 157s
    ... {'checks': 3550000, 'confl': 447953, 'model_rej': 0} 159s
    ... {'checks': 3600000, 'confl': 454240, 'model_rej': 0} 162s
    ... {'checks': 3650000, 'confl': 460751, 'model_rej': 0} 164s
    ... {'checks': 3700000, 'confl': 468600, 'model_rej': 0} 168s
    ... {'checks': 3750000, 'confl': 475948, 'model_rej': 0} 170s
    ... {'checks': 3800000, 'confl': 484009, 'model_rej': 0} 174s
    ... {'checks': 3850000, 'confl': 491920, 'model_rej': 0} 176s
    ... {'checks': 3900000, 'confl': 498935, 'model_rej': 0} 179s
    ... {'checks': 3950000, 'confl': 505588, 'model_rej': 0} 182s
    ... {'checks': 4000000, 'confl': 508569, 'model_rej': 0} 184s
    ... {'checks': 4050000, 'confl': 512672, 'model_rej': 0} 186s
    ... {'checks': 4100000, 'confl': 519734, 'model_rej': 0} 190s
    ... {'checks': 4150000, 'confl': 525078, 'model_rej': 0} 193s
    ... {'checks': 4200000, 'confl': 530785, 'model_rej': 0} 197s
    ... {'checks': 4250000, 'confl': 536604, 'model_rej': 0} 201s
    ... {'checks': 4300000, 'confl': 543642, 'model_rej': 0} 204s
    ... {'checks': 4350000, 'confl': 550632, 'model_rej': 0} 207s
    ... {'checks': 4400000, 'confl': 557108, 'model_rej': 0} 210s
    ... {'checks': 4450000, 'confl': 563309, 'model_rej': 0} 213s
    ... {'checks': 4500000, 'confl': 569474, 'model_rej': 0} 218s
    ... {'checks': 4550000, 'confl': 575576, 'model_rej': 0} 222s
    ... {'checks': 4600000, 'confl': 581071, 'model_rej': 0} 225s
    ... {'checks': 4650000, 'confl': 588801, 'model_rej': 0} 229s
    ... {'checks': 4700000, 'confl': 595745, 'model_rej': 0} 231s
    ... {'checks': 4750000, 'confl': 599256, 'model_rej': 0} 234s
    ... {'checks': 4800000, 'confl': 605412, 'model_rej': 0} 238s
    ... {'checks': 4850000, 'confl': 610860, 'model_rej': 0} 242s
    ... {'checks': 4900000, 'confl': 613466, 'model_rej': 0} 246s
    ... {'checks': 4950000, 'confl': 618406, 'model_rej': 0} 252s
    ... {'checks': 5000000, 'confl': 623640, 'model_rej': 0} 255s
    ... {'checks': 5050000, 'confl': 628334, 'model_rej': 0} 258s
    ... {'checks': 5100000, 'confl': 632772, 'model_rej': 0} 262s
    ... {'checks': 5150000, 'confl': 638208, 'model_rej': 0} 271s
    ... {'checks': 5200000, 'confl': 643615, 'model_rej': 0} 274s
    ... {'checks': 5250000, 'confl': 648043, 'model_rej': 0} 277s
    ... {'checks': 5300000, 'confl': 652710, 'model_rej': 0} 280s
    ... {'checks': 5350000, 'confl': 657642, 'model_rej': 0} 283s
    ... {'checks': 5400000, 'confl': 665083, 'model_rej': 0} 287s
    ... {'checks': 5450000, 'confl': 671006, 'model_rej': 0} 290s
    ... {'checks': 5500000, 'confl': 676577, 'model_rej': 0} 294s
    ... {'checks': 5550000, 'confl': 680548, 'model_rej': 0} 298s
    ... {'checks': 5600000, 'confl': 683428, 'model_rej': 0} 303s
    ... {'checks': 5650000, 'confl': 686023, 'model_rej': 0} 307s
    ... {'checks': 5700000, 'confl': 689311, 'model_rej': 0} 311s
    ... {'checks': 5750000, 'confl': 692221, 'model_rej': 0} 316s
    ... {'checks': 5800000, 'confl': 695466, 'model_rej': 0} 320s
    ... {'checks': 5850000, 'confl': 699296, 'model_rej': 0} 323s
    ... {'checks': 5900000, 'confl': 703671, 'model_rej': 0} 327s
    ... {'checks': 5950000, 'confl': 708067, 'model_rej': 0} 332s
    ... {'checks': 6000000, 'confl': 711369, 'model_rej': 0} 337s
    ... {'checks': 6050000, 'confl': 714566, 'model_rej': 0} 342s
    ... {'checks': 6100000, 'confl': 718287, 'model_rej': 0} 348s
    ... {'checks': 6150000, 'confl': 721060, 'model_rej': 0} 353s
    ... {'checks': 6200000, 'confl': 724323, 'model_rej': 0} 359s
    ... {'checks': 6250000, 'confl': 727283, 'model_rej': 0} 363s
    ... {'checks': 6300000, 'confl': 729700, 'model_rej': 0} 366s
    ... {'checks': 6350000, 'confl': 732309, 'model_rej': 0} 371s
    ... {'checks': 6400000, 'confl': 736091, 'model_rej': 0} 377s
    ... {'checks': 6450000, 'confl': 740115, 'model_rej': 0} 383s
    ... {'checks': 6500000, 'confl': 744299, 'model_rej': 0} 389s
    ... {'checks': 6550000, 'confl': 747661, 'model_rej': 0} 404s
    ... {'checks': 6600000, 'confl': 751286, 'model_rej': 0} 410s
    ... {'checks': 6650000, 'confl': 755140, 'model_rej': 0} 415s
    ... {'checks': 6700000, 'confl': 758184, 'model_rej': 0} 421s
    ... {'checks': 6750000, 'confl': 760946, 'model_rej': 0} 427s
    ... {'checks': 6800000, 'confl': 764466, 'model_rej': 0} 433s
    ... {'checks': 6850000, 'confl': 767755, 'model_rej': 0} 439s
    ... {'checks': 6900000, 'confl': 770400, 'model_rej': 0} 445s
    ... {'checks': 6950000, 'confl': 773216, 'model_rej': 0} 451s
    ... {'checks': 7000000, 'confl': 775483, 'model_rej': 0} 458s
    ... {'checks': 7050000, 'confl': 779341, 'model_rej': 0} 464s
    ... {'checks': 7100000, 'confl': 782995, 'model_rej': 0} 473s
    ... {'checks': 7150000, 'confl': 785273, 'model_rej': 0} 477s
    ... {'checks': 7200000, 'confl': 787253, 'model_rej': 0} 480s
    ... {'checks': 7250000, 'confl': 789764, 'model_rej': 0} 484s
    ... {'checks': 7300000, 'confl': 793115, 'model_rej': 0} 490s
    ... {'checks': 7350000, 'confl': 796839, 'model_rej': 0} 496s
    ... {'checks': 7400000, 'confl': 800357, 'model_rej': 0} 502s
    ... {'checks': 7450000, 'confl': 803652, 'model_rej': 0} 508s
    ... {'checks': 7500000, 'confl': 805728, 'model_rej': 0} 513s
    ... {'checks': 7550000, 'confl': 807975, 'model_rej': 0} 520s
    ... {'checks': 7600000, 'confl': 810934, 'model_rej': 0} 526s
    ... {'checks': 7650000, 'confl': 813217, 'model_rej': 0} 531s
    ... {'checks': 7700000, 'confl': 815009, 'model_rej': 0} 537s
    ... {'checks': 7750000, 'confl': 817116, 'model_rej': 0} 543s
    ... {'checks': 7800000, 'confl': 819536, 'model_rej': 0} 549s
    ... {'checks': 7850000, 'confl': 821433, 'model_rej': 0} 555s
    ... {'checks': 7900000, 'confl': 823047, 'model_rej': 0} 563s
    ... {'checks': 7950000, 'confl': 824259, 'model_rej': 0} 570s
    ... {'checks': 8000000, 'confl': 826129, 'model_rej': 0} 576s
    ... {'checks': 8050000, 'confl': 828115, 'model_rej': 0} 582s
    ... {'checks': 8100000, 'confl': 829175, 'model_rej': 0} 585s
    ... {'checks': 8150000, 'confl': 833185, 'model_rej': 0} 590s
    ... {'checks': 8200000, 'confl': 837201, 'model_rej': 0} 596s
    ... {'checks': 8250000, 'confl': 840522, 'model_rej': 0} 613s
    ... {'checks': 8300000, 'confl': 843549, 'model_rej': 0} 619s
    ... {'checks': 8350000, 'confl': 847355, 'model_rej': 0} 625s
    ... {'checks': 8400000, 'confl': 850093, 'model_rej': 0} 632s
    ... {'checks': 8450000, 'confl': 852078, 'model_rej': 0} 638s
    ... {'checks': 8500000, 'confl': 854865, 'model_rej': 0} 644s
    ... {'checks': 8550000, 'confl': 857028, 'model_rej': 0} 651s
    ... {'checks': 8600000, 'confl': 860370, 'model_rej': 0} 656s
    ... {'checks': 8650000, 'confl': 862480, 'model_rej': 0} 663s
    ... {'checks': 8700000, 'confl': 865066, 'model_rej': 0} 670s
    ... {'checks': 8750000, 'confl': 869287, 'model_rej': 0} 675s
    ... {'checks': 8800000, 'confl': 872464, 'model_rej': 0} 680s
    ... {'checks': 8850000, 'confl': 875416, 'model_rej': 0} 686s
    ... {'checks': 8900000, 'confl': 879538, 'model_rej': 0} 699s
    ... {'checks': 8950000, 'confl': 884088, 'model_rej': 0} 702s
    ... {'checks': 9000000, 'confl': 888078, 'model_rej': 0} 706s
    ... {'checks': 9050000, 'confl': 891931, 'model_rej': 0} 709s
    ... {'checks': 9100000, 'confl': 897311, 'model_rej': 0} 715s
    ... {'checks': 9150000, 'confl': 901313, 'model_rej': 0} 724s
    ... {'checks': 9200000, 'confl': 905922, 'model_rej': 0} 732s
    ... {'checks': 9250000, 'confl': 909706, 'model_rej': 0} 739s
    ... {'checks': 9300000, 'confl': 915057, 'model_rej': 0} 745s
    ... {'checks': 9350000, 'confl': 919767, 'model_rej': 0} 749s
    ... {'checks': 9400000, 'confl': 923518, 'model_rej': 0} 753s
    ... {'checks': 9450000, 'confl': 926984, 'model_rej': 0} 758s
    ... {'checks': 9500000, 'confl': 932980, 'model_rej': 0} 764s
    ... {'checks': 9550000, 'confl': 937080, 'model_rej': 0} 768s
    ... {'checks': 9600000, 'confl': 941405, 'model_rej': 0} 772s
    ... {'checks': 9650000, 'confl': 945921, 'model_rej': 0} 784s
    ... {'checks': 9700000, 'confl': 952628, 'model_rej': 0} 821s
    ... {'checks': 9750000, 'confl': 957225, 'model_rej': 0} 826s
    ... {'checks': 9800000, 'confl': 960818, 'model_rej': 0} 831s
    ... {'checks': 9850000, 'confl': 963051, 'model_rej': 0} 834s
    ... {'checks': 9900000, 'confl': 967604, 'model_rej': 0} 841s
    ... {'checks': 9950000, 'confl': 969074, 'model_rej': 0} 846s
    ... {'checks': 10000000, 'confl': 970310, 'model_rej': 0} 851s
    ... {'checks': 10050000, 'confl': 975416, 'model_rej': 0} 856s
    ... {'checks': 10100000, 'confl': 981443, 'model_rej': 0} 862s
    ... {'checks': 10150000, 'confl': 988279, 'model_rej': 0} 868s
    ... {'checks': 10200000, 'confl': 993975, 'model_rej': 0} 874s
    ... {'checks': 10250000, 'confl': 999158, 'model_rej': 0} 881s
    ... {'checks': 10300000, 'confl': 1000035, 'model_rej': 0} 886s
    ... {'checks': 10350000, 'confl': 1004909, 'model_rej': 0} 893s
    ... {'checks': 10400000, 'confl': 1008923, 'model_rej': 0} 897s
    ... {'checks': 10450000, 'confl': 1014459, 'model_rej': 0} 904s
    ... {'checks': 10500000, 'confl': 1019545, 'model_rej': 0} 910s
    ... {'checks': 10550000, 'confl': 1022268, 'model_rej': 0} 916s
    ... {'checks': 10600000, 'confl': 1025257, 'model_rej': 0} 922s
    ... {'checks': 10650000, 'confl': 1028107, 'model_rej': 0} 930s
    ... {'checks': 10700000, 'confl': 1032861, 'model_rej': 0} 937s
    ... {'checks': 10750000, 'confl': 1038852, 'model_rej': 0} 945s
    ... {'checks': 10800000, 'confl': 1039465, 'model_rej': 0} 950s
    ... {'checks': 10850000, 'confl': 1044422, 'model_rej': 0} 955s
    ... {'checks': 10900000, 'confl': 1046885, 'model_rej': 0} 971s
    ... {'checks': 10950000, 'confl': 1048542, 'model_rej': 0} 976s
    ... {'checks': 11000000, 'confl': 1050072, 'model_rej': 0} 981s
    ... {'checks': 11050000, 'confl': 1053667, 'model_rej': 0} 985s
    ... {'checks': 11100000, 'confl': 1057418, 'model_rej': 0} 991s
    ... {'checks': 11150000, 'confl': 1060580, 'model_rej': 0} 1000s
    ... {'checks': 11200000, 'confl': 1063479, 'model_rej': 0} 1006s
    ... {'checks': 11250000, 'confl': 1065334, 'model_rej': 0} 1013s
    ... {'checks': 11300000, 'confl': 1069761, 'model_rej': 0} 1022s
    ... {'checks': 11350000, 'confl': 1074049, 'model_rej': 0} 1033s
    ... {'checks': 11400000, 'confl': 1078980, 'model_rej': 0} 1042s
    ... {'checks': 11450000, 'confl': 1084030, 'model_rej': 0} 1049s
    ... {'checks': 11500000, 'confl': 1085959, 'model_rej': 0} 1054s
    ... {'checks': 11550000, 'confl': 1090203, 'model_rej': 0} 1060s
    ... {'checks': 11600000, 'confl': 1094261, 'model_rej': 0} 1067s
    ... {'checks': 11650000, 'confl': 1099886, 'model_rej': 0} 1074s
    ... {'checks': 11700000, 'confl': 1104089, 'model_rej': 0} 1089s
    ... {'checks': 11750000, 'confl': 1107255, 'model_rej': 0} 1097s
    ... {'checks': 11800000, 'confl': 1110747, 'model_rej': 0} 1105s
    ... {'checks': 11850000, 'confl': 1111322, 'model_rej': 0} 1111s
    ... {'checks': 11900000, 'confl': 1113927, 'model_rej': 0} 1117s
    ... {'checks': 11950000, 'confl': 1117392, 'model_rej': 0} 1121s
    ... {'checks': 12000000, 'confl': 1121416, 'model_rej': 0} 1127s
    ... {'checks': 12050000, 'confl': 1125683, 'model_rej': 0} 1136s
    ... {'checks': 12100000, 'confl': 1130545, 'model_rej': 0} 1144s
    ... {'checks': 12150000, 'confl': 1134534, 'model_rej': 0} 1153s
    ... {'checks': 12200000, 'confl': 1138347, 'model_rej': 0} 1203s
    ... {'checks': 12250000, 'confl': 1141635, 'model_rej': 0} 1209s
    ... {'checks': 12300000, 'confl': 1144038, 'model_rej': 0} 1216s
    ... {'checks': 12350000, 'confl': 1146990, 'model_rej': 0} 1224s
    ... {'checks': 12400000, 'confl': 1151262, 'model_rej': 0} 1231s
    ... {'checks': 12450000, 'confl': 1153770, 'model_rej': 0} 1236s
    ... {'checks': 12500000, 'confl': 1156799, 'model_rej': 0} 1242s
    ... {'checks': 12550000, 'confl': 1162862, 'model_rej': 0} 1247s
    ... {'checks': 12600000, 'confl': 1166247, 'model_rej': 0} 1253s
    ... {'checks': 12650000, 'confl': 1168849, 'model_rej': 0} 1261s
    ... {'checks': 12700000, 'confl': 1172426, 'model_rej': 0} 1271s
    ... {'checks': 12750000, 'confl': 1175611, 'model_rej': 0} 1274s
    ... {'checks': 12800000, 'confl': 1179036, 'model_rej': 0} 1277s
    ... {'checks': 12850000, 'confl': 1183438, 'model_rej': 0} 1284s
    ... {'checks': 12900000, 'confl': 1187591, 'model_rej': 0} 1292s
    ... {'checks': 12950000, 'confl': 1190281, 'model_rej': 0} 1295s
    ... {'checks': 13000000, 'confl': 1192337, 'model_rej': 0} 1299s
    ... {'checks': 13050000, 'confl': 1193640, 'model_rej': 0} 1307s
    ... {'checks': 13100000, 'confl': 1199668, 'model_rej': 0} 1315s
    ... {'checks': 13150000, 'confl': 1203567, 'model_rej': 0} 1326s
    ... {'checks': 13200000, 'confl': 1207328, 'model_rej': 0} 1337s
    ... {'checks': 13250000, 'confl': 1211415, 'model_rej': 0} 1347s
    ... {'checks': 13300000, 'confl': 1214540, 'model_rej': 0} 1354s
    ... {'checks': 13350000, 'confl': 1217851, 'model_rej': 0} 1361s
    ... {'checks': 13400000, 'confl': 1220291, 'model_rej': 0} 1369s
    ... {'checks': 13450000, 'confl': 1224017, 'model_rej': 0} 1374s
    ... {'checks': 13500000, 'confl': 1228072, 'model_rej': 0} 1383s
    ... {'checks': 13550000, 'confl': 1230557, 'model_rej': 0} 1388s
    ... {'checks': 13600000, 'confl': 1234263, 'model_rej': 0} 1395s
    ... {'checks': 13650000, 'confl': 1236896, 'model_rej': 0} 1403s
    ... {'checks': 13700000, 'confl': 1242174, 'model_rej': 0} 1410s
    ... {'checks': 13750000, 'confl': 1245429, 'model_rej': 0} 1415s
    ... {'checks': 13800000, 'confl': 1247686, 'model_rej': 0} 1419s
    ... {'checks': 13850000, 'confl': 1250312, 'model_rej': 0} 1423s
    ... {'checks': 13900000, 'confl': 1254803, 'model_rej': 0} 1428s
    ... {'checks': 13950000, 'confl': 1258122, 'model_rej': 0} 1438s
    ... {'checks': 14000000, 'confl': 1261824, 'model_rej': 0} 1447s
    ... {'checks': 14050000, 'confl': 1265720, 'model_rej': 0} 1454s
    ... {'checks': 14100000, 'confl': 1268122, 'model_rej': 0} 1459s
    ... {'checks': 14150000, 'confl': 1270193, 'model_rej': 0} 1465s
    ... {'checks': 14200000, 'confl': 1275949, 'model_rej': 0} 1472s
    ... {'checks': 14250000, 'confl': 1281514, 'model_rej': 0} 1480s
    ... {'checks': 14300000, 'confl': 1286175, 'model_rej': 0} 1489s
    ... {'checks': 14350000, 'confl': 1289761, 'model_rej': 0} 1495s
    ... {'checks': 14400000, 'confl': 1291481, 'model_rej': 0} 1502s
    ... {'checks': 14450000, 'confl': 1293451, 'model_rej': 0} 1509s
    ... {'checks': 14500000, 'confl': 1296587, 'model_rej': 0} 1520s
    ... {'checks': 14550000, 'confl': 1298500, 'model_rej': 0} 1528s
    ... {'checks': 14600000, 'confl': 1303231, 'model_rej': 0} 1534s
    ... {'checks': 14650000, 'confl': 1308611, 'model_rej': 0} 1541s
    ... {'checks': 14700000, 'confl': 1314672, 'model_rej': 0} 1550s
    ... {'checks': 14750000, 'confl': 1318301, 'model_rej': 0} 1559s
    ... {'checks': 14800000, 'confl': 1322289, 'model_rej': 0} 1572s
    ... {'checks': 14850000, 'confl': 1326577, 'model_rej': 0} 1584s
    ... {'checks': 14900000, 'confl': 1330806, 'model_rej': 0} 1592s
    ... {'checks': 14950000, 'confl': 1333123, 'model_rej': 0} 1600s
    ... {'checks': 15000000, 'confl': 1338192, 'model_rej': 0} 1610s
    ... {'checks': 15050000, 'confl': 1340373, 'model_rej': 0} 1618s
    ... {'checks': 15100000, 'confl': 1341811, 'model_rej': 0} 1625s
    ... {'checks': 15150000, 'confl': 1344792, 'model_rej': 0} 1636s
    ... {'checks': 15200000, 'confl': 1348685, 'model_rej': 0} 1644s
    ... {'checks': 15250000, 'confl': 1351080, 'model_rej': 0} 1650s
    ... {'checks': 15300000, 'confl': 1351803, 'model_rej': 0} 1692s
    ... {'checks': 15350000, 'confl': 1356300, 'model_rej': 0} 1702s
    ... {'checks': 15400000, 'confl': 1359198, 'model_rej': 0} 1711s
    ... {'checks': 15450000, 'confl': 1363114, 'model_rej': 0} 1723s
    ... {'checks': 15500000, 'confl': 1367244, 'model_rej': 0} 1736s
    ... {'checks': 15550000, 'confl': 1371153, 'model_rej': 0} 1750s
    ... {'checks': 15600000, 'confl': 1376049, 'model_rej': 0} 1762s
    ... {'checks': 15650000, 'confl': 1380937, 'model_rej': 0} 1769s
    ... {'checks': 15700000, 'confl': 1385584, 'model_rej': 0} 1782s
    ... {'checks': 15750000, 'confl': 1390414, 'model_rej': 0} 1789s
    ... {'checks': 15800000, 'confl': 1393376, 'model_rej': 0} 1800s
    ... {'checks': 15850000, 'confl': 1395106, 'model_rej': 0} 1808s
    ... {'checks': 15900000, 'confl': 1397364, 'model_rej': 0} 1813s
    ... {'checks': 15950000, 'confl': 1400133, 'model_rej': 0} 1824s
    ... {'checks': 16000000, 'confl': 1402209, 'model_rej': 0} 1835s
    ... {'checks': 16050000, 'confl': 1403462, 'model_rej': 0} 1845s
    ... {'checks': 16100000, 'confl': 1406525, 'model_rej': 0} 1852s
    ... {'checks': 16150000, 'confl': 1410510, 'model_rej': 0} 1862s
    ... {'checks': 16200000, 'confl': 1414757, 'model_rej': 0} 1896s
    ... {'checks': 16250000, 'confl': 1418724, 'model_rej': 0} 1907s
    ... {'checks': 16300000, 'confl': 1422366, 'model_rej': 0} 1915s
    ... {'checks': 16350000, 'confl': 1425465, 'model_rej': 0} 1928s
    ... {'checks': 16400000, 'confl': 1429814, 'model_rej': 0} 1942s
    ... {'checks': 16450000, 'confl': 1432292, 'model_rej': 0} 1952s
    ... {'checks': 16500000, 'confl': 1433209, 'model_rej': 0} 1962s
    ... {'checks': 16550000, 'confl': 1437909, 'model_rej': 0} 1973s
    ... {'checks': 16600000, 'confl': 1442566, 'model_rej': 0} 1984s
    ... {'checks': 16650000, 'confl': 1447638, 'model_rej': 0} 1994s
    ... {'checks': 16700000, 'confl': 1452296, 'model_rej': 0} 2008s
    ... {'checks': 16750000, 'confl': 1456200, 'model_rej': 0} 2019s
    ... {'checks': 16800000, 'confl': 1460634, 'model_rej': 0} 2026s
    ... {'checks': 16850000, 'confl': 1464139, 'model_rej': 0} 2036s
    ... {'checks': 16900000, 'confl': 1467328, 'model_rej': 0} 2046s
    ... {'checks': 16950000, 'confl': 1470608, 'model_rej': 0} 2060s
    ... {'checks': 17000000, 'confl': 1472881, 'model_rej': 0} 2069s
    ... {'checks': 17050000, 'confl': 1475784, 'model_rej': 0} 2075s
    ... {'checks': 17100000, 'confl': 1479783, 'model_rej': 0} 2090s
    ... {'checks': 17150000, 'confl': 1480830, 'model_rej': 0} 2101s
    ... {'checks': 17200000, 'confl': 1484711, 'model_rej': 0} 2115s
    ... {'checks': 17250000, 'confl': 1486905, 'model_rej': 0} 2125s
    ... {'checks': 17300000, 'confl': 1487797, 'model_rej': 0} 2128s
    ... {'checks': 17350000, 'confl': 1489216, 'model_rej': 0} 2136s
    ... {'checks': 17400000, 'confl': 1491124, 'model_rej': 0} 2146s
    ... {'checks': 17450000, 'confl': 1492380, 'model_rej': 0} 2155s
    ... {'checks': 17500000, 'confl': 1496806, 'model_rej': 0} 2162s
    ... {'checks': 17550000, 'confl': 1500009, 'model_rej': 0} 2176s
    ... {'checks': 17600000, 'confl': 1504147, 'model_rej': 0} 2189s
    ... {'checks': 17650000, 'confl': 1507390, 'model_rej': 0} 2199s
    ... {'checks': 17700000, 'confl': 1510017, 'model_rej': 0} 2211s
    ... {'checks': 17750000, 'confl': 1513445, 'model_rej': 0} 2220s
    ... {'checks': 17800000, 'confl': 1517382, 'model_rej': 0} 2229s
    ... {'checks': 17850000, 'confl': 1521603, 'model_rej': 0} 2346s
    ... {'checks': 17900000, 'confl': 1526247, 'model_rej': 0} 2360s
    ... {'checks': 17950000, 'confl': 1530707, 'model_rej': 0} 2365s
    ... {'checks': 18000000, 'confl': 1533248, 'model_rej': 0} 2370s
    ... {'checks': 18050000, 'confl': 1535068, 'model_rej': 0} 2374s
    ... {'checks': 18100000, 'confl': 1536649, 'model_rej': 0} 2381s
    ... {'checks': 18150000, 'confl': 1538134, 'model_rej': 0} 2385s
    ... {'checks': 18200000, 'confl': 1539802, 'model_rej': 0} 2390s
    ... {'checks': 18250000, 'confl': 1541540, 'model_rej': 0} 2394s
    ... {'checks': 18300000, 'confl': 1544563, 'model_rej': 0} 2401s
    ... {'checks': 18350000, 'confl': 1549189, 'model_rej': 0} 2411s
    ... {'checks': 18400000, 'confl': 1552840, 'model_rej': 0} 2422s
    ... {'checks': 18450000, 'confl': 1556605, 'model_rej': 0} 2432s
    ... {'checks': 18500000, 'confl': 1559774, 'model_rej': 0} 2443s
    ... {'checks': 18550000, 'confl': 1562771, 'model_rej': 0} 2454s
    ... {'checks': 18600000, 'confl': 1565370, 'model_rej': 0} 2464s
    ... {'checks': 18650000, 'confl': 1568345, 'model_rej': 0} 2475s
    ... {'checks': 18700000, 'confl': 1571845, 'model_rej': 0} 2485s
    ... {'checks': 18750000, 'confl': 1574598, 'model_rej': 0} 2495s
    ... {'checks': 18800000, 'confl': 1577839, 'model_rej': 0} 2505s
    ... {'checks': 18850000, 'confl': 1581243, 'model_rej': 0} 2573s
    ... {'checks': 18900000, 'confl': 1583531, 'model_rej': 0} 2583s
    ... {'checks': 18950000, 'confl': 1586129, 'model_rej': 0} 2594s
    ... {'checks': 19000000, 'confl': 1589412, 'model_rej': 0} 2605s
    ... {'checks': 19050000, 'confl': 1591956, 'model_rej': 0} 2617s
    ... {'checks': 19100000, 'confl': 1594651, 'model_rej': 0} 2628s
    ... {'checks': 19150000, 'confl': 1596553, 'model_rej': 0} 2636s
    ... {'checks': 19200000, 'confl': 1598298, 'model_rej': 0} 2640s
    ... {'checks': 19250000, 'confl': 1599912, 'model_rej': 0} 2645s
    ... {'checks': 19300000, 'confl': 1601176, 'model_rej': 0} 2650s
    ... {'checks': 19350000, 'confl': 1603535, 'model_rej': 0} 2662s
    ... {'checks': 19400000, 'confl': 1606957, 'model_rej': 0} 2672s
    ... {'checks': 19450000, 'confl': 1609504, 'model_rej': 0} 2681s
    ... {'checks': 19500000, 'confl': 1612197, 'model_rej': 0} 2689s
    ... {'checks': 19550000, 'confl': 1614322, 'model_rej': 0} 2697s
    ... {'checks': 19600000, 'confl': 1616608, 'model_rej': 0} 2705s
    ... {'checks': 19650000, 'confl': 1618949, 'model_rej': 0} 2712s
    ... {'checks': 19700000, 'confl': 1620854, 'model_rej': 0} 2720s
    ... {'checks': 19750000, 'confl': 1622009, 'model_rej': 0} 2727s
    ... {'checks': 19800000, 'confl': 1624159, 'model_rej': 0} 2756s
    ... {'checks': 19850000, 'confl': 1626700, 'model_rej': 0} 2767s
    ... {'checks': 19900000, 'confl': 1628601, 'model_rej': 0} 2779s
    ... {'checks': 19950000, 'confl': 1630320, 'model_rej': 0} 2790s
    ... {'checks': 20000000, 'confl': 1632131, 'model_rej': 0} 2801s
    ... {'checks': 20050000, 'confl': 1633669, 'model_rej': 0} 2812s
    ... {'checks': 20100000, 'confl': 1635565, 'model_rej': 0} 2824s
    ... {'checks': 20150000, 'confl': 1637908, 'model_rej': 0} 2836s
    ... {'checks': 20200000, 'confl': 1640460, 'model_rej': 0} 2848s
    ... {'checks': 20250000, 'confl': 1643555, 'model_rej': 0} 2859s
    ... {'checks': 20300000, 'confl': 1646540, 'model_rej': 0} 2870s
    ... {'checks': 20350000, 'confl': 1649683, 'model_rej': 0} 2883s
    ... {'checks': 20400000, 'confl': 1652051, 'model_rej': 0} 2896s
    ... {'checks': 20450000, 'confl': 1654599, 'model_rej': 0} 2908s
    ... {'checks': 20500000, 'confl': 1656786, 'model_rej': 0} 2919s
    ... {'checks': 20550000, 'confl': 1658864, 'model_rej': 0} 2929s
    ... {'checks': 20600000, 'confl': 1661318, 'model_rej': 0} 2940s
    ... {'checks': 20650000, 'confl': 1664150, 'model_rej': 0} 2953s
    ... {'checks': 20700000, 'confl': 1666977, 'model_rej': 0} 2966s
    ... {'checks': 20750000, 'confl': 1669066, 'model_rej': 0} 2987s
    ... {'checks': 20800000, 'confl': 1671556, 'model_rej': 0} 3001s
    ... {'checks': 20850000, 'confl': 1674203, 'model_rej': 0} 3013s
    ... {'checks': 20900000, 'confl': 1675890, 'model_rej': 0} 3027s
    ... {'checks': 20950000, 'confl': 1678285, 'model_rej': 0} 3040s
    ... {'checks': 21000000, 'confl': 1680377, 'model_rej': 0} 3053s
    ... {'checks': 21050000, 'confl': 1682953, 'model_rej': 0} 3064s
    ... {'checks': 21100000, 'confl': 1685086, 'model_rej': 0} 3077s
    ... {'checks': 21150000, 'confl': 1686931, 'model_rej': 0} 3089s
    ... {'checks': 21200000, 'confl': 1689040, 'model_rej': 0} 3103s
    ... {'checks': 21250000, 'confl': 1690964, 'model_rej': 0} 3116s
    ... {'checks': 21300000, 'confl': 1692223, 'model_rej': 0} 3128s
    ... {'checks': 21350000, 'confl': 1694111, 'model_rej': 0} 3140s
    ... {'checks': 21400000, 'confl': 1695587, 'model_rej': 0} 3154s
    ... {'checks': 21450000, 'confl': 1697200, 'model_rej': 0} 3165s
    ... {'checks': 21500000, 'confl': 1699762, 'model_rej': 0} 3175s
    ... {'checks': 21550000, 'confl': 1701365, 'model_rej': 0} 3187s
    ... {'checks': 21600000, 'confl': 1703352, 'model_rej': 0} 3199s
    ... {'checks': 21650000, 'confl': 1705125, 'model_rej': 0} 3212s
    ... {'checks': 21700000, 'confl': 1706822, 'model_rej': 0} 3224s
    ... {'checks': 21750000, 'confl': 1707889, 'model_rej': 0} 3236s
    ... {'checks': 21800000, 'confl': 1708962, 'model_rej': 0} 3248s
    ... {'checks': 21850000, 'confl': 1710054, 'model_rej': 0} 3261s
    ... {'checks': 21900000, 'confl': 1711122, 'model_rej': 0} 3273s
    ... {'checks': 21950000, 'confl': 1712336, 'model_rej': 0} 3285s
    ... {'checks': 22000000, 'confl': 1713814, 'model_rej': 0} 3298s
    ... {'checks': 22050000, 'confl': 1715078, 'model_rej': 0} 3311s
    ... {'checks': 22100000, 'confl': 1716429, 'model_rej': 0} 3322s
    ... {'checks': 22150000, 'confl': 1719051, 'model_rej': 0} 3332s
    ... {'checks': 22200000, 'confl': 1719997, 'model_rej': 0} 3345s
    ... {'checks': 22250000, 'confl': 1721053, 'model_rej': 0} 3358s
    ... {'checks': 22300000, 'confl': 1722540, 'model_rej': 0} 3373s
    ... {'checks': 22350000, 'confl': 1723440, 'model_rej': 0} 3384s
    ... {'checks': 22400000, 'confl': 1724051, 'model_rej': 0} 3397s
    ... {'checks': 22450000, 'confl': 1724535, 'model_rej': 0} 3410s
    ... {'checks': 22500000, 'confl': 1725670, 'model_rej': 0} 3423s
    ... {'checks': 22550000, 'confl': 1726955, 'model_rej': 0} 3436s
    ... {'checks': 22600000, 'confl': 1728502, 'model_rej': 0} 3451s
    ... {'checks': 22650000, 'confl': 1730163, 'model_rej': 0} 3464s
    ... {'checks': 22700000, 'confl': 1732011, 'model_rej': 0} 3475s
    ... {'checks': 22750000, 'confl': 1733610, 'model_rej': 0} 3488s
    ... {'checks': 22800000, 'confl': 1735601, 'model_rej': 0} 3501s
    ... {'checks': 22850000, 'confl': 1737744, 'model_rej': 0} 3512s
    ... {'checks': 22900000, 'confl': 1739523, 'model_rej': 0} 3524s
    ... {'checks': 22950000, 'confl': 1740868, 'model_rej': 0} 3535s
    ... {'checks': 23000000, 'confl': 1742281, 'model_rej': 0} 3548s
    ... {'checks': 23050000, 'confl': 1743108, 'model_rej': 0} 3560s
    ... {'checks': 23100000, 'confl': 1743991, 'model_rej': 0} 3572s
    ... {'checks': 23150000, 'confl': 1744657, 'model_rej': 0} 3582s
    ... {'checks': 23200000, 'confl': 1746493, 'model_rej': 0} 3591s
    ... {'checks': 23250000, 'confl': 1748119, 'model_rej': 0} 3601s
    ... {'checks': 23300000, 'confl': 1750088, 'model_rej': 0} 3611s
    ... {'checks': 23350000, 'confl': 1751883, 'model_rej': 0} 3642s
    ... {'checks': 23400000, 'confl': 1753527, 'model_rej': 0} 3653s
    ... {'checks': 23450000, 'confl': 1755052, 'model_rej': 0} 3663s
    ... {'checks': 23500000, 'confl': 1758037, 'model_rej': 0} 3672s
    ... {'checks': 23550000, 'confl': 1759468, 'model_rej': 0} 3680s
    ... {'checks': 23600000, 'confl': 1761587, 'model_rej': 0} 3841s
    ... {'checks': 23650000, 'confl': 1763473, 'model_rej': 0} 3850s
    ... {'checks': 23700000, 'confl': 1765447, 'model_rej': 0} 3860s
    ... {'checks': 23750000, 'confl': 1767921, 'model_rej': 0} 3870s
    ... {'checks': 23800000, 'confl': 1770107, 'model_rej': 0} 3881s
    ... {'checks': 23850000, 'confl': 1772865, 'model_rej': 0} 3892s
    ... {'checks': 23900000, 'confl': 1775367, 'model_rej': 0} 3909s
    ... {'checks': 23950000, 'confl': 1777224, 'model_rej': 0} 3927s
    ... {'checks': 24000000, 'confl': 1778955, 'model_rej': 0} 3943s
    ... {'checks': 24050000, 'confl': 1780890, 'model_rej': 0} 3955s
    ... {'checks': 24100000, 'confl': 1782423, 'model_rej': 0} 3966s
    ... {'checks': 24150000, 'confl': 1783846, 'model_rej': 0} 3979s
    ... {'checks': 24200000, 'confl': 1785995, 'model_rej': 0} 3991s
    ... {'checks': 24250000, 'confl': 1787931, 'model_rej': 0} 4003s
    ... {'checks': 24300000, 'confl': 1790024, 'model_rej': 0} 4016s
    ... {'checks': 24350000, 'confl': 1791761, 'model_rej': 0} 4038s
    ... {'checks': 24400000, 'confl': 1793357, 'model_rej': 0} 4052s
    ... {'checks': 24450000, 'confl': 1795116, 'model_rej': 0} 4068s
    ... {'checks': 24500000, 'confl': 1796960, 'model_rej': 0} 4078s
    ... {'checks': 24550000, 'confl': 1798522, 'model_rej': 0} 4091s
    ... {'checks': 24600000, 'confl': 1799427, 'model_rej': 0} 4104s
    ... {'checks': 24650000, 'confl': 1800814, 'model_rej': 0} 4118s
    ... {'checks': 24700000, 'confl': 1802051, 'model_rej': 0} 4130s
    ... {'checks': 24750000, 'confl': 1803249, 'model_rej': 0} 4145s
    ... {'checks': 24800000, 'confl': 1804303, 'model_rej': 0} 4159s
    ... {'checks': 24850000, 'confl': 1805126, 'model_rej': 0} 4173s
    ... {'checks': 24900000, 'confl': 1805854, 'model_rej': 0} 4185s
    ... {'checks': 24950000, 'confl': 1806750, 'model_rej': 0} 4197s
    ... {'checks': 25000000, 'confl': 1807913, 'model_rej': 0} 4211s
    ... {'checks': 25050000, 'confl': 1809437, 'model_rej': 0} 4224s
    ... {'checks': 25100000, 'confl': 1810477, 'model_rej': 0} 4237s
    ... {'checks': 25150000, 'confl': 1811212, 'model_rej': 0} 4250s
    ... {'checks': 25200000, 'confl': 1811918, 'model_rej': 0} 4263s
    ... {'checks': 25250000, 'confl': 1812748, 'model_rej': 0} 4277s
    ... {'checks': 25300000, 'confl': 1814591, 'model_rej': 0} 4290s
    ... {'checks': 25350000, 'confl': 1816173, 'model_rej': 0} 4301s
    ... {'checks': 25400000, 'confl': 1817875, 'model_rej': 0} 4321s
    ... {'checks': 25450000, 'confl': 1819522, 'model_rej': 0} 4334s
    ... {'checks': 25500000, 'confl': 1821134, 'model_rej': 0} 4345s
    ... {'checks': 25550000, 'confl': 1823103, 'model_rej': 0} 4358s
    ... {'checks': 25600000, 'confl': 1824422, 'model_rej': 0} 4372s
    ... {'checks': 25650000, 'confl': 1826540, 'model_rej': 0} 4387s
    ... {'checks': 25700000, 'confl': 1828318, 'model_rej': 0} 4402s
    ... {'checks': 25750000, 'confl': 1829926, 'model_rej': 0} 4416s
    ... {'checks': 25800000, 'confl': 1831938, 'model_rej': 0} 4429s
    ... {'checks': 25850000, 'confl': 1833184, 'model_rej': 0} 4445s
    ... {'checks': 25900000, 'confl': 1835211, 'model_rej': 0} 4457s
    ... {'checks': 25950000, 'confl': 1836926, 'model_rej': 0} 4467s
    ... {'checks': 26000000, 'confl': 1838464, 'model_rej': 0} 4479s
    ... {'checks': 26050000, 'confl': 1839737, 'model_rej': 0} 4488s
    ... {'checks': 26100000, 'confl': 1840931, 'model_rej': 0} 4499s
    ... {'checks': 26150000, 'confl': 1842181, 'model_rej': 0} 4511s
    ... {'checks': 26200000, 'confl': 1843498, 'model_rej': 0} 4522s
    ... {'checks': 26250000, 'confl': 1844654, 'model_rej': 0} 4533s
    ... {'checks': 26300000, 'confl': 1845990, 'model_rej': 0} 4544s
    ... {'checks': 26350000, 'confl': 1847388, 'model_rej': 0} 4556s
    ... {'checks': 26400000, 'confl': 1848321, 'model_rej': 0} 4567s
    ... {'checks': 26450000, 'confl': 1848872, 'model_rej': 0} 4578s
    ... {'checks': 26500000, 'confl': 1849159, 'model_rej': 0} 4587s
    ... {'checks': 26550000, 'confl': 1849482, 'model_rej': 0} 4596s
    ... {'checks': 26600000, 'confl': 1849912, 'model_rej': 0} 4604s
    ... {'checks': 26650000, 'confl': 1851415, 'model_rej': 0} 4612s
    ... {'checks': 26700000, 'confl': 1852530, 'model_rej': 0} 4620s
    ... {'checks': 26750000, 'confl': 1853526, 'model_rej': 0} 4630s
    ... {'checks': 26800000, 'confl': 1854872, 'model_rej': 0} 4643s
    ... {'checks': 26850000, 'confl': 1856009, 'model_rej': 0} 4656s
    ... {'checks': 26900000, 'confl': 1857167, 'model_rej': 0} 4669s
    ... {'checks': 26950000, 'confl': 1858110, 'model_rej': 0} 4682s
    ... {'checks': 27000000, 'confl': 1858890, 'model_rej': 0} 4698s
    ... {'checks': 27050000, 'confl': 1859885, 'model_rej': 0} 4710s
    ... {'checks': 27100000, 'confl': 1860753, 'model_rej': 0} 4721s
    ... {'checks': 27150000, 'confl': 1861459, 'model_rej': 0} 4731s
    ... {'checks': 27200000, 'confl': 1862694, 'model_rej': 0} 4770s
    ... {'checks': 27250000, 'confl': 1863648, 'model_rej': 0} 4783s
    ... {'checks': 27300000, 'confl': 1864888, 'model_rej': 0} 4798s
    ... {'checks': 27350000, 'confl': 1866839, 'model_rej': 0} 4812s
    ... {'checks': 27400000, 'confl': 1868474, 'model_rej': 0} 4827s
    ... {'checks': 27450000, 'confl': 1870135, 'model_rej': 0} 4841s
    ... {'checks': 27500000, 'confl': 1872151, 'model_rej': 0} 4854s
    ... {'checks': 27550000, 'confl': 1874796, 'model_rej': 0} 4869s
    ... {'checks': 27600000, 'confl': 1876887, 'model_rej': 0} 4883s
    ... {'checks': 27650000, 'confl': 1878944, 'model_rej': 0} 4896s
    ... {'checks': 27700000, 'confl': 1880676, 'model_rej': 0} 4909s
    ... {'checks': 27750000, 'confl': 1882053, 'model_rej': 0} 4922s
    ... {'checks': 27800000, 'confl': 1883903, 'model_rej': 0} 4937s
    ... {'checks': 27850000, 'confl': 1885712, 'model_rej': 0} 4952s
    ... {'checks': 27900000, 'confl': 1887762, 'model_rej': 0} 4965s
    ... {'checks': 27950000, 'confl': 1889748, 'model_rej': 0} 4975s
    ... {'checks': 28000000, 'confl': 1891322, 'model_rej': 0} 4985s
    ... {'checks': 28050000, 'confl': 1893303, 'model_rej': 0} 4996s
    ... {'checks': 28100000, 'confl': 1895206, 'model_rej': 0} 5007s
    ... {'checks': 28150000, 'confl': 1897135, 'model_rej': 0} 5019s
    ... {'checks': 28200000, 'confl': 1899580, 'model_rej': 0} 5029s
    ... {'checks': 28250000, 'confl': 1901076, 'model_rej': 0} 5042s
    ... {'checks': 28300000, 'confl': 1902390, 'model_rej': 0} 5080s
    ... {'checks': 28350000, 'confl': 1904101, 'model_rej': 0} 5092s
    ... {'checks': 28400000, 'confl': 1905930, 'model_rej': 0} 5105s
    ... {'checks': 28450000, 'confl': 1907548, 'model_rej': 0} 5117s
    ... {'checks': 28500000, 'confl': 1908939, 'model_rej': 0} 5129s
    ... {'checks': 28550000, 'confl': 1910737, 'model_rej': 0} 5143s
    ... {'checks': 28600000, 'confl': 1912219, 'model_rej': 0} 5155s
    ... {'checks': 28650000, 'confl': 1913523, 'model_rej': 0} 5167s
    ... {'checks': 28700000, 'confl': 1915168, 'model_rej': 0} 5181s
    ... {'checks': 28750000, 'confl': 1916616, 'model_rej': 0} 5195s
    ... {'checks': 28800000, 'confl': 1918032, 'model_rej': 0} 5209s
    ... {'checks': 28850000, 'confl': 1919100, 'model_rej': 0} 5384s
    ... {'checks': 28900000, 'confl': 1920045, 'model_rej': 0} 5397s
    ... {'checks': 28950000, 'confl': 1921674, 'model_rej': 0} 5410s
    ... {'checks': 29000000, 'confl': 1923009, 'model_rej': 0} 5424s
    ... {'checks': 29050000, 'confl': 1924089, 'model_rej': 0} 5437s
    ... {'checks': 29100000, 'confl': 1924951, 'model_rej': 0} 5451s
    ... {'checks': 29150000, 'confl': 1925975, 'model_rej': 0} 5466s
    ... {'checks': 29200000, 'confl': 1927485, 'model_rej': 0} 5482s
    ... {'checks': 29250000, 'confl': 1928494, 'model_rej': 0} 5497s
    ... {'checks': 29300000, 'confl': 1929346, 'model_rej': 0} 5510s
    ... {'checks': 29350000, 'confl': 1930363, 'model_rej': 0} 5524s
    ... {'checks': 29400000, 'confl': 1931695, 'model_rej': 0} 5535s
    ... {'checks': 29450000, 'confl': 1932700, 'model_rej': 0} 5548s
    ... {'checks': 29500000, 'confl': 1934243, 'model_rej': 0} 5563s
    ... {'checks': 29550000, 'confl': 1935881, 'model_rej': 0} 5578s
    ... {'checks': 29600000, 'confl': 1936701, 'model_rej': 0} 5592s
    ... {'checks': 29650000, 'confl': 1937427, 'model_rej': 0} 5607s
    ... {'checks': 29700000, 'confl': 1938385, 'model_rej': 0} 5621s
    ... {'checks': 29750000, 'confl': 1939627, 'model_rej': 0} 5639s
    ... {'checks': 29800000, 'confl': 1940469, 'model_rej': 0} 5653s
    ... {'checks': 29850000, 'confl': 1941506, 'model_rej': 0} 5669s
    ... {'checks': 29900000, 'confl': 1942736, 'model_rej': 0} 5683s
    ... {'checks': 29950000, 'confl': 1943431, 'model_rej': 0} 5697s
    ... {'checks': 30000000, 'confl': 1944083, 'model_rej': 0} 5711s
    ... {'checks': 30050000, 'confl': 1944764, 'model_rej': 0} 5725s
    ... {'checks': 30100000, 'confl': 1945164, 'model_rej': 0} 5742s
    ... {'checks': 30150000, 'confl': 1945409, 'model_rej': 0} 5757s
    ... {'checks': 30200000, 'confl': 1945925, 'model_rej': 0} 5772s
    ... {'checks': 30250000, 'confl': 1946270, 'model_rej': 0} 5786s
    ... {'checks': 30300000, 'confl': 1946491, 'model_rej': 0} 5801s
    ... {'checks': 30350000, 'confl': 1946750, 'model_rej': 0} 5815s
    ... {'checks': 30400000, 'confl': 1947126, 'model_rej': 0} 5830s
    ... {'checks': 30450000, 'confl': 1947494, 'model_rej': 0} 5845s
    ... {'checks': 30500000, 'confl': 1947611, 'model_rej': 0} 5860s
    ... {'checks': 30550000, 'confl': 1947780, 'model_rej': 0} 5876s
    ... {'checks': 30600000, 'confl': 1948588, 'model_rej': 0} 5893s
    ... {'checks': 30650000, 'confl': 1950271, 'model_rej': 0} 5908s
    ... {'checks': 30700000, 'confl': 1951224, 'model_rej': 0} 6034s
    ... {'checks': 30750000, 'confl': 1951684, 'model_rej': 0} 6049s
    ... {'checks': 30800000, 'confl': 1952472, 'model_rej': 0} 6063s
    ... {'checks': 30850000, 'confl': 1953514, 'model_rej': 0} 6078s
    ... {'checks': 30900000, 'confl': 1954531, 'model_rej': 0} 6092s
    ... {'checks': 30950000, 'confl': 1955320, 'model_rej': 0} 6106s
    ... {'checks': 31000000, 'confl': 1957704, 'model_rej': 0} 6119s
    ... {'checks': 31050000, 'confl': 1959466, 'model_rej': 0} 6132s
    ... {'checks': 31100000, 'confl': 1960508, 'model_rej': 0} 6147s
    ... {'checks': 31150000, 'confl': 1961385, 'model_rej': 0} 6161s
    ... {'checks': 31200000, 'confl': 1962436, 'model_rej': 0} 6176s
    ... {'checks': 31250000, 'confl': 1963433, 'model_rej': 0} 6193s
    ... {'checks': 31300000, 'confl': 1964513, 'model_rej': 0} 6209s
    ... {'checks': 31350000, 'confl': 1965573, 'model_rej': 0} 6223s
    ... {'checks': 31400000, 'confl': 1966829, 'model_rej': 0} 6237s
    ... {'checks': 31450000, 'confl': 1968473, 'model_rej': 0} 6250s
    ... {'checks': 31500000, 'confl': 1969651, 'model_rej': 0} 6265s
    ... {'checks': 31550000, 'confl': 1971324, 'model_rej': 0} 6279s
    ... {'checks': 31600000, 'confl': 1972182, 'model_rej': 0} 6293s
    ... {'checks': 31650000, 'confl': 1973128, 'model_rej': 0} 6308s
    ... {'checks': 31700000, 'confl': 1974616, 'model_rej': 0} 6321s
    ... {'checks': 31750000, 'confl': 1975918, 'model_rej': 0} 6335s
    ... {'checks': 31800000, 'confl': 1976881, 'model_rej': 0} 6349s
    ... {'checks': 31850000, 'confl': 1977719, 'model_rej': 0} 6364s
    ... {'checks': 31900000, 'confl': 1978566, 'model_rej': 0} 6380s
    ... {'checks': 31950000, 'confl': 1979126, 'model_rej': 0} 6394s
    ... {'checks': 32000000, 'confl': 1979455, 'model_rej': 0} 6407s
    ... {'checks': 32050000, 'confl': 1979910, 'model_rej': 0} 6420s
    ... {'checks': 32100000, 'confl': 1980237, 'model_rej': 0} 6434s
    ... {'checks': 32150000, 'confl': 1980624, 'model_rej': 0} 6447s
    ... {'checks': 32200000, 'confl': 1981330, 'model_rej': 0} 6460s
    ... {'checks': 32250000, 'confl': 1982576, 'model_rej': 0} 6474s
    ... {'checks': 32300000, 'confl': 1984095, 'model_rej': 0} 6488s
    ... {'checks': 32350000, 'confl': 1986118, 'model_rej': 0} 6502s
    ... {'checks': 32400000, 'confl': 1988075, 'model_rej': 0} 6517s
    ... {'checks': 32450000, 'confl': 1989270, 'model_rej': 0} 6532s
    ... {'checks': 32500000, 'confl': 1989721, 'model_rej': 0} 6546s
    ... {'checks': 32550000, 'confl': 1990811, 'model_rej': 0} 6562s
    ... {'checks': 32600000, 'confl': 1992035, 'model_rej': 0} 6577s
    ... {'checks': 32650000, 'confl': 1993594, 'model_rej': 0} 6591s
    ... {'checks': 32700000, 'confl': 1994893, 'model_rej': 0} 6603s
    ... {'checks': 32750000, 'confl': 1996768, 'model_rej': 0} 6617s
    ... {'checks': 32800000, 'confl': 1998221, 'model_rej': 0} 6631s
    ... {'checks': 32850000, 'confl': 1999452, 'model_rej': 0} 6645s
    ... {'checks': 32900000, 'confl': 2000486, 'model_rej': 0} 6659s
    ... {'checks': 32950000, 'confl': 2000794, 'model_rej': 0} 6675s
    ... {'checks': 33000000, 'confl': 2001279, 'model_rej': 0} 6689s
    ... {'checks': 33050000, 'confl': 2001730, 'model_rej': 0} 6701s
    ... {'checks': 33100000, 'confl': 2005865, 'model_rej': 0} 6709s
    ... {'checks': 33150000, 'confl': 2008432, 'model_rej': 0} 6722s
    ... {'checks': 33200000, 'confl': 2009752, 'model_rej': 0} 6733s
    ... {'checks': 33250000, 'confl': 2012524, 'model_rej': 0} 6744s
    ... {'checks': 33300000, 'confl': 2016036, 'model_rej': 0} 6759s
    ... {'checks': 33350000, 'confl': 2017566, 'model_rej': 0} 6775s
    ... {'checks': 33400000, 'confl': 2020262, 'model_rej': 0} 6788s
    ... {'checks': 33450000, 'confl': 2023346, 'model_rej': 0} 6804s
    ... {'checks': 33500000, 'confl': 2026809, 'model_rej': 0} 6821s
    ... {'checks': 33550000, 'confl': 2029507, 'model_rej': 0} 6835s
    ... {'checks': 33600000, 'confl': 2031888, 'model_rej': 0} 6853s
    ... {'checks': 33650000, 'confl': 2033557, 'model_rej': 0} 6863s
    ... {'checks': 33700000, 'confl': 2034883, 'model_rej': 0} 6870s
    ... {'checks': 33750000, 'confl': 2037995, 'model_rej': 0} 6887s
    ... {'checks': 33800000, 'confl': 2039948, 'model_rej': 0} 6899s
    ... {'checks': 33850000, 'confl': 2043577, 'model_rej': 0} 6906s
    ... {'checks': 33900000, 'confl': 2046398, 'model_rej': 0} 6929s
    ... {'checks': 33950000, 'confl': 2049610, 'model_rej': 0} 6948s
    ... {'checks': 34000000, 'confl': 2053488, 'model_rej': 0} 6970s
    ... {'checks': 34050000, 'confl': 2056196, 'model_rej': 0} 6983s
    ... {'checks': 34100000, 'confl': 2056443, 'model_rej': 0} 6992s
    ... {'checks': 34150000, 'confl': 2059247, 'model_rej': 0} 7008s
    ... {'checks': 34200000, 'confl': 2061484, 'model_rej': 0} 7021s
    ... {'checks': 34250000, 'confl': 2064476, 'model_rej': 0} 7037s
    ... {'checks': 34300000, 'confl': 2066963, 'model_rej': 0} 7125s
    ... {'checks': 34350000, 'confl': 2070650, 'model_rej': 0} 7145s
    ... {'checks': 34400000, 'confl': 2074440, 'model_rej': 0} 7162s
    ... {'checks': 34450000, 'confl': 2075616, 'model_rej': 0} 7170s
    ... {'checks': 34500000, 'confl': 2078177, 'model_rej': 0} 7178s
    ... {'checks': 34550000, 'confl': 2080412, 'model_rej': 0} 7184s
    ... {'checks': 34600000, 'confl': 2082097, 'model_rej': 0} 7192s
    ... {'checks': 34650000, 'confl': 2086146, 'model_rej': 0} 7207s
    ... {'checks': 34700000, 'confl': 2087879, 'model_rej': 0} 7212s
    ... {'checks': 34750000, 'confl': 2090308, 'model_rej': 0} 7218s
    ... {'checks': 34800000, 'confl': 2092067, 'model_rej': 0} 7223s
    ... {'checks': 34850000, 'confl': 2094311, 'model_rej': 0} 7228s
    ... {'checks': 34900000, 'confl': 2096270, 'model_rej': 0} 7235s
    ... {'checks': 34950000, 'confl': 2097914, 'model_rej': 0} 7243s
    ... {'checks': 35000000, 'confl': 2101016, 'model_rej': 0} 7261s
    ... {'checks': 35050000, 'confl': 2104070, 'model_rej': 0} 7268s
    ... {'checks': 35100000, 'confl': 2107079, 'model_rej': 0} 7286s
    ... {'checks': 35150000, 'confl': 2111014, 'model_rej': 0} 7301s
    ... {'checks': 35200000, 'confl': 2114637, 'model_rej': 0} 7320s
    ... {'checks': 35250000, 'confl': 2116847, 'model_rej': 0} 7326s
    ... {'checks': 35300000, 'confl': 2119716, 'model_rej': 0} 7330s
    ... {'checks': 35350000, 'confl': 2122338, 'model_rej': 0} 7343s
    ... {'checks': 35400000, 'confl': 2125165, 'model_rej': 0} 7348s
    ... {'checks': 35450000, 'confl': 2128268, 'model_rej': 0} 7353s
    ... {'checks': 35500000, 'confl': 2131084, 'model_rej': 0} 7358s
    ... {'checks': 35550000, 'confl': 2133363, 'model_rej': 0} 7363s
    ... {'checks': 35600000, 'confl': 2136035, 'model_rej': 0} 7377s
    ... {'checks': 35650000, 'confl': 2139320, 'model_rej': 0} 7394s
    ... {'checks': 35700000, 'confl': 2142130, 'model_rej': 0} 7412s
    ... {'checks': 35750000, 'confl': 2144999, 'model_rej': 0} 7428s
    ... {'checks': 35800000, 'confl': 2145567, 'model_rej': 0} 7441s
    ... {'checks': 35850000, 'confl': 2148255, 'model_rej': 0} 7462s
    ... {'checks': 35900000, 'confl': 2149509, 'model_rej': 0} 7467s
    ... {'checks': 35950000, 'confl': 2151135, 'model_rej': 0} 7472s
    ... {'checks': 36000000, 'confl': 2152566, 'model_rej': 0} 7480s
    ... {'checks': 36050000, 'confl': 2153751, 'model_rej': 0} 7485s
    ... {'checks': 36100000, 'confl': 2157103, 'model_rej': 0} 7506s
    ... {'checks': 36150000, 'confl': 2159680, 'model_rej': 0} 7521s
    ... {'checks': 36200000, 'confl': 2161852, 'model_rej': 0} 7532s
    ... {'checks': 36250000, 'confl': 2165056, 'model_rej': 0} 7549s
    ... {'checks': 36300000, 'confl': 2166684, 'model_rej': 0} 7565s
    ... {'checks': 36350000, 'confl': 2170414, 'model_rej': 0} 7589s
    ... {'checks': 36400000, 'confl': 2174005, 'model_rej': 0} 7608s
    ... {'checks': 36450000, 'confl': 2178149, 'model_rej': 0} 7624s
    ... {'checks': 36500000, 'confl': 2181299, 'model_rej': 0} 7643s
    ... {'checks': 36550000, 'confl': 2184232, 'model_rej': 0} 7655s
    ... {'checks': 36600000, 'confl': 2188126, 'model_rej': 0} 7659s
    ... {'checks': 36650000, 'confl': 2191602, 'model_rej': 0} 7669s
    ... {'checks': 36700000, 'confl': 2195385, 'model_rej': 0} 7681s
    ... {'checks': 36750000, 'confl': 2198225, 'model_rej': 0} 7699s
    ... {'checks': 36800000, 'confl': 2202339, 'model_rej': 0} 7719s
    ... {'checks': 36850000, 'confl': 2204417, 'model_rej': 0} 7731s
    ... {'checks': 36900000, 'confl': 2204581, 'model_rej': 0} 7736s
    ... {'checks': 36950000, 'confl': 2204952, 'model_rej': 0} 7743s
    ... {'checks': 37000000, 'confl': 2208570, 'model_rej': 0} 7759s
    ... {'checks': 37050000, 'confl': 2211310, 'model_rej': 0} 7776s
    ... {'checks': 37100000, 'confl': 2213330, 'model_rej': 0} 7787s
    ... {'checks': 37150000, 'confl': 2214192, 'model_rej': 0} 7792s
    ... {'checks': 37200000, 'confl': 2216524, 'model_rej': 0} 7810s
    ... {'checks': 37250000, 'confl': 2219054, 'model_rej': 0} 7823s
    ... {'checks': 37300000, 'confl': 2223031, 'model_rej': 0} 7841s
    ... {'checks': 37350000, 'confl': 2226394, 'model_rej': 0} 7861s
    ... {'checks': 37400000, 'confl': 2229440, 'model_rej': 0} 7880s
    ... {'checks': 37450000, 'confl': 2233659, 'model_rej': 0} 7895s
    ... {'checks': 37500000, 'confl': 2236972, 'model_rej': 0} 7903s
    ... {'checks': 37550000, 'confl': 2241119, 'model_rej': 0} 7923s
    ... {'checks': 37600000, 'confl': 2243652, 'model_rej': 0} 7942s
    ... {'checks': 37650000, 'confl': 2245887, 'model_rej': 0} 7959s
    ... {'checks': 37700000, 'confl': 2246780, 'model_rej': 0} 7967s
    ... {'checks': 37750000, 'confl': 2247613, 'model_rej': 0} 7977s
    ... {'checks': 37800000, 'confl': 2252205, 'model_rej': 0} 7995s
    ... {'checks': 37850000, 'confl': 2255052, 'model_rej': 0} 8014s
    ... {'checks': 37900000, 'confl': 2258313, 'model_rej': 0} 8035s
    ... {'checks': 37950000, 'confl': 2260876, 'model_rej': 0} 8053s
    ... {'checks': 38000000, 'confl': 2264181, 'model_rej': 0} 8073s
    ... {'checks': 38050000, 'confl': 2267050, 'model_rej': 0} 8092s
    ... {'checks': 38100000, 'confl': 2270037, 'model_rej': 0} 8098s
    ... {'checks': 38150000, 'confl': 2272350, 'model_rej': 0} 8107s
    ... {'checks': 38200000, 'confl': 2274806, 'model_rej': 0} 8123s
    ... {'checks': 38250000, 'confl': 2277136, 'model_rej': 0} 8138s
    ... {'checks': 38300000, 'confl': 2280500, 'model_rej': 0} 8155s
    ... {'checks': 38350000, 'confl': 2284838, 'model_rej': 0} 8163s
    ... {'checks': 38400000, 'confl': 2288666, 'model_rej': 0} 8178s
    ... {'checks': 38450000, 'confl': 2290572, 'model_rej': 0} 8197s
    ... {'checks': 38500000, 'confl': 2290893, 'model_rej': 0} 8210s
    ... {'checks': 38550000, 'confl': 2293672, 'model_rej': 0} 8232s
    ... {'checks': 38600000, 'confl': 2295177, 'model_rej': 0} 8249s
    ... {'checks': 38650000, 'confl': 2298479, 'model_rej': 0} 8269s
    ... {'checks': 38700000, 'confl': 2302810, 'model_rej': 0} 8290s
    ... {'checks': 38750000, 'confl': 2305723, 'model_rej': 0} 8310s
    ... {'checks': 38800000, 'confl': 2307822, 'model_rej': 0} 8318s
    ... {'checks': 38850000, 'confl': 2311404, 'model_rej': 0} 8340s
    ... {'checks': 38900000, 'confl': 2313736, 'model_rej': 0} 8359s
    ... {'checks': 38950000, 'confl': 2314696, 'model_rej': 0} 8371s
    ... {'checks': 39000000, 'confl': 2315296, 'model_rej': 0} 8382s
    ... {'checks': 39050000, 'confl': 2318829, 'model_rej': 0} 8399s
    ... {'checks': 39100000, 'confl': 2322479, 'model_rej': 0} 8414s
    ... {'checks': 39150000, 'confl': 2325314, 'model_rej': 0} 8436s
    ... {'checks': 39200000, 'confl': 2329212, 'model_rej': 0} 8461s
    ... {'checks': 39250000, 'confl': 2332524, 'model_rej': 0} 8465s
    ... {'checks': 39300000, 'confl': 2335036, 'model_rej': 0} 8470s
    ... {'checks': 39350000, 'confl': 2336653, 'model_rej': 0} 8475s
    ... {'checks': 39400000, 'confl': 2338799, 'model_rej': 0} 8495s
    ... {'checks': 39450000, 'confl': 2340593, 'model_rej': 0} 8502s
    ... {'checks': 39500000, 'confl': 2342488, 'model_rej': 0} 8517s
    ... {'checks': 39550000, 'confl': 2344314, 'model_rej': 0} 8531s
    ... {'checks': 39600000, 'confl': 2344905, 'model_rej': 0} 8542s
    ... {'checks': 39650000, 'confl': 2347098, 'model_rej': 0} 8552s
    ... {'checks': 39700000, 'confl': 2348970, 'model_rej': 0} 8562s
    ... {'checks': 39750000, 'confl': 2350905, 'model_rej': 0} 8572s
    ... {'checks': 39800000, 'confl': 2352827, 'model_rej': 0} 8590s
    ... {'checks': 39850000, 'confl': 2352943, 'model_rej': 0} 8598s
    ... {'checks': 39900000, 'confl': 2355532, 'model_rej': 0} 8620s
    ... {'checks': 39950000, 'confl': 2357855, 'model_rej': 0} 8634s
    ... {'checks': 40000000, 'confl': 2358954, 'model_rej': 0} 8640s
    ... {'checks': 40050000, 'confl': 2360272, 'model_rej': 0} 8645s
    ... {'checks': 40100000, 'confl': 2363437, 'model_rej': 0} 8665s
    ... {'checks': 40150000, 'confl': 2367095, 'model_rej': 0} 8687s
    ... {'checks': 40200000, 'confl': 2369769, 'model_rej': 0} 8713s
    ... {'checks': 40250000, 'confl': 2370995, 'model_rej': 0} 8721s
    ... {'checks': 40300000, 'confl': 2372131, 'model_rej': 0} 8728s
    ... {'checks': 40350000, 'confl': 2372918, 'model_rej': 0} 8736s
    ... {'checks': 40400000, 'confl': 2373893, 'model_rej': 0} 8744s
    ... {'checks': 40450000, 'confl': 2375219, 'model_rej': 0} 8755s
    ... {'checks': 40500000, 'confl': 2376320, 'model_rej': 0} 8762s
    ... {'checks': 40550000, 'confl': 2378988, 'model_rej': 0} 8783s
    ... {'checks': 40600000, 'confl': 2381916, 'model_rej': 0} 8805s
    ... {'checks': 40650000, 'confl': 2384820, 'model_rej': 0} 8896s
    ... {'checks': 40700000, 'confl': 2386936, 'model_rej': 0} 8905s
    ... {'checks': 40750000, 'confl': 2388929, 'model_rej': 0} 8916s
    ... {'checks': 40800000, 'confl': 2389585, 'model_rej': 0} 8932s
    ... {'checks': 40850000, 'confl': 2392616, 'model_rej': 0} 8948s
    ... {'checks': 40900000, 'confl': 2394774, 'model_rej': 0} 8963s
    ... {'checks': 40950000, 'confl': 2396055, 'model_rej': 0} 8970s
    ... {'checks': 41000000, 'confl': 2397035, 'model_rej': 0} 8977s
    ... {'checks': 41050000, 'confl': 2398237, 'model_rej': 0} 8983s
    ... {'checks': 41100000, 'confl': 2399321, 'model_rej': 0} 8989s
    ... {'checks': 41150000, 'confl': 2401383, 'model_rej': 0} 9003s
    ... {'checks': 41200000, 'confl': 2405110, 'model_rej': 0} 9018s
    ... {'checks': 41250000, 'confl': 2406168, 'model_rej': 0} 9025s
    ... {'checks': 41300000, 'confl': 2407479, 'model_rej': 0} 9034s
    ... {'checks': 41350000, 'confl': 2408536, 'model_rej': 0} 9040s
    ... {'checks': 41400000, 'confl': 2411108, 'model_rej': 0} 9048s
    ... {'checks': 41450000, 'confl': 2414150, 'model_rej': 0} 9053s
    ... {'checks': 41500000, 'confl': 2417142, 'model_rej': 0} 9208s
    ... {'checks': 41550000, 'confl': 2418753, 'model_rej': 0} 9222s
    ... {'checks': 41600000, 'confl': 2420136, 'model_rej': 0} 9231s
    ... {'checks': 41650000, 'confl': 2421373, 'model_rej': 0} 9238s
    ... {'checks': 41700000, 'confl': 2423536, 'model_rej': 0} 9253s
    ... {'checks': 41750000, 'confl': 2426091, 'model_rej': 0} 9266s
    ... {'checks': 41800000, 'confl': 2427696, 'model_rej': 0} 9278s
    ... {'checks': 41850000, 'confl': 2430040, 'model_rej': 0} 9288s
    ... {'checks': 41900000, 'confl': 2432436, 'model_rej': 0} 9300s
    ... {'checks': 41950000, 'confl': 2435537, 'model_rej': 0} 9325s
    ... {'checks': 42000000, 'confl': 2435947, 'model_rej': 0} 9333s
    ... {'checks': 42050000, 'confl': 2436416, 'model_rej': 0} 9341s
    ... {'checks': 42100000, 'confl': 2439947, 'model_rej': 0} 9357s
    ... {'checks': 42150000, 'confl': 2440859, 'model_rej': 0} 9366s
    ... {'checks': 42200000, 'confl': 2443375, 'model_rej': 0} 9386s
    ... {'checks': 42250000, 'confl': 2444699, 'model_rej': 0} 9401s
    ... {'checks': 42300000, 'confl': 2447934, 'model_rej': 0} 9412s
    ... {'checks': 42350000, 'confl': 2450298, 'model_rej': 0} 9465s
    ... {'checks': 42400000, 'confl': 2454450, 'model_rej': 0} 9479s
    ... {'checks': 42450000, 'confl': 2455328, 'model_rej': 0} 9487s
    ... {'checks': 42500000, 'confl': 2455861, 'model_rej': 0} 9494s
    ... {'checks': 42550000, 'confl': 2457146, 'model_rej': 0} 9507s
    ... {'checks': 42600000, 'confl': 2459733, 'model_rej': 0} 9527s
    ... {'checks': 42650000, 'confl': 2462025, 'model_rej': 0} 9543s
    ... {'checks': 42700000, 'confl': 2464166, 'model_rej': 0} 9555s
    ... {'checks': 42750000, 'confl': 2467273, 'model_rej': 0} 9578s
    ... {'checks': 42800000, 'confl': 2467623, 'model_rej': 0} 9583s
    ... {'checks': 42850000, 'confl': 2470643, 'model_rej': 0} 9600s
    ... {'checks': 42900000, 'confl': 2472019, 'model_rej': 0} 9612s
    ... {'checks': 42950000, 'confl': 2473709, 'model_rej': 0} 9625s
    ... {'checks': 43000000, 'confl': 2476837, 'model_rej': 0} 9645s
    ... {'checks': 43050000, 'confl': 2480374, 'model_rej': 0} 9668s
    ... {'checks': 43100000, 'confl': 2484071, 'model_rej': 0} 9689s
    ... {'checks': 43150000, 'confl': 2486881, 'model_rej': 0} 9709s
    ... {'checks': 43200000, 'confl': 2488475, 'model_rej': 0} 9720s
    ... {'checks': 43250000, 'confl': 2491328, 'model_rej': 0} 9731s
    ... {'checks': 43300000, 'confl': 2494402, 'model_rej': 0} 9743s
    ... {'checks': 43350000, 'confl': 2497080, 'model_rej': 0} 9758s
    ... {'checks': 43400000, 'confl': 2499939, 'model_rej': 0} 9781s
    ... {'checks': 43450000, 'confl': 2502569, 'model_rej': 0} 9802s
    ... {'checks': 43500000, 'confl': 2503206, 'model_rej': 0} 9812s
    ... {'checks': 43550000, 'confl': 2504007, 'model_rej': 0} 9823s
    ... {'checks': 43600000, 'confl': 2506973, 'model_rej': 0} 9841s
    ... {'checks': 43650000, 'confl': 2509356, 'model_rej': 0} 9898s
    ... {'checks': 43700000, 'confl': 2510654, 'model_rej': 0} 9913s
    ... {'checks': 43750000, 'confl': 2511407, 'model_rej': 0} 9932s
    ... {'checks': 43800000, 'confl': 2513041, 'model_rej': 0} 9950s
    ... {'checks': 43850000, 'confl': 2516449, 'model_rej': 0} 9962s
    ... {'checks': 43900000, 'confl': 2518471, 'model_rej': 0} 9973s
    ... {'checks': 43950000, 'confl': 2521478, 'model_rej': 0} 9995s
    ... {'checks': 44000000, 'confl': 2524658, 'model_rej': 0} 10016s
    ... {'checks': 44050000, 'confl': 2526234, 'model_rej': 0} 10032s
    ... {'checks': 44100000, 'confl': 2530357, 'model_rej': 0} 10051s
    ... {'checks': 44150000, 'confl': 2532941, 'model_rej': 0} 10065s
    ... {'checks': 44200000, 'confl': 2536289, 'model_rej': 0} 10083s
    ... {'checks': 44250000, 'confl': 2540076, 'model_rej': 0} 10101s
    ... {'checks': 44300000, 'confl': 2543654, 'model_rej': 0} 10124s
    ... {'checks': 44350000, 'confl': 2546166, 'model_rej': 0} 10144s
    ... {'checks': 44400000, 'confl': 2547538, 'model_rej': 0} 10162s
    ... {'checks': 44450000, 'confl': 2550964, 'model_rej': 0} 10190s
    ... {'checks': 44500000, 'confl': 2552489, 'model_rej': 0} 10197s
    ... {'checks': 44550000, 'confl': 2554555, 'model_rej': 0} 10202s
    ... {'checks': 44600000, 'confl': 2557434, 'model_rej': 0} 10216s
    ... {'checks': 44650000, 'confl': 2559598, 'model_rej': 0} 10233s
    ... {'checks': 44700000, 'confl': 2561348, 'model_rej': 0} 10249s
    ... {'checks': 44750000, 'confl': 2565110, 'model_rej': 0} 10274s
    ... {'checks': 44800000, 'confl': 2567025, 'model_rej': 0} 10280s
    ... {'checks': 44850000, 'confl': 2570717, 'model_rej': 0} 10302s
    ... {'checks': 44900000, 'confl': 2574515, 'model_rej': 0} 10317s
    ... {'checks': 44950000, 'confl': 2576208, 'model_rej': 0} 10330s
    ... {'checks': 45000000, 'confl': 2577127, 'model_rej': 0} 10342s
    ... {'checks': 45050000, 'confl': 2578601, 'model_rej': 0} 10354s
    ... {'checks': 45100000, 'confl': 2581515, 'model_rej': 0} 10375s
    ... {'checks': 45150000, 'confl': 2583285, 'model_rej': 0} 10388s
    ... {'checks': 45200000, 'confl': 2586166, 'model_rej': 0} 10412s
    ... {'checks': 45250000, 'confl': 2588725, 'model_rej': 0} 10427s
    ... {'checks': 45300000, 'confl': 2591320, 'model_rej': 0} 10447s
    ... {'checks': 45350000, 'confl': 2594017, 'model_rej': 0} 10454s
    ... {'checks': 45400000, 'confl': 2596738, 'model_rej': 0} 10473s
    ... {'checks': 45450000, 'confl': 2598770, 'model_rej': 0} 10482s
    ... {'checks': 45500000, 'confl': 2602386, 'model_rej': 0} 10503s
    ... {'checks': 45550000, 'confl': 2606345, 'model_rej': 0} 10508s
    ... {'checks': 45600000, 'confl': 2610218, 'model_rej': 0} 10519s
    ... {'checks': 45650000, 'confl': 2610571, 'model_rej': 0} 10526s
    ... {'checks': 45700000, 'confl': 2610834, 'model_rej': 0} 10533s
    ... {'checks': 45750000, 'confl': 2613852, 'model_rej': 0} 10554s
    ... {'checks': 45800000, 'confl': 2617340, 'model_rej': 0} 10572s
    ... {'checks': 45850000, 'confl': 2619989, 'model_rej': 0} 10595s
    ... {'checks': 45900000, 'confl': 2622184, 'model_rej': 0} 10612s
    ... {'checks': 45950000, 'confl': 2623639, 'model_rej': 0} 10620s
    ... {'checks': 46000000, 'confl': 2624997, 'model_rej': 0} 10625s
    ... {'checks': 46050000, 'confl': 2626124, 'model_rej': 0} 10634s
    ... {'checks': 46100000, 'confl': 2628246, 'model_rej': 0} 10649s
    ... {'checks': 46150000, 'confl': 2629491, 'model_rej': 0} 10657s
    ... {'checks': 46200000, 'confl': 2630856, 'model_rej': 0} 10666s
    ... {'checks': 46250000, 'confl': 2631885, 'model_rej': 0} 10677s
    ... {'checks': 46300000, 'confl': 2632853, 'model_rej': 0} 10692s
    ... {'checks': 46350000, 'confl': 2637610, 'model_rej': 0} 10711s
    ... {'checks': 46400000, 'confl': 2641458, 'model_rej': 0} 10739s
    ... {'checks': 46450000, 'confl': 2644366, 'model_rej': 0} 10760s
    ... {'checks': 46500000, 'confl': 2645522, 'model_rej': 0} 10766s
    ... {'checks': 46550000, 'confl': 2647030, 'model_rej': 0} 10772s
    ... {'checks': 46600000, 'confl': 2648718, 'model_rej': 0} 10787s
    ... {'checks': 46650000, 'confl': 2649672, 'model_rej': 0} 10800s
    ... {'checks': 46700000, 'confl': 2652826, 'model_rej': 0} 10830s
    ... {'checks': 46750000, 'confl': 2654838, 'model_rej': 0} 10844s
    ... {'checks': 46800000, 'confl': 2658166, 'model_rej': 0} 10871s
    ... {'checks': 46850000, 'confl': 2661884, 'model_rej': 0} 10891s
    ... {'checks': 46900000, 'confl': 2663950, 'model_rej': 0} 10907s
    ... {'checks': 46950000, 'confl': 2667335, 'model_rej': 0} 10922s
    ... {'checks': 47000000, 'confl': 2670691, 'model_rej': 0} 10936s
    ... {'checks': 47050000, 'confl': 2674370, 'model_rej': 0} 10957s
    ... {'checks': 47100000, 'confl': 2675115, 'model_rej': 0} 10975s
    ... {'checks': 47150000, 'confl': 2676870, 'model_rej': 0} 10988s
    ... {'checks': 47200000, 'confl': 2678997, 'model_rej': 0} 11000s
    ... {'checks': 47250000, 'confl': 2682539, 'model_rej': 0} 11019s
    ... {'checks': 47300000, 'confl': 2684277, 'model_rej': 0} 11041s
    ... {'checks': 47350000, 'confl': 2687149, 'model_rej': 0} 11070s
    ... {'checks': 47400000, 'confl': 2690817, 'model_rej': 0} 11090s
    ... {'checks': 47450000, 'confl': 2695017, 'model_rej': 0} 11100s
    ... {'checks': 47500000, 'confl': 2699038, 'model_rej': 0} 11133s
    ... {'checks': 47550000, 'confl': 2700779, 'model_rej': 0} 11150s
    ... {'checks': 47600000, 'confl': 2701131, 'model_rej': 0} 11160s
    ... {'checks': 47650000, 'confl': 2701402, 'model_rej': 0} 11168s
    ... {'checks': 47700000, 'confl': 2703456, 'model_rej': 0} 11182s
    ... {'checks': 47750000, 'confl': 2707148, 'model_rej': 0} 11201s
    ... {'checks': 47800000, 'confl': 2710697, 'model_rej': 0} 11230s
    ... {'checks': 47850000, 'confl': 2712820, 'model_rej': 0} 11252s
    ... {'checks': 47900000, 'confl': 2714957, 'model_rej': 0} 11267s
    ... {'checks': 47950000, 'confl': 2718003, 'model_rej': 0} 11287s
    ... {'checks': 48000000, 'confl': 2720248, 'model_rej': 0} 11296s
    ... {'checks': 48050000, 'confl': 2723492, 'model_rej': 0} 11323s
    ... {'checks': 48100000, 'confl': 2726133, 'model_rej': 0} 11344s
    ... {'checks': 48150000, 'confl': 2727272, 'model_rej': 0} 11358s
    ... {'checks': 48200000, 'confl': 2729152, 'model_rej': 0} 11379s
    ... {'checks': 48250000, 'confl': 2733757, 'model_rej': 0} 11397s
    ... {'checks': 48300000, 'confl': 2737727, 'model_rej': 0} 11416s
    ... {'checks': 48350000, 'confl': 2740813, 'model_rej': 0} 11423s
    ... {'checks': 48400000, 'confl': 2743600, 'model_rej': 0} 11435s
    ... {'checks': 48450000, 'confl': 2746477, 'model_rej': 0} 11456s
    ... {'checks': 48500000, 'confl': 2747659, 'model_rej': 0} 11470s
    ... {'checks': 48550000, 'confl': 2751327, 'model_rej': 0} 11501s
    ... {'checks': 48600000, 'confl': 2753833, 'model_rej': 0} 11516s
    ... {'checks': 48650000, 'confl': 2756876, 'model_rej': 0} 11540s
    ... {'checks': 48700000, 'confl': 2757799, 'model_rej': 0} 11554s
    ... {'checks': 48750000, 'confl': 2760740, 'model_rej': 0} 11782s
    ... {'checks': 48800000, 'confl': 2763660, 'model_rej': 0} 11795s
    ... {'checks': 48850000, 'confl': 2766436, 'model_rej': 0} 11805s
    ... {'checks': 48900000, 'confl': 2770623, 'model_rej': 0} 11829s
    ... {'checks': 48950000, 'confl': 2775892, 'model_rej': 0} 11843s
    ... {'checks': 49000000, 'confl': 2780406, 'model_rej': 0} 11862s
    ... {'checks': 49050000, 'confl': 2782914, 'model_rej': 0} 11882s
    ... {'checks': 49100000, 'confl': 2784766, 'model_rej': 0} 11903s
    ... {'checks': 49150000, 'confl': 2786421, 'model_rej': 0} 11925s
    ... {'checks': 49200000, 'confl': 2789786, 'model_rej': 0} 11952s
    ... {'checks': 49250000, 'confl': 2791684, 'model_rej': 0} 11969s
    ... {'checks': 49300000, 'confl': 2793888, 'model_rej': 0} 11985s
    ... {'checks': 49350000, 'confl': 2797212, 'model_rej': 0} 12012s
    ... {'checks': 49400000, 'confl': 2800708, 'model_rej': 0} 12032s
    ... {'checks': 49450000, 'confl': 2802269, 'model_rej': 0} 12040s
    ... {'checks': 49500000, 'confl': 2803959, 'model_rej': 0} 12048s
    ... {'checks': 49550000, 'confl': 2805342, 'model_rej': 0} 12056s
    ... {'checks': 49600000, 'confl': 2808155, 'model_rej': 0} 12071s
    ... {'checks': 49650000, 'confl': 2811279, 'model_rej': 0} 12086s
    ... {'checks': 49700000, 'confl': 2813993, 'model_rej': 0} 12232s
    ... {'checks': 49750000, 'confl': 2816636, 'model_rej': 0} 12252s
    ... {'checks': 49800000, 'confl': 2819801, 'model_rej': 0} 12274s
    ... {'checks': 49850000, 'confl': 2822377, 'model_rej': 0} 12292s
    ... {'checks': 49900000, 'confl': 2823839, 'model_rej': 0} 12307s
    ... {'checks': 49950000, 'confl': 2826714, 'model_rej': 0} 12329s
    ... {'checks': 50000000, 'confl': 2830549, 'model_rej': 0} 12358s
    ... {'checks': 50050000, 'confl': 2833018, 'model_rej': 0} 12384s
    ... {'checks': 50100000, 'confl': 2836801, 'model_rej': 0} 12405s
    ... {'checks': 50150000, 'confl': 2839092, 'model_rej': 0} 12426s
    ... {'checks': 50200000, 'confl': 2841063, 'model_rej': 0} 12448s
    ... {'checks': 50250000, 'confl': 2843121, 'model_rej': 0} 12468s
    ... {'checks': 50300000, 'confl': 2845813, 'model_rej': 0} 12493s
    ... {'checks': 50350000, 'confl': 2849259, 'model_rej': 0} 12514s
    ... {'checks': 50400000, 'confl': 2852541, 'model_rej': 0} 12543s
    ... {'checks': 50450000, 'confl': 2854536, 'model_rej': 0} 12567s
    ... {'checks': 50500000, 'confl': 2855815, 'model_rej': 0} 12582s
    ... {'checks': 50550000, 'confl': 2858022, 'model_rej': 0} 12592s
    ... {'checks': 50600000, 'confl': 2859785, 'model_rej': 0} 12599s
    ... {'checks': 50650000, 'confl': 2860575, 'model_rej': 0} 12605s
    ... {'checks': 50700000, 'confl': 2862735, 'model_rej': 0} 12625s
    ... {'checks': 50750000, 'confl': 2865523, 'model_rej': 0} 12635s
    ... {'checks': 50800000, 'confl': 2868470, 'model_rej': 0} 12650s
    ... {'checks': 50850000, 'confl': 2869326, 'model_rej': 0} 12668s
    ... {'checks': 50900000, 'confl': 2872629, 'model_rej': 0} 12697s
    ... {'checks': 50950000, 'confl': 2874978, 'model_rej': 0} 12727s
    ... {'checks': 51000000, 'confl': 2875351, 'model_rej': 0} 12737s
    ... {'checks': 51050000, 'confl': 2877680, 'model_rej': 0} 12757s
    ... {'checks': 51100000, 'confl': 2881083, 'model_rej': 0} 12782s
    ... {'checks': 51150000, 'confl': 2884553, 'model_rej': 0} 12840s
    ... {'checks': 51200000, 'confl': 2885755, 'model_rej': 0} 12850s
    ... {'checks': 51250000, 'confl': 2888854, 'model_rej': 0} 12870s
    ... {'checks': 51300000, 'confl': 2891309, 'model_rej': 0} 12876s
    ... {'checks': 51350000, 'confl': 2893396, 'model_rej': 0} 12885s
    ... {'checks': 51400000, 'confl': 2895773, 'model_rej': 0} 12897s
    ... {'checks': 51450000, 'confl': 2898685, 'model_rej': 0} 12925s
    ... {'checks': 51500000, 'confl': 2901213, 'model_rej': 0} 12950s
    ... {'checks': 51550000, 'confl': 2903127, 'model_rej': 0} 12970s
    ... {'checks': 51600000, 'confl': 2906224, 'model_rej': 0} 12989s
    ... {'checks': 51650000, 'confl': 2908532, 'model_rej': 0} 13006s
    ... {'checks': 51700000, 'confl': 2911454, 'model_rej': 0} 13013s
    ... {'checks': 51750000, 'confl': 2913993, 'model_rej': 0} 13025s
    ... {'checks': 51800000, 'confl': 2917743, 'model_rej': 0} 13050s
    ... {'checks': 51850000, 'confl': 2920977, 'model_rej': 0} 13077s
    ... {'checks': 51900000, 'confl': 2922919, 'model_rej': 0} 13099s
    ... {'checks': 51950000, 'confl': 2925837, 'model_rej': 0} 13121s
    ... {'checks': 52000000, 'confl': 2929550, 'model_rej': 0} 13142s
    ... {'checks': 52050000, 'confl': 2930668, 'model_rej': 0} 13160s
    ... {'checks': 52100000, 'confl': 2933174, 'model_rej': 0} 13183s
    ... {'checks': 52150000, 'confl': 2936916, 'model_rej': 0} 13205s
    ... {'checks': 52200000, 'confl': 2938840, 'model_rej': 0} 13232s
    ... {'checks': 52250000, 'confl': 2942624, 'model_rej': 0} 13254s
    ... {'checks': 52300000, 'confl': 2945155, 'model_rej': 0} 13274s
    ... {'checks': 52350000, 'confl': 2948253, 'model_rej': 0} 13303s
    ... {'checks': 52400000, 'confl': 2950910, 'model_rej': 0} 13324s
    ... {'checks': 52450000, 'confl': 2954283, 'model_rej': 0} 13343s
    ... {'checks': 52500000, 'confl': 2955639, 'model_rej': 0} 13359s
    ... {'checks': 52550000, 'confl': 2956308, 'model_rej': 0} 13375s
    ... {'checks': 52600000, 'confl': 2956952, 'model_rej': 0} 13389s
    ... {'checks': 52650000, 'confl': 2958930, 'model_rej': 0} 13405s
    ... {'checks': 52700000, 'confl': 2960652, 'model_rej': 0} 13423s
    ... {'checks': 52750000, 'confl': 2963867, 'model_rej': 0} 13445s
    ... {'checks': 52800000, 'confl': 2967532, 'model_rej': 0} 13461s
    ... {'checks': 52850000, 'confl': 2970247, 'model_rej': 0} 13489s
    ... {'checks': 52900000, 'confl': 2974061, 'model_rej': 0} 13511s
    ... {'checks': 52950000, 'confl': 2976830, 'model_rej': 0} 13524s
    ... {'checks': 53000000, 'confl': 2980544, 'model_rej': 0} 13543s
    ... {'checks': 53050000, 'confl': 2982520, 'model_rej': 0} 13556s
    ... {'checks': 53100000, 'confl': 2985195, 'model_rej': 0} 13567s
    ... {'checks': 53150000, 'confl': 2987425, 'model_rej': 0} 13586s
    ... {'checks': 53200000, 'confl': 2989528, 'model_rej': 0} 13612s
    ... {'checks': 53250000, 'confl': 2992199, 'model_rej': 0} 13634s
    ... {'checks': 53300000, 'confl': 2994833, 'model_rej': 0} 13648s
    ... {'checks': 53350000, 'confl': 2998058, 'model_rej': 0} 13671s
    ... {'checks': 53400000, 'confl': 3001395, 'model_rej': 0} 13695s
    ... {'checks': 53450000, 'confl': 3005252, 'model_rej': 0} 13720s
    ... {'checks': 53500000, 'confl': 3007969, 'model_rej': 0} 13729s
    ... {'checks': 53550000, 'confl': 3010090, 'model_rej': 0} 13736s
    ... {'checks': 53600000, 'confl': 3012791, 'model_rej': 0} 13755s
    ... {'checks': 53650000, 'confl': 3015747, 'model_rej': 0} 13780s
    ... {'checks': 53700000, 'confl': 3018195, 'model_rej': 0} 13813s
    ... {'checks': 53750000, 'confl': 3019203, 'model_rej': 0} 13831s
    ... {'checks': 53800000, 'confl': 3022254, 'model_rej': 0} 13863s
    ... {'checks': 53850000, 'confl': 3024721, 'model_rej': 0} 13883s
    ... {'checks': 53900000, 'confl': 3027692, 'model_rej': 0} 13905s
    ... {'checks': 53950000, 'confl': 3031097, 'model_rej': 0} 13939s
    ... {'checks': 54000000, 'confl': 3034075, 'model_rej': 0} 13958s
    ... {'checks': 54050000, 'confl': 3036117, 'model_rej': 0} 13978s
    ... {'checks': 54100000, 'confl': 3037539, 'model_rej': 0} 13987s
    ... {'checks': 54150000, 'confl': 3040254, 'model_rej': 0} 14010s
    ... {'checks': 54200000, 'confl': 3041413, 'model_rej': 0} 14024s
    ... {'checks': 54250000, 'confl': 3041583, 'model_rej': 0} 14030s
    ... {'checks': 54300000, 'confl': 3043524, 'model_rej': 0} 14055s
    ... {'checks': 54350000, 'confl': 3045979, 'model_rej': 0} 14082s
    ... {'checks': 54400000, 'confl': 3048587, 'model_rej': 0} 14105s
    ... {'checks': 54450000, 'confl': 3049964, 'model_rej': 0} 14120s
    ... {'checks': 54500000, 'confl': 3052758, 'model_rej': 0} 14134s
    ... {'checks': 54550000, 'confl': 3055838, 'model_rej': 0} 14155s
    ... {'checks': 54600000, 'confl': 3059602, 'model_rej': 0} 14188s
    ... {'checks': 54650000, 'confl': 3061417, 'model_rej': 0} 14208s
    ... {'checks': 54700000, 'confl': 3062294, 'model_rej': 0} 14227s
    ... {'checks': 54750000, 'confl': 3065475, 'model_rej': 0} 14262s
    ... {'checks': 54800000, 'confl': 3069119, 'model_rej': 0} 14297s
    ... {'checks': 54850000, 'confl': 3072570, 'model_rej': 0} 14323s
    ... {'checks': 54900000, 'confl': 3075549, 'model_rej': 0} 14340s
    ... {'checks': 54950000, 'confl': 3078525, 'model_rej': 0} 14353s
    ... {'checks': 55000000, 'confl': 3081172, 'model_rej': 0} 14374s
    ... {'checks': 55050000, 'confl': 3082895, 'model_rej': 0} 14389s
    ... {'checks': 55100000, 'confl': 3084297, 'model_rej': 0} 14405s
    ... {'checks': 55150000, 'confl': 3086221, 'model_rej': 0} 14426s
    ... {'checks': 55200000, 'confl': 3090048, 'model_rej': 0} 14459s
    ... {'checks': 55250000, 'confl': 3091660, 'model_rej': 0} 14475s
    ... {'checks': 55300000, 'confl': 3094109, 'model_rej': 0} 14502s
    ... {'checks': 55350000, 'confl': 3095432, 'model_rej': 0} 14518s
    ... {'checks': 55400000, 'confl': 3098173, 'model_rej': 0} 14549s
    ... {'checks': 55450000, 'confl': 3101707, 'model_rej': 0} 14576s
    ... {'checks': 55500000, 'confl': 3103961, 'model_rej': 0} 14606s
    ... {'checks': 55550000, 'confl': 3107224, 'model_rej': 0} 14632s
    ... {'checks': 55600000, 'confl': 3108394, 'model_rej': 0} 14647s
    ... {'checks': 55650000, 'confl': 3109665, 'model_rej': 0} 14659s
    ... {'checks': 55700000, 'confl': 3110618, 'model_rej': 0} 14668s
    ... {'checks': 55750000, 'confl': 3111383, 'model_rej': 0} 14678s
    ... {'checks': 55800000, 'confl': 3113706, 'model_rej': 0} 14692s
    ... {'checks': 55850000, 'confl': 3117835, 'model_rej': 0} 14714s
    ... {'checks': 55900000, 'confl': 3120743, 'model_rej': 0} 14742s
    ... {'checks': 55950000, 'confl': 3124637, 'model_rej': 0} 14768s
    ... {'checks': 56000000, 'confl': 3126937, 'model_rej': 0} 14777s
    ... {'checks': 56050000, 'confl': 3130320, 'model_rej': 0} 14801s
    ... {'checks': 56100000, 'confl': 3132120, 'model_rej': 0} 14815s
    ... {'checks': 56150000, 'confl': 3135515, 'model_rej': 0} 14851s
    ... {'checks': 56200000, 'confl': 3139056, 'model_rej': 0} 14877s
    ... {'checks': 56250000, 'confl': 3141555, 'model_rej': 0} 14903s
    ... {'checks': 56300000, 'confl': 3143921, 'model_rej': 0} 14925s
    ... {'checks': 56350000, 'confl': 3146699, 'model_rej': 0} 14951s
    ... {'checks': 56400000, 'confl': 3150406, 'model_rej': 0} 14960s
    ... {'checks': 56450000, 'confl': 3152531, 'model_rej': 0} 14973s
    ... {'checks': 56500000, 'confl': 3153351, 'model_rej': 0} 14981s
    ... {'checks': 56550000, 'confl': 3155991, 'model_rej': 0} 15011s
    ... {'checks': 56600000, 'confl': 3157980, 'model_rej': 0} 15033s
    ... {'checks': 56650000, 'confl': 3162087, 'model_rej': 0} 15042s
    ... {'checks': 56700000, 'confl': 3164656, 'model_rej': 0} 15064s
    ... {'checks': 56750000, 'confl': 3168437, 'model_rej': 0} 15096s
    ... {'checks': 56800000, 'confl': 3170834, 'model_rej': 0} 15123s
    ... {'checks': 56850000, 'confl': 3172476, 'model_rej': 0} 15139s
    ... {'checks': 56900000, 'confl': 3173702, 'model_rej': 0} 15153s
    ... {'checks': 56950000, 'confl': 3176307, 'model_rej': 0} 15175s
    ... {'checks': 57000000, 'confl': 3179649, 'model_rej': 0} 15193s
    ... {'checks': 57050000, 'confl': 3182019, 'model_rej': 0} 15199s
    ... {'checks': 57100000, 'confl': 3183140, 'model_rej': 0} 15205s
    ... {'checks': 57150000, 'confl': 3185549, 'model_rej': 0} 15211s
    ... {'checks': 57200000, 'confl': 3186898, 'model_rej': 0} 15219s
    ... {'checks': 57250000, 'confl': 3190018, 'model_rej': 0} 15247s
    ... {'checks': 57300000, 'confl': 3192503, 'model_rej': 0} 15269s
    ... {'checks': 57350000, 'confl': 3194807, 'model_rej': 0} 15291s
    ... {'checks': 57400000, 'confl': 3196393, 'model_rej': 0} 15314s
    ... {'checks': 57450000, 'confl': 3199033, 'model_rej': 0} 15337s
    ... {'checks': 57500000, 'confl': 3201706, 'model_rej': 0} 15351s
    ... {'checks': 57550000, 'confl': 3204361, 'model_rej': 0} 15373s
    ... {'checks': 57600000, 'confl': 3206608, 'model_rej': 0} 15380s
    ... {'checks': 57650000, 'confl': 3209152, 'model_rej': 0} 15396s
    ... {'checks': 57700000, 'confl': 3212247, 'model_rej': 0} 15428s
    ... {'checks': 57750000, 'confl': 3212800, 'model_rej': 0} 15446s
    ... {'checks': 57800000, 'confl': 3213715, 'model_rej': 0} 15463s
    ... {'checks': 57850000, 'confl': 3215758, 'model_rej': 0} 15472s
    ... {'checks': 57900000, 'confl': 3218387, 'model_rej': 0} 15486s
    ... {'checks': 57950000, 'confl': 3221666, 'model_rej': 0} 15509s
    ... {'checks': 58000000, 'confl': 3225007, 'model_rej': 0} 15527s
    ... {'checks': 58050000, 'confl': 3226754, 'model_rej': 0} 15536s
    ... {'checks': 58100000, 'confl': 3228220, 'model_rej': 0} 15545s
    ... {'checks': 58150000, 'confl': 3229496, 'model_rej': 0} 15557s
    ... {'checks': 58200000, 'confl': 3231401, 'model_rej': 0} 15579s
    ... {'checks': 58250000, 'confl': 3234402, 'model_rej': 0} 15603s
    ... {'checks': 58300000, 'confl': 3236115, 'model_rej': 0} 15616s
    ... {'checks': 58350000, 'confl': 3237399, 'model_rej': 0} 15624s
    ... {'checks': 58400000, 'confl': 3238745, 'model_rej': 0} 15642s
    ... {'checks': 58450000, 'confl': 3240038, 'model_rej': 0} 15656s
    ... {'checks': 58500000, 'confl': 3240331, 'model_rej': 0} 15665s
    ... {'checks': 58550000, 'confl': 3241312, 'model_rej': 0} 15678s
    ... {'checks': 58600000, 'confl': 3243967, 'model_rej': 0} 15700s
    ... {'checks': 58650000, 'confl': 3247887, 'model_rej': 0} 15720s
    ... {'checks': 58700000, 'confl': 3248914, 'model_rej': 0} 15732s
    ... {'checks': 58750000, 'confl': 3250118, 'model_rej': 0} 15751s
    ... {'checks': 58800000, 'confl': 3250270, 'model_rej': 0} 15762s
    ... {'checks': 58850000, 'confl': 3250704, 'model_rej': 0} 15771s
    ... {'checks': 58900000, 'confl': 3252240, 'model_rej': 0} 15789s
    ... {'checks': 58950000, 'confl': 3253529, 'model_rej': 0} 15808s
    ... {'checks': 59000000, 'confl': 3255567, 'model_rej': 0} 16013s
    ... {'checks': 59050000, 'confl': 3258733, 'model_rej': 0} 16040s
    ... {'checks': 59100000, 'confl': 3261656, 'model_rej': 0} 16073s
    ... {'checks': 59150000, 'confl': 3263543, 'model_rej': 0} 16094s
    ... {'checks': 59200000, 'confl': 3264726, 'model_rej': 0} 16107s
    ... {'checks': 59250000, 'confl': 3266075, 'model_rej': 0} 16118s
    ... {'checks': 59300000, 'confl': 3267265, 'model_rej': 0} 16128s
    ... {'checks': 59350000, 'confl': 3268817, 'model_rej': 0} 16146s
    ... {'checks': 59400000, 'confl': 3270626, 'model_rej': 0} 16158s
    ... {'checks': 59450000, 'confl': 3272908, 'model_rej': 0} 16395s
    ... {'checks': 59500000, 'confl': 3273763, 'model_rej': 0} 16410s
    ... {'checks': 59550000, 'confl': 3275619, 'model_rej': 0} 16431s
    ... {'checks': 59600000, 'confl': 3279168, 'model_rej': 0} 16464s
    ... {'checks': 59650000, 'confl': 3283301, 'model_rej': 0} 16479s
    ... {'checks': 59700000, 'confl': 3285872, 'model_rej': 0} 16504s
    ... {'checks': 59750000, 'confl': 3287629, 'model_rej': 0} 16532s
    ... {'checks': 59800000, 'confl': 3288294, 'model_rej': 0} 16547s
    ... {'checks': 59850000, 'confl': 3288834, 'model_rej': 0} 16560s
    ... {'checks': 59900000, 'confl': 3289795, 'model_rej': 0} 16577s
    ... {'checks': 59950000, 'confl': 3292756, 'model_rej': 0} 16600s
    ... {'checks': 60000000, 'confl': 3295845, 'model_rej': 0} 16623s
    ... {'checks': 60050000, 'confl': 3297641, 'model_rej': 0} 16641s
    ... {'checks': 60100000, 'confl': 3300948, 'model_rej': 0} 16675s
    ... {'checks': 60150000, 'confl': 3303944, 'model_rej': 0} 16702s
    ... {'checks': 60200000, 'confl': 3307299, 'model_rej': 0} 16734s
    ... {'checks': 60250000, 'confl': 3309339, 'model_rej': 0} 16742s
    ... {'checks': 60300000, 'confl': 3312239, 'model_rej': 0} 16765s
    ... {'checks': 60350000, 'confl': 3314140, 'model_rej': 0} 16781s
    ... {'checks': 60400000, 'confl': 3316479, 'model_rej': 0} 16800s
    ... {'checks': 60450000, 'confl': 3318257, 'model_rej': 0} 16816s
    ... {'checks': 60500000, 'confl': 3318447, 'model_rej': 0} 16864s
    ... {'checks': 60550000, 'confl': 3319490, 'model_rej': 0} 16879s
    ... {'checks': 60600000, 'confl': 3321736, 'model_rej': 0} 16893s
    ... {'checks': 60650000, 'confl': 3324313, 'model_rej': 0} 16919s
    ... {'checks': 60700000, 'confl': 3326426, 'model_rej': 0} 16927s
    ... {'checks': 60750000, 'confl': 3327822, 'model_rej': 0} 16950s
    ... {'checks': 60800000, 'confl': 3330074, 'model_rej': 0} 16973s
    ... {'checks': 60850000, 'confl': 3332449, 'model_rej': 0} 17020s
    ... {'checks': 60900000, 'confl': 3333613, 'model_rej': 0} 17039s
    ... {'checks': 60950000, 'confl': 3337107, 'model_rej': 0} 17063s
    ... {'checks': 61000000, 'confl': 3340152, 'model_rej': 0} 17073s
    ... {'checks': 61050000, 'confl': 3343420, 'model_rej': 0} 17095s
    ... {'checks': 61100000, 'confl': 3346090, 'model_rej': 0} 17117s
    ... {'checks': 61150000, 'confl': 3346949, 'model_rej': 0} 17133s
    ... {'checks': 61200000, 'confl': 3349846, 'model_rej': 0} 17165s
    ... {'checks': 61250000, 'confl': 3352844, 'model_rej': 0} 17187s
    ... {'checks': 61300000, 'confl': 3355823, 'model_rej': 0} 17206s
    ... {'checks': 61350000, 'confl': 3357872, 'model_rej': 0} 17218s
    ... {'checks': 61400000, 'confl': 3360132, 'model_rej': 0} 17226s
    ... {'checks': 61450000, 'confl': 3363660, 'model_rej': 0} 17233s
    ... {'checks': 61500000, 'confl': 3366305, 'model_rej': 0} 17261s
    ... {'checks': 61550000, 'confl': 3367040, 'model_rej': 0} 17271s
    ... {'checks': 61600000, 'confl': 3369181, 'model_rej': 0} 17286s
    ... {'checks': 61650000, 'confl': 3372564, 'model_rej': 0} 17299s
    ... {'checks': 61700000, 'confl': 3375472, 'model_rej': 0} 17303s
    ... {'checks': 61750000, 'confl': 3378446, 'model_rej': 0} 17307s
    ... {'checks': 61800000, 'confl': 3380200, 'model_rej': 0} 17329s
    ... {'checks': 61850000, 'confl': 3380477, 'model_rej': 0} 17339s
    ... {'checks': 61900000, 'confl': 3382001, 'model_rej': 0} 17357s
    ... {'checks': 61950000, 'confl': 3385827, 'model_rej': 0} 17381s
    ... {'checks': 62000000, 'confl': 3389750, 'model_rej': 0} 17404s
    ... {'checks': 62050000, 'confl': 3392584, 'model_rej': 0} 17429s
    ... {'checks': 62100000, 'confl': 3395066, 'model_rej': 0} 17458s
    ... {'checks': 62150000, 'confl': 3398950, 'model_rej': 0} 17483s
    ... {'checks': 62200000, 'confl': 3402035, 'model_rej': 0} 17502s
    ... {'checks': 62250000, 'confl': 3404488, 'model_rej': 0} 17525s
    ... {'checks': 62300000, 'confl': 3406379, 'model_rej': 0} 17696s
    ... {'checks': 62350000, 'confl': 3409315, 'model_rej': 0} 17719s
    ... {'checks': 62400000, 'confl': 3412907, 'model_rej': 0} 17743s
    ... {'checks': 62450000, 'confl': 3414703, 'model_rej': 0} 17765s
    ... {'checks': 62500000, 'confl': 3415521, 'model_rej': 0} 17776s
    ... {'checks': 62550000, 'confl': 3416470, 'model_rej': 0} 17788s
    ... {'checks': 62600000, 'confl': 3418099, 'model_rej': 0} 17810s
    ... {'checks': 62650000, 'confl': 3418948, 'model_rej': 0} 17828s
    ... {'checks': 62700000, 'confl': 3421661, 'model_rej': 0} 17848s
    ... {'checks': 62750000, 'confl': 3424105, 'model_rej': 0} 17871s
    ... {'checks': 62800000, 'confl': 3425599, 'model_rej': 0} 17885s
    ... {'checks': 62850000, 'confl': 3427088, 'model_rej': 0} 17895s
    ... {'checks': 62900000, 'confl': 3429610, 'model_rej': 0} 17925s
    ... {'checks': 62950000, 'confl': 3432498, 'model_rej': 0} 17953s
    ... {'checks': 63000000, 'confl': 3433500, 'model_rej': 0} 17971s
    ... {'checks': 63050000, 'confl': 3435771, 'model_rej': 0} 17995s
    ... {'checks': 63100000, 'confl': 3438756, 'model_rej': 0} 18013s
    ... {'checks': 63150000, 'confl': 3439834, 'model_rej': 0} 18031s
    ... {'checks': 63200000, 'confl': 3442685, 'model_rej': 0} 18059s
    ... {'checks': 63250000, 'confl': 3445435, 'model_rej': 0} 18084s
    ... {'checks': 63300000, 'confl': 3448719, 'model_rej': 0} 18092s
    ... {'checks': 63350000, 'confl': 3451566, 'model_rej': 0} 18131s
    ... {'checks': 63400000, 'confl': 3454591, 'model_rej': 0} 18156s
    ... {'checks': 63450000, 'confl': 3456929, 'model_rej': 0} 18166s
    ... {'checks': 63500000, 'confl': 3458758, 'model_rej': 0} 18177s
    ... {'checks': 63550000, 'confl': 3459954, 'model_rej': 0} 18189s
    ... {'checks': 63600000, 'confl': 3461650, 'model_rej': 0} 18200s
    ... {'checks': 63650000, 'confl': 3463126, 'model_rej': 0} 18210s
    ... {'checks': 63700000, 'confl': 3464434, 'model_rej': 0} 18229s
    ... {'checks': 63750000, 'confl': 3465811, 'model_rej': 0} 18237s
    ... {'checks': 63800000, 'confl': 3467921, 'model_rej': 0} 18254s
    ... {'checks': 63850000, 'confl': 3471326, 'model_rej': 0} 18281s
    ... {'checks': 63900000, 'confl': 3475164, 'model_rej': 0} 18299s
    ... {'checks': 63950000, 'confl': 3477863, 'model_rej': 0} 18318s
    ... {'checks': 64000000, 'confl': 3479795, 'model_rej': 0} 18336s
    ... {'checks': 64050000, 'confl': 3481988, 'model_rej': 0} 18354s
    ... {'checks': 64100000, 'confl': 3483863, 'model_rej': 0} 18372s
    ... {'checks': 64150000, 'confl': 3485706, 'model_rej': 0} 18391s
    ... {'checks': 64200000, 'confl': 3487072, 'model_rej': 0} 18409s
    ... {'checks': 64250000, 'confl': 3488426, 'model_rej': 0} 18429s
    ... {'checks': 64300000, 'confl': 3489721, 'model_rej': 0} 18447s
    ... {'checks': 64350000, 'confl': 3491505, 'model_rej': 0} 18465s
    ... {'checks': 64400000, 'confl': 3493554, 'model_rej': 0} 18480s
    ... {'checks': 64450000, 'confl': 3494884, 'model_rej': 0} 18502s
    ... {'checks': 64500000, 'confl': 3496312, 'model_rej': 0} 18523s
    ... {'checks': 64550000, 'confl': 3497619, 'model_rej': 0} 18543s
    ... {'checks': 64600000, 'confl': 3498733, 'model_rej': 0} 18563s
    ... {'checks': 64650000, 'confl': 3500475, 'model_rej': 0} 18596s
    ... {'checks': 64700000, 'confl': 3501639, 'model_rej': 0} 18616s
    ... {'checks': 64750000, 'confl': 3503310, 'model_rej': 0} 18636s
    ... {'checks': 64800000, 'confl': 3504641, 'model_rej': 0} 18657s
    ... {'checks': 64850000, 'confl': 3505938, 'model_rej': 0} 18678s
    ... {'checks': 64900000, 'confl': 3507526, 'model_rej': 0} 18699s
    ... {'checks': 64950000, 'confl': 3508721, 'model_rej': 0} 18721s
    ... {'checks': 65000000, 'confl': 3510122, 'model_rej': 0} 18742s
    ... {'checks': 65050000, 'confl': 3511799, 'model_rej': 0} 18762s
    ... {'checks': 65100000, 'confl': 3513143, 'model_rej': 0} 18782s
    ... {'checks': 65150000, 'confl': 3513538, 'model_rej': 0} 18803s
    ... {'checks': 65200000, 'confl': 3513965, 'model_rej': 0} 18821s
    ... {'checks': 65250000, 'confl': 3514335, 'model_rej': 0} 18840s
    ... {'checks': 65300000, 'confl': 3514753, 'model_rej': 0} 18861s
    ... {'checks': 65350000, 'confl': 3515080, 'model_rej': 0} 18878s
    ... {'checks': 65400000, 'confl': 3515392, 'model_rej': 0} 18896s
    ... {'checks': 65450000, 'confl': 3515680, 'model_rej': 0} 18919s
    ... {'checks': 65500000, 'confl': 3516167, 'model_rej': 0} 18944s
    ... {'checks': 65550000, 'confl': 3516596, 'model_rej': 0} 18969s
    ... {'checks': 65600000, 'confl': 3517016, 'model_rej': 0} 18994s
    ... {'checks': 65650000, 'confl': 3517330, 'model_rej': 0} 19017s
    ... {'checks': 65700000, 'confl': 3517585, 'model_rej': 0} 19039s
    ... {'checks': 65750000, 'confl': 3517913, 'model_rej': 0} 19065s
    ... {'checks': 65800000, 'confl': 3518368, 'model_rej': 0} 19087s
    ... {'checks': 65850000, 'confl': 3518662, 'model_rej': 0} 19103s
    ... {'checks': 65900000, 'confl': 3519015, 'model_rej': 0} 19124s
    ... {'checks': 65950000, 'confl': 3519343, 'model_rej': 0} 19147s
    ... {'checks': 66000000, 'confl': 3519671, 'model_rej': 0} 19389s
    ... {'checks': 66050000, 'confl': 3519929, 'model_rej': 0} 19414s
    ... {'checks': 66100000, 'confl': 3520334, 'model_rej': 0} 19441s
    ... {'checks': 66150000, 'confl': 3520616, 'model_rej': 0} 19468s
    ... {'checks': 66200000, 'confl': 3521043, 'model_rej': 0} 19496s
    ... {'checks': 66250000, 'confl': 3521963, 'model_rej': 0} 19524s
    ... {'checks': 66300000, 'confl': 3522819, 'model_rej': 0} 19552s
    ... {'checks': 66350000, 'confl': 3523184, 'model_rej': 0} 19578s
    ... {'checks': 66400000, 'confl': 3523724, 'model_rej': 0} 19606s
    ... {'checks': 66450000, 'confl': 3524697, 'model_rej': 0} 19635s
    ... {'checks': 66500000, 'confl': 3525790, 'model_rej': 0} 19666s
    ... {'checks': 66550000, 'confl': 3527204, 'model_rej': 0} 19695s
    ... {'checks': 66600000, 'confl': 3528522, 'model_rej': 0} 19725s
    ... {'checks': 66650000, 'confl': 3529536, 'model_rej': 0} 19751s
    ... {'checks': 66700000, 'confl': 3530672, 'model_rej': 0} 19778s
    ... {'checks': 66750000, 'confl': 3531711, 'model_rej': 0} 19804s
    ... {'checks': 66800000, 'confl': 3532907, 'model_rej': 0} 19831s
    ... {'checks': 66850000, 'confl': 3534010, 'model_rej': 0} 19859s
    ... {'checks': 66900000, 'confl': 3534865, 'model_rej': 0} 19886s
    ... {'checks': 66950000, 'confl': 3535383, 'model_rej': 0} 19911s
    ... {'checks': 67000000, 'confl': 3536320, 'model_rej': 0} 19938s
    ... {'checks': 67050000, 'confl': 3537665, 'model_rej': 0} 20153s
    ... {'checks': 67100000, 'confl': 3538531, 'model_rej': 0} 20173s
    ... {'checks': 67150000, 'confl': 3539897, 'model_rej': 0} 20194s
    ... {'checks': 67200000, 'confl': 3540845, 'model_rej': 0} 20215s
    ... {'checks': 67250000, 'confl': 3542226, 'model_rej': 0} 20235s
    ... {'checks': 67300000, 'confl': 3543325, 'model_rej': 0} 20256s
    ... {'checks': 67350000, 'confl': 3544205, 'model_rej': 0} 20278s
    ... {'checks': 67400000, 'confl': 3544996, 'model_rej': 0} 20583s
    ... {'checks': 67450000, 'confl': 3545883, 'model_rej': 0} 20601s
    ... {'checks': 67500000, 'confl': 3546565, 'model_rej': 0} 20620s
    ... {'checks': 67550000, 'confl': 3547443, 'model_rej': 0} 20639s
    ... {'checks': 67600000, 'confl': 3548469, 'model_rej': 0} 20656s
    ... {'checks': 67650000, 'confl': 3549949, 'model_rej': 0} 20675s
    ... {'checks': 67700000, 'confl': 3551127, 'model_rej': 0} 20692s
    ... {'checks': 67750000, 'confl': 3552575, 'model_rej': 0} 20708s
    ... {'checks': 67800000, 'confl': 3553533, 'model_rej': 0} 20726s
    ... {'checks': 67850000, 'confl': 3554359, 'model_rej': 0} 20743s
    ... {'checks': 67900000, 'confl': 3554948, 'model_rej': 0} 20766s
    ... {'checks': 67950000, 'confl': 3555679, 'model_rej': 0} 20788s
    ... {'checks': 68000000, 'confl': 3556330, 'model_rej': 0} 20810s
    ... {'checks': 68050000, 'confl': 3557110, 'model_rej': 0} 20832s
    ... {'checks': 68100000, 'confl': 3557936, 'model_rej': 0} 20855s
    ... {'checks': 68150000, 'confl': 3558655, 'model_rej': 0} 20877s
    ... {'checks': 68200000, 'confl': 3559362, 'model_rej': 0} 20901s
    ... {'checks': 68250000, 'confl': 3560294, 'model_rej': 0} 20922s
    ... {'checks': 68300000, 'confl': 3561066, 'model_rej': 0} 20944s
    ... {'checks': 68350000, 'confl': 3561825, 'model_rej': 0} 20965s
    ... {'checks': 68400000, 'confl': 3562461, 'model_rej': 0} 20988s
    ... {'checks': 68450000, 'confl': 3563103, 'model_rej': 0} 21011s
    ... {'checks': 68500000, 'confl': 3563660, 'model_rej': 0} 21035s
    ... {'checks': 68550000, 'confl': 3564430, 'model_rej': 0} 21109s
    ... {'checks': 68600000, 'confl': 3565086, 'model_rej': 0} 21130s
    ... {'checks': 68650000, 'confl': 3565639, 'model_rej': 0} 21152s
    ... {'checks': 68700000, 'confl': 3566235, 'model_rej': 0} 21174s
    ... {'checks': 68750000, 'confl': 3566827, 'model_rej': 0} 21197s
    ... {'checks': 68800000, 'confl': 3567336, 'model_rej': 0} 21228s
    ... {'checks': 68850000, 'confl': 3567813, 'model_rej': 0} 21251s
    ... {'checks': 68900000, 'confl': 3568278, 'model_rej': 0} 21273s
    ... {'checks': 68950000, 'confl': 3568796, 'model_rej': 0} 21297s
    ... {'checks': 69000000, 'confl': 3569310, 'model_rej': 0} 21319s
    ... {'checks': 69050000, 'confl': 3569743, 'model_rej': 0} 21342s
    ... {'checks': 69100000, 'confl': 3570287, 'model_rej': 0} 21363s
    ... {'checks': 69150000, 'confl': 3570757, 'model_rej': 0} 21384s
    ... {'checks': 69200000, 'confl': 3571210, 'model_rej': 0} 21404s
    ... {'checks': 69250000, 'confl': 3571899, 'model_rej': 0} 21426s
    ... {'checks': 69300000, 'confl': 3573071, 'model_rej': 0} 21447s
    ... {'checks': 69350000, 'confl': 3574146, 'model_rej': 0} 21469s
    ... {'checks': 69400000, 'confl': 3575373, 'model_rej': 0} 21489s
    ... {'checks': 69450000, 'confl': 3576533, 'model_rej': 0} 21508s
    ... {'checks': 69500000, 'confl': 3577574, 'model_rej': 0} 21528s
    ... {'checks': 69550000, 'confl': 3578746, 'model_rej': 0} 21547s
    ... {'checks': 69600000, 'confl': 3579766, 'model_rej': 0} 21567s
    ... {'checks': 69650000, 'confl': 3580955, 'model_rej': 0} 21590s
    ... {'checks': 69700000, 'confl': 3582148, 'model_rej': 0} 21614s
    ... {'checks': 69750000, 'confl': 3582930, 'model_rej': 0} 21639s
    ... {'checks': 69800000, 'confl': 3583691, 'model_rej': 0} 21665s
    ... {'checks': 69850000, 'confl': 3584446, 'model_rej': 0} 21687s
    ... {'checks': 69900000, 'confl': 3584919, 'model_rej': 0} 21710s
    ... {'checks': 69950000, 'confl': 3585908, 'model_rej': 0} 21733s
    ... {'checks': 70000000, 'confl': 3586599, 'model_rej': 0} 21759s
    ... {'checks': 70050000, 'confl': 3587294, 'model_rej': 0} 21785s
    ... {'checks': 70100000, 'confl': 3588250, 'model_rej': 0} 21810s
    ... {'checks': 70150000, 'confl': 3588958, 'model_rej': 0} 21835s
    ... {'checks': 70200000, 'confl': 3590062, 'model_rej': 0} 21869s
    ... {'checks': 70250000, 'confl': 3590803, 'model_rej': 0} 21895s
    ... {'checks': 70300000, 'confl': 3591696, 'model_rej': 0} 21918s
    ... {'checks': 70350000, 'confl': 3592458, 'model_rej': 0} 21941s
    ... {'checks': 70400000, 'confl': 3593276, 'model_rej': 0} 21965s
    ... {'checks': 70450000, 'confl': 3594320, 'model_rej': 0} 21989s
    ... {'checks': 70500000, 'confl': 3594833, 'model_rej': 0} 22013s
    ... {'checks': 70550000, 'confl': 3595623, 'model_rej': 0} 22037s
    ... {'checks': 70600000, 'confl': 3596499, 'model_rej': 0} 22060s
    ... {'checks': 70650000, 'confl': 3596996, 'model_rej': 0} 22086s
    ... {'checks': 70700000, 'confl': 3597961, 'model_rej': 0} 22111s
    ... {'checks': 70750000, 'confl': 3598724, 'model_rej': 0} 22136s
    ... {'checks': 70800000, 'confl': 3599430, 'model_rej': 0} 22159s
    ... {'checks': 70850000, 'confl': 3600113, 'model_rej': 0} 22183s
    ... {'checks': 70900000, 'confl': 3600838, 'model_rej': 0} 22207s
    ... {'checks': 70950000, 'confl': 3601994, 'model_rej': 0} 22229s
    ... {'checks': 71000000, 'confl': 3602536, 'model_rej': 0} 22251s
    ... {'checks': 71050000, 'confl': 3603230, 'model_rej': 0} 22275s
    ... {'checks': 71100000, 'confl': 3603802, 'model_rej': 0} 22299s
    ... {'checks': 71150000, 'confl': 3604430, 'model_rej': 0} 22323s
    ... {'checks': 71200000, 'confl': 3605039, 'model_rej': 0} 22347s
    ... {'checks': 71250000, 'confl': 3605758, 'model_rej': 0} 22368s
    ... {'checks': 71300000, 'confl': 3606515, 'model_rej': 0} 22388s
    ... {'checks': 71350000, 'confl': 3607392, 'model_rej': 0} 22407s
    ... {'checks': 71400000, 'confl': 3608114, 'model_rej': 0} 22427s
    ... {'checks': 71450000, 'confl': 3608663, 'model_rej': 0} 22449s
    ... {'checks': 71500000, 'confl': 3609091, 'model_rej': 0} 22470s
    ... {'checks': 71550000, 'confl': 3609719, 'model_rej': 0} 22492s
    ... {'checks': 71600000, 'confl': 3610337, 'model_rej': 0} 22515s
    ... {'checks': 71650000, 'confl': 3610934, 'model_rej': 0} 22539s
    ... {'checks': 71700000, 'confl': 3611596, 'model_rej': 0} 22562s
    ... {'checks': 71750000, 'confl': 3612164, 'model_rej': 0} 22583s
    ... {'checks': 71800000, 'confl': 3612769, 'model_rej': 0} 22605s
    ... {'checks': 71850000, 'confl': 3613565, 'model_rej': 0} 22628s
    ... {'checks': 71900000, 'confl': 3614272, 'model_rej': 0} 22654s
    ... {'checks': 71950000, 'confl': 3614914, 'model_rej': 0} 22675s
    ... {'checks': 72000000, 'confl': 3615451, 'model_rej': 0} 22693s
    ... {'checks': 72050000, 'confl': 3616136, 'model_rej': 0} 22713s
    ... {'checks': 72100000, 'confl': 3616702, 'model_rej': 0} 22733s
    ... {'checks': 72150000, 'confl': 3617517, 'model_rej': 0} 22756s
    ... {'checks': 72200000, 'confl': 3618083, 'model_rej': 0} 22780s
    ... {'checks': 72250000, 'confl': 3619111, 'model_rej': 0} 22803s
    ... {'checks': 72300000, 'confl': 3620132, 'model_rej': 0} 22827s
    ... {'checks': 72350000, 'confl': 3621348, 'model_rej': 0} 22847s
    ... {'checks': 72400000, 'confl': 3622393, 'model_rej': 0} 22868s
    ... {'checks': 72450000, 'confl': 3623663, 'model_rej': 0} 22890s
    ... {'checks': 72500000, 'confl': 3624714, 'model_rej': 0} 22912s
    ... {'checks': 72550000, 'confl': 3625832, 'model_rej': 0} 22933s
    ... {'checks': 72600000, 'confl': 3626671, 'model_rej': 0} 22954s
    ... {'checks': 72650000, 'confl': 3627141, 'model_rej': 0} 22977s
    ... {'checks': 72700000, 'confl': 3627793, 'model_rej': 0} 23000s
    ... {'checks': 72750000, 'confl': 3628330, 'model_rej': 0} 23022s
    ... {'checks': 72800000, 'confl': 3629055, 'model_rej': 0} 23045s
    ... {'checks': 72850000, 'confl': 3629680, 'model_rej': 0} 23067s
    ... {'checks': 72900000, 'confl': 3630314, 'model_rej': 0} 23092s
    ... {'checks': 72950000, 'confl': 3630873, 'model_rej': 0} 23116s
    ... {'checks': 73000000, 'confl': 3631570, 'model_rej': 0} 23141s
    ... {'checks': 73050000, 'confl': 3632274, 'model_rej': 0} 23165s
    ... {'checks': 73100000, 'confl': 3632962, 'model_rej': 0} 23345s
    ... {'checks': 73150000, 'confl': 3633726, 'model_rej': 0} 23363s
    ... {'checks': 73200000, 'confl': 3634345, 'model_rej': 0} 23381s
    ... {'checks': 73250000, 'confl': 3635308, 'model_rej': 0} 23399s
    ... {'checks': 73300000, 'confl': 3636044, 'model_rej': 0} 23418s
    ... {'checks': 73350000, 'confl': 3636673, 'model_rej': 0} 23437s
    ... {'checks': 73400000, 'confl': 3637383, 'model_rej': 0} 23458s
    ... {'checks': 73450000, 'confl': 3638000, 'model_rej': 0} 23480s
    ... {'checks': 73500000, 'confl': 3638642, 'model_rej': 0} 23500s
    ... {'checks': 73550000, 'confl': 3639180, 'model_rej': 0} 23524s
    ... {'checks': 73600000, 'confl': 3639823, 'model_rej': 0} 23547s
    ... {'checks': 73650000, 'confl': 3640473, 'model_rej': 0} 23573s
    ... {'checks': 73700000, 'confl': 3641430, 'model_rej': 0} 23595s
    ... {'checks': 73750000, 'confl': 3641883, 'model_rej': 0} 23619s
    ... {'checks': 73800000, 'confl': 3642463, 'model_rej': 0} 23645s
    ... {'checks': 73850000, 'confl': 3643064, 'model_rej': 0} 23671s
    ... {'checks': 73900000, 'confl': 3643511, 'model_rej': 0} 23695s
    ... {'checks': 73950000, 'confl': 3643912, 'model_rej': 0} 23719s
    ... {'checks': 74000000, 'confl': 3644352, 'model_rej': 0} 23743s
    ... {'checks': 74050000, 'confl': 3644739, 'model_rej': 0} 23767s
    ... {'checks': 74100000, 'confl': 3645278, 'model_rej': 0} 23788s
    ... {'checks': 74150000, 'confl': 3645907, 'model_rej': 0} 23811s
    ... {'checks': 74200000, 'confl': 3646445, 'model_rej': 0} 23835s
    ... {'checks': 74250000, 'confl': 3646848, 'model_rej': 0} 23858s
    ... {'checks': 74300000, 'confl': 3647207, 'model_rej': 0} 23880s
    ... {'checks': 74350000, 'confl': 3647919, 'model_rej': 0} 23902s
    ... {'checks': 74400000, 'confl': 3648574, 'model_rej': 0} 23924s
    ... {'checks': 74450000, 'confl': 3649002, 'model_rej': 0} 23948s
    ... {'checks': 74500000, 'confl': 3649349, 'model_rej': 0} 23975s
    ... {'checks': 74550000, 'confl': 3649758, 'model_rej': 0} 23995s
    ... {'checks': 74600000, 'confl': 3650200, 'model_rej': 0} 24018s
    ... {'checks': 74650000, 'confl': 3650641, 'model_rej': 0} 24043s
    ... {'checks': 74700000, 'confl': 3651117, 'model_rej': 0} 24067s
    ... {'checks': 74750000, 'confl': 3651577, 'model_rej': 0} 24091s
    ... {'checks': 74800000, 'confl': 3651952, 'model_rej': 0} 24117s
    ... {'checks': 74850000, 'confl': 3652342, 'model_rej': 0} 24145s
    ... {'checks': 74900000, 'confl': 3652819, 'model_rej': 0} 24172s
    ... {'checks': 74950000, 'confl': 3653167, 'model_rej': 0} 24197s
    ... {'checks': 75000000, 'confl': 3653649, 'model_rej': 0} 24227s
    ... {'checks': 75050000, 'confl': 3654104, 'model_rej': 0} 24252s
    ... {'checks': 75100000, 'confl': 3654381, 'model_rej': 0} 24278s
    ... {'checks': 75150000, 'confl': 3654625, 'model_rej': 0} 24304s
    ... {'checks': 75200000, 'confl': 3654847, 'model_rej': 0} 24331s
    ... {'checks': 75250000, 'confl': 3655249, 'model_rej': 0} 24357s
    ... {'checks': 75300000, 'confl': 3655898, 'model_rej': 0} 24382s
    ... {'checks': 75350000, 'confl': 3656659, 'model_rej': 0} 24406s
    ... {'checks': 75400000, 'confl': 3657803, 'model_rej': 0} 24429s
    ... {'checks': 75450000, 'confl': 3658541, 'model_rej': 0} 24454s
    ... {'checks': 75500000, 'confl': 3658832, 'model_rej': 0} 24480s
    ... {'checks': 75550000, 'confl': 3659532, 'model_rej': 0} 24504s
    ... {'checks': 75600000, 'confl': 3660037, 'model_rej': 0} 24526s
    ... {'checks': 75650000, 'confl': 3660453, 'model_rej': 0} 24548s
    ... {'checks': 75700000, 'confl': 3660867, 'model_rej': 0} 24572s
    ... {'checks': 75750000, 'confl': 3661366, 'model_rej': 0} 24595s
    ... {'checks': 75800000, 'confl': 3661992, 'model_rej': 0} 24617s
    ... {'checks': 75850000, 'confl': 3662384, 'model_rej': 0} 24641s
    ... {'checks': 75900000, 'confl': 3662686, 'model_rej': 0} 24665s
    ... {'checks': 75950000, 'confl': 3663111, 'model_rej': 0} 25003s
    ... {'checks': 76000000, 'confl': 3663485, 'model_rej': 0} 25025s
    ... {'checks': 76050000, 'confl': 3664190, 'model_rej': 0} 25050s
    ... {'checks': 76100000, 'confl': 3664768, 'model_rej': 0} 25074s
    ... {'checks': 76150000, 'confl': 3665122, 'model_rej': 0} 25099s
    ... {'checks': 76200000, 'confl': 3665628, 'model_rej': 0} 25125s
    ... {'checks': 76250000, 'confl': 3666041, 'model_rej': 0} 25145s
    ... {'checks': 76300000, 'confl': 3666504, 'model_rej': 0} 25163s
    ... {'checks': 76350000, 'confl': 3667070, 'model_rej': 0} 25184s
    ... {'checks': 76400000, 'confl': 3667596, 'model_rej': 0} 25204s
    ... {'checks': 76450000, 'confl': 3667871, 'model_rej': 0} 25228s
    ... {'checks': 76500000, 'confl': 3668210, 'model_rej': 0} 25249s
    ... {'checks': 76550000, 'confl': 3668637, 'model_rej': 0} 25272s
    ... {'checks': 76600000, 'confl': 3669151, 'model_rej': 0} 25296s
    ... {'checks': 76650000, 'confl': 3669696, 'model_rej': 0} 25318s
    ... {'checks': 76700000, 'confl': 3670264, 'model_rej': 0} 25605s
    ... {'checks': 76750000, 'confl': 3670693, 'model_rej': 0} 25629s
    ... {'checks': 76800000, 'confl': 3671038, 'model_rej': 0} 25652s
    ... {'checks': 76850000, 'confl': 3671319, 'model_rej': 0} 25674s
    ... {'checks': 76900000, 'confl': 3671577, 'model_rej': 0} 25699s
    ... {'checks': 76950000, 'confl': 3671842, 'model_rej': 0} 25723s
    ... {'checks': 77000000, 'confl': 3672104, 'model_rej': 0} 25748s
    ... {'checks': 77050000, 'confl': 3672510, 'model_rej': 0} 25770s
    ... {'checks': 77100000, 'confl': 3672798, 'model_rej': 0} 25793s
    ... {'checks': 77150000, 'confl': 3673066, 'model_rej': 0} 25818s
    ... {'checks': 77200000, 'confl': 3673258, 'model_rej': 0} 25845s
    ... {'checks': 77250000, 'confl': 3673517, 'model_rej': 0} 25872s
    ... {'checks': 77300000, 'confl': 3673733, 'model_rej': 0} 25897s
    ... {'checks': 77350000, 'confl': 3674029, 'model_rej': 0} 25923s
    ... {'checks': 77400000, 'confl': 3674285, 'model_rej': 0} 26240s
    ... {'checks': 77450000, 'confl': 3674487, 'model_rej': 0} 26263s
    ... {'checks': 77500000, 'confl': 3674716, 'model_rej': 0} 26285s
    ... {'checks': 77550000, 'confl': 3674902, 'model_rej': 0} 26310s
    ... {'checks': 77600000, 'confl': 3675094, 'model_rej': 0} 26332s
    ... {'checks': 77650000, 'confl': 3675360, 'model_rej': 0} 26356s
    ... {'checks': 77700000, 'confl': 3675575, 'model_rej': 0} 26381s
    ... {'checks': 77750000, 'confl': 3675817, 'model_rej': 0} 26404s
    ... {'checks': 77800000, 'confl': 3675974, 'model_rej': 0} 26428s
    ... {'checks': 77850000, 'confl': 3676093, 'model_rej': 0} 26451s
    ... {'checks': 77900000, 'confl': 3676542, 'model_rej': 0} 26476s
    ... {'checks': 77950000, 'confl': 3677201, 'model_rej': 0} 26501s
    ... {'checks': 78000000, 'confl': 3678260, 'model_rej': 0} 26525s
    ... {'checks': 78050000, 'confl': 3679182, 'model_rej': 0} 26549s
    ... {'checks': 78100000, 'confl': 3679935, 'model_rej': 0} 26574s
    ... {'checks': 78150000, 'confl': 3680737, 'model_rej': 0} 26599s
    ... {'checks': 78200000, 'confl': 3681361, 'model_rej': 0} 26625s
    ... {'checks': 78250000, 'confl': 3682180, 'model_rej': 0} 26706s
    ... {'checks': 78300000, 'confl': 3683093, 'model_rej': 0} 26731s
    ... {'checks': 78350000, 'confl': 3683917, 'model_rej': 0} 26757s
    ... {'checks': 78400000, 'confl': 3684452, 'model_rej': 0} 26786s
    ... {'checks': 78450000, 'confl': 3685217, 'model_rej': 0} 26813s
    ... {'checks': 78500000, 'confl': 3685785, 'model_rej': 0} 26839s
    ... {'checks': 78550000, 'confl': 3686280, 'model_rej': 0} 26866s
    ... {'checks': 78600000, 'confl': 3686629, 'model_rej': 0} 26891s
    ... {'checks': 78650000, 'confl': 3687321, 'model_rej': 0} 26915s
    ... {'checks': 78700000, 'confl': 3688162, 'model_rej': 0} 26938s
    ... {'checks': 78750000, 'confl': 3688710, 'model_rej': 0} 26961s
    ... {'checks': 78800000, 'confl': 3689496, 'model_rej': 0} 26985s
    ... {'checks': 78850000, 'confl': 3690569, 'model_rej': 0} 27007s
    ... {'checks': 78900000, 'confl': 3691254, 'model_rej': 0} 27036s
    ... {'checks': 78950000, 'confl': 3692178, 'model_rej': 0} 27062s
    ... {'checks': 79000000, 'confl': 3692975, 'model_rej': 0} 27087s
    ... {'checks': 79050000, 'confl': 3693521, 'model_rej': 0} 27114s
    ... {'checks': 79100000, 'confl': 3694100, 'model_rej': 0} 27139s
    ... {'checks': 79150000, 'confl': 3694788, 'model_rej': 0} 27165s
    ... {'checks': 79200000, 'confl': 3695344, 'model_rej': 0} 27192s
    ... {'checks': 79250000, 'confl': 3695921, 'model_rej': 0} 27217s
    ... {'checks': 79300000, 'confl': 3696465, 'model_rej': 0} 27241s
    ... {'checks': 79350000, 'confl': 3696988, 'model_rej': 0} 27266s
    ... {'checks': 79400000, 'confl': 3697576, 'model_rej': 0} 27291s
    ... {'checks': 79450000, 'confl': 3697982, 'model_rej': 0} 27317s
    ... {'checks': 79500000, 'confl': 3698242, 'model_rej': 0} 27342s
    ... {'checks': 79550000, 'confl': 3698509, 'model_rej': 0} 27368s
    ... {'checks': 79600000, 'confl': 3698740, 'model_rej': 0} 27394s
    ... {'checks': 79650000, 'confl': 3699098, 'model_rej': 0} 27416s
    ... {'checks': 79700000, 'confl': 3699558, 'model_rej': 0} 27436s
    ... {'checks': 79750000, 'confl': 3700154, 'model_rej': 0} 27458s
    ... {'checks': 79800000, 'confl': 3700733, 'model_rej': 0} 27479s
    ... {'checks': 79850000, 'confl': 3701342, 'model_rej': 0} 27501s
    ... {'checks': 79900000, 'confl': 3702079, 'model_rej': 0} 27526s
    ... {'checks': 79950000, 'confl': 3702878, 'model_rej': 0} 27547s
    ... {'checks': 80000000, 'confl': 3703372, 'model_rej': 0} 27566s
    ... {'checks': 80050000, 'confl': 3704075, 'model_rej': 0} 27586s
    ... {'checks': 80100000, 'confl': 3704878, 'model_rej': 0} 27603s
    ... {'checks': 80150000, 'confl': 3705628, 'model_rej': 0} 27620s
    ... {'checks': 80200000, 'confl': 3706587, 'model_rej': 0} 27640s
    ... {'checks': 80250000, 'confl': 3707471, 'model_rej': 0} 27660s
    ... {'checks': 80300000, 'confl': 3708278, 'model_rej': 0} 27679s
    ... {'checks': 80350000, 'confl': 3708999, 'model_rej': 0} 27700s
    ... {'checks': 80400000, 'confl': 3709670, 'model_rej': 0} 27726s
    ... {'checks': 80450000, 'confl': 3710433, 'model_rej': 0} 27745s
    ... {'checks': 80500000, 'confl': 3711369, 'model_rej': 0} 27768s
    ... {'checks': 80550000, 'confl': 3712073, 'model_rej': 0} 27796s
    ... {'checks': 80600000, 'confl': 3712768, 'model_rej': 0} 27821s
    ... {'checks': 80650000, 'confl': 3713558, 'model_rej': 0} 27847s
    ... {'checks': 80700000, 'confl': 3714135, 'model_rej': 0} 27874s
    ... {'checks': 80750000, 'confl': 3714620, 'model_rej': 0} 27899s
    ... {'checks': 80800000, 'confl': 3715086, 'model_rej': 0} 27925s
    ... {'checks': 80850000, 'confl': 3715620, 'model_rej': 0} 27951s
    ... {'checks': 80900000, 'confl': 3716412, 'model_rej': 0} 27979s
    ... {'checks': 80950000, 'confl': 3717210, 'model_rej': 0} 28006s
    ... {'checks': 81000000, 'confl': 3718182, 'model_rej': 0} 28033s
    ... {'checks': 81050000, 'confl': 3719046, 'model_rej': 0} 28058s
    ... {'checks': 81100000, 'confl': 3720535, 'model_rej': 0} 28082s
    ... {'checks': 81150000, 'confl': 3721928, 'model_rej': 0} 28105s
    ... {'checks': 81200000, 'confl': 3722957, 'model_rej': 0} 28129s
    ... {'checks': 81250000, 'confl': 3723819, 'model_rej': 0} 28152s
    ... {'checks': 81300000, 'confl': 3724868, 'model_rej': 0} 28176s
    ... {'checks': 81350000, 'confl': 3726001, 'model_rej': 0} 28199s
    ... {'checks': 81400000, 'confl': 3726836, 'model_rej': 0} 28225s
    ... {'checks': 81450000, 'confl': 3727601, 'model_rej': 0} 28250s
    ... {'checks': 81500000, 'confl': 3728525, 'model_rej': 0} 28276s
    ... {'checks': 81550000, 'confl': 3729339, 'model_rej': 0} 28301s
    ... {'checks': 81600000, 'confl': 3730189, 'model_rej': 0} 28325s
    ... {'checks': 81650000, 'confl': 3730871, 'model_rej': 0} 28351s
    ... {'checks': 81700000, 'confl': 3731883, 'model_rej': 0} 28374s
    ... {'checks': 81750000, 'confl': 3732681, 'model_rej': 0} 28397s
    ... {'checks': 81800000, 'confl': 3733625, 'model_rej': 0} 28421s
    ... {'checks': 81850000, 'confl': 3734511, 'model_rej': 0} 28445s
    ... {'checks': 81900000, 'confl': 3735256, 'model_rej': 0} 28470s
    ... {'checks': 81950000, 'confl': 3736031, 'model_rej': 0} 28814s
    ... {'checks': 82000000, 'confl': 3736718, 'model_rej': 0} 28837s
    ... {'checks': 82050000, 'confl': 3737379, 'model_rej': 0} 28860s
    ... {'checks': 82100000, 'confl': 3738080, 'model_rej': 0} 28883s
    ... {'checks': 82150000, 'confl': 3738731, 'model_rej': 0} 28906s
    ... {'checks': 82200000, 'confl': 3739336, 'model_rej': 0} 28930s
    ... {'checks': 82250000, 'confl': 3740415, 'model_rej': 0} 28951s
    ... {'checks': 82300000, 'confl': 3741236, 'model_rej': 0} 28973s
    ... {'checks': 82350000, 'confl': 3742630, 'model_rej': 0} 28990s
    ... {'checks': 82400000, 'confl': 3744020, 'model_rej': 0} 29011s
    ... {'checks': 82450000, 'confl': 3745357, 'model_rej': 0} 29032s
    ... {'checks': 82500000, 'confl': 3746860, 'model_rej': 0} 29050s
    ... {'checks': 82550000, 'confl': 3748128, 'model_rej': 0} 29073s
    ... {'checks': 82600000, 'confl': 3749509, 'model_rej': 0} 29096s
    ... {'checks': 82650000, 'confl': 3750266, 'model_rej': 0} 29121s
    ... {'checks': 82700000, 'confl': 3751323, 'model_rej': 0} 29144s
    ... {'checks': 82750000, 'confl': 3752127, 'model_rej': 0} 29167s
    ... {'checks': 82800000, 'confl': 3753048, 'model_rej': 0} 29190s
    ... {'checks': 82850000, 'confl': 3754235, 'model_rej': 0} 29215s
    ... {'checks': 82900000, 'confl': 3755746, 'model_rej': 0} 29239s
    ... {'checks': 82950000, 'confl': 3756631, 'model_rej': 0} 29263s
    ... {'checks': 83000000, 'confl': 3757353, 'model_rej': 0} 29290s
    ... {'checks': 83050000, 'confl': 3758335, 'model_rej': 0} 29315s
    ... {'checks': 83100000, 'confl': 3759232, 'model_rej': 0} 29339s
    ... {'checks': 83150000, 'confl': 3760202, 'model_rej': 0} 29363s
    ... {'checks': 83200000, 'confl': 3761032, 'model_rej': 0} 29387s
    ... {'checks': 83250000, 'confl': 3761810, 'model_rej': 0} 29410s
    ... {'checks': 83300000, 'confl': 3762528, 'model_rej': 0} 29434s
    ... {'checks': 83350000, 'confl': 3763126, 'model_rej': 0} 29458s
    ... {'checks': 83400000, 'confl': 3763867, 'model_rej': 0} 29482s
    ... {'checks': 83450000, 'confl': 3764998, 'model_rej': 0} 29505s
    ... {'checks': 83500000, 'confl': 3765689, 'model_rej': 0} 29532s
    ... {'checks': 83550000, 'confl': 3766595, 'model_rej': 0} 29552s
    ... {'checks': 83600000, 'confl': 3767360, 'model_rej': 0} 29574s
    ... {'checks': 83650000, 'confl': 3768290, 'model_rej': 0} 29596s
    ... {'checks': 83700000, 'confl': 3769425, 'model_rej': 0} 29618s
    ... {'checks': 83750000, 'confl': 3770335, 'model_rej': 0} 29640s
    ... {'checks': 83800000, 'confl': 3771199, 'model_rej': 0} 29662s
    ... {'checks': 83850000, 'confl': 3772257, 'model_rej': 0} 29685s
    ... {'checks': 83900000, 'confl': 3773151, 'model_rej': 0} 29707s
    ... {'checks': 83950000, 'confl': 3774104, 'model_rej': 0} 29729s
    ... {'checks': 84000000, 'confl': 3775089, 'model_rej': 0} 29753s
    ... {'checks': 84050000, 'confl': 3777010, 'model_rej': 0} 29774s
    ... {'checks': 84100000, 'confl': 3778026, 'model_rej': 0} 29794s
    ... {'checks': 84150000, 'confl': 3779581, 'model_rej': 0} 29813s
    ... {'checks': 84200000, 'confl': 3780821, 'model_rej': 0} 29832s
    ... {'checks': 84250000, 'confl': 3781902, 'model_rej': 0} 29847s
    ... {'checks': 84300000, 'confl': 3782875, 'model_rej': 0} 29873s
    ... {'checks': 84350000, 'confl': 3783922, 'model_rej': 0} 29897s
    ... {'checks': 84400000, 'confl': 3784934, 'model_rej': 0} 29922s
    ... {'checks': 84450000, 'confl': 3785849, 'model_rej': 0} 29947s
    ... {'checks': 84500000, 'confl': 3786590, 'model_rej': 0} 29971s
    ... {'checks': 84550000, 'confl': 3787474, 'model_rej': 0} 29993s
    ... {'checks': 84600000, 'confl': 3788283, 'model_rej': 0} 30009s
    ... {'checks': 84650000, 'confl': 3789352, 'model_rej': 0} 30025s
    ... {'checks': 84700000, 'confl': 3790157, 'model_rej': 0} 30042s
    ... {'checks': 84750000, 'confl': 3791028, 'model_rej': 0} 30058s
    ... {'checks': 84800000, 'confl': 3791725, 'model_rej': 0} 30075s
    ... {'checks': 84850000, 'confl': 3792611, 'model_rej': 0} 30093s
    ... {'checks': 84900000, 'confl': 3793719, 'model_rej': 0} 30111s
    ... {'checks': 84950000, 'confl': 3794494, 'model_rej': 0} 30131s
    ... {'checks': 85000000, 'confl': 3795886, 'model_rej': 0} 30146s
    ... {'checks': 85050000, 'confl': 3798458, 'model_rej': 0} 30465s
    ... {'checks': 85100000, 'confl': 3801118, 'model_rej': 0} 30477s
    ... {'checks': 85150000, 'confl': 3803745, 'model_rej': 0} 30490s
    ... {'checks': 85200000, 'confl': 3806527, 'model_rej': 0} 30504s
    ... {'checks': 85250000, 'confl': 3809181, 'model_rej': 0} 30518s
    ... {'checks': 85300000, 'confl': 3811329, 'model_rej': 0} 30532s
    ... {'checks': 85350000, 'confl': 3813075, 'model_rej': 0} 30545s
    ... {'checks': 85400000, 'confl': 3814849, 'model_rej': 0} 30558s
    ... {'checks': 85450000, 'confl': 3816614, 'model_rej': 0} 30572s
    ... {'checks': 85500000, 'confl': 3818455, 'model_rej': 0} 30586s
    ... {'checks': 85550000, 'confl': 3820317, 'model_rej': 0} 30599s
    ... {'checks': 85600000, 'confl': 3822432, 'model_rej': 0} 30613s
    ... {'checks': 85650000, 'confl': 3826282, 'model_rej': 0} 30625s
    ... {'checks': 85700000, 'confl': 3828705, 'model_rej': 0} 30638s
    ... {'checks': 85750000, 'confl': 3831503, 'model_rej': 0} 30651s
    ... {'checks': 85800000, 'confl': 3834500, 'model_rej': 0} 30661s
    ... {'checks': 85850000, 'confl': 3837093, 'model_rej': 0} 30672s
    ... {'checks': 85900000, 'confl': 3839133, 'model_rej': 0} 30682s
    ... {'checks': 85950000, 'confl': 3841439, 'model_rej': 0} 30693s
    ... {'checks': 86000000, 'confl': 3844704, 'model_rej': 0} 30704s
    ... {'checks': 86050000, 'confl': 3848044, 'model_rej': 0} 30716s
    ... {'checks': 86100000, 'confl': 3850773, 'model_rej': 0} 30726s
    ... {'checks': 86150000, 'confl': 3853970, 'model_rej': 0} 30737s
    ... {'checks': 86200000, 'confl': 3856328, 'model_rej': 0} 30747s
    ... {'checks': 86250000, 'confl': 3859609, 'model_rej': 0} 30757s
    ... {'checks': 86300000, 'confl': 3862368, 'model_rej': 0} 30767s
    ... {'checks': 86350000, 'confl': 3864371, 'model_rej': 0} 30777s
    ... {'checks': 86400000, 'confl': 3866620, 'model_rej': 0} 30788s
    ... {'checks': 86450000, 'confl': 3868202, 'model_rej': 0} 30801s
    ... {'checks': 86500000, 'confl': 3870655, 'model_rej': 0} 30818s
    ... {'checks': 86550000, 'confl': 3872919, 'model_rej': 0} 30833s
    ... {'checks': 86600000, 'confl': 3874746, 'model_rej': 0} 30848s
    ... {'checks': 86650000, 'confl': 3876166, 'model_rej': 0} 30862s
    ... {'checks': 86700000, 'confl': 3877246, 'model_rej': 0} 30875s
    ... {'checks': 86750000, 'confl': 3878181, 'model_rej': 0} 30921s
    ... {'checks': 86800000, 'confl': 3879321, 'model_rej': 0} 30937s
    ... {'checks': 86850000, 'confl': 3880232, 'model_rej': 0} 30951s
    ... {'checks': 86900000, 'confl': 3883126, 'model_rej': 0} 30968s
    ... {'checks': 86950000, 'confl': 3885518, 'model_rej': 0} 30985s
    ... {'checks': 87000000, 'confl': 3887992, 'model_rej': 0} 31001s
    ... {'checks': 87050000, 'confl': 3890020, 'model_rej': 0} 31018s
    ... {'checks': 87100000, 'confl': 3892222, 'model_rej': 0} 31033s
    ... {'checks': 87150000, 'confl': 3894300, 'model_rej': 0} 31258s
    ... {'checks': 87200000, 'confl': 3896103, 'model_rej': 0} 31277s
    ... {'checks': 87250000, 'confl': 3897814, 'model_rej': 0} 31295s
    ... {'checks': 87300000, 'confl': 3899527, 'model_rej': 0} 31312s
    ... {'checks': 87350000, 'confl': 3902327, 'model_rej': 0} 31334s
    ... {'checks': 87400000, 'confl': 3905213, 'model_rej': 0} 31356s
    ... {'checks': 87450000, 'confl': 3908435, 'model_rej': 0} 31378s
    ... {'checks': 87500000, 'confl': 3910933, 'model_rej': 0} 31397s
    ... {'checks': 87550000, 'confl': 3913581, 'model_rej': 0} 31416s
    ... {'checks': 87600000, 'confl': 3916107, 'model_rej': 0} 31434s
    ... {'checks': 87650000, 'confl': 3918517, 'model_rej': 0} 31452s
    ... {'checks': 87700000, 'confl': 3920452, 'model_rej': 0} 31473s
    ... {'checks': 87750000, 'confl': 3922496, 'model_rej': 0} 31491s
    ... {'checks': 87800000, 'confl': 3924825, 'model_rej': 0} 31506s
    ... {'checks': 87850000, 'confl': 3927171, 'model_rej': 0} 31524s
    ... {'checks': 87900000, 'confl': 3929204, 'model_rej': 0} 31542s
    ... {'checks': 87950000, 'confl': 3932062, 'model_rej': 0} 31557s
    ... {'checks': 88000000, 'confl': 3934985, 'model_rej': 0} 31570s
    ... {'checks': 88050000, 'confl': 3938035, 'model_rej': 0} 31583s
    ... {'checks': 88100000, 'confl': 3940237, 'model_rej': 0} 31596s
    ... {'checks': 88150000, 'confl': 3941946, 'model_rej': 0} 31608s
    ... {'checks': 88200000, 'confl': 3943670, 'model_rej': 0} 31620s
    ... {'checks': 88250000, 'confl': 3945808, 'model_rej': 0} 31633s
    ... {'checks': 88300000, 'confl': 3946990, 'model_rej': 0} 31645s
    ... {'checks': 88350000, 'confl': 3948776, 'model_rej': 0} 31658s
    ... {'checks': 88400000, 'confl': 3951475, 'model_rej': 0} 31669s
    ... {'checks': 88450000, 'confl': 3953928, 'model_rej': 0} 31680s
    ... {'checks': 88500000, 'confl': 3955707, 'model_rej': 0} 31885s
    ... {'checks': 88550000, 'confl': 3957658, 'model_rej': 0} 31903s
    ... {'checks': 88600000, 'confl': 3959483, 'model_rej': 0} 31920s
    ... {'checks': 88650000, 'confl': 3961524, 'model_rej': 0} 31937s
    ... {'checks': 88700000, 'confl': 3963222, 'model_rej': 0} 31953s
    ... {'checks': 88750000, 'confl': 3964785, 'model_rej': 0} 31968s
    ... {'checks': 88800000, 'confl': 3966609, 'model_rej': 0} 31983s
    ... {'checks': 88850000, 'confl': 3967968, 'model_rej': 0} 31998s
    ... {'checks': 88900000, 'confl': 3969573, 'model_rej': 0} 32014s
    ... {'checks': 88950000, 'confl': 3971296, 'model_rej': 0} 32032s
    ... {'checks': 89000000, 'confl': 3972610, 'model_rej': 0} 32075s
    ... {'checks': 89050000, 'confl': 3974175, 'model_rej': 0} 32093s
    ... {'checks': 89100000, 'confl': 3975726, 'model_rej': 0} 32108s
    ... {'checks': 89150000, 'confl': 3976710, 'model_rej': 0} 32118s
    ... {'checks': 89200000, 'confl': 3978277, 'model_rej': 0} 32129s
    ... {'checks': 89250000, 'confl': 3979915, 'model_rej': 0} 32141s
    ... {'checks': 89300000, 'confl': 3982268, 'model_rej': 0} 32152s
    ... {'checks': 89350000, 'confl': 3984110, 'model_rej': 0} 32164s
    ... {'checks': 89400000, 'confl': 3985684, 'model_rej': 0} 32176s
    ... {'checks': 89450000, 'confl': 3987230, 'model_rej': 0} 32191s
    ... {'checks': 89500000, 'confl': 3988937, 'model_rej': 0} 32205s
    ... {'checks': 89550000, 'confl': 3990312, 'model_rej': 0} 32217s
    ... {'checks': 89600000, 'confl': 3992174, 'model_rej': 0} 32232s
    ... {'checks': 89650000, 'confl': 3994110, 'model_rej': 0} 32252s
    ... {'checks': 89700000, 'confl': 3995580, 'model_rej': 0} 32272s
    ... {'checks': 89750000, 'confl': 3997381, 'model_rej': 0} 32290s
    ... {'checks': 89800000, 'confl': 3998674, 'model_rej': 0} 32307s
    ... {'checks': 89850000, 'confl': 4000856, 'model_rej': 0} 32325s
    ... {'checks': 89900000, 'confl': 4002605, 'model_rej': 0} 32344s
    ... {'checks': 89950000, 'confl': 4004341, 'model_rej': 0} 32362s
    ... {'checks': 90000000, 'confl': 4005823, 'model_rej': 0} 32379s
    ... {'checks': 90050000, 'confl': 4007422, 'model_rej': 0} 32396s
    ... {'checks': 90100000, 'confl': 4009611, 'model_rej': 0} 32414s
    ... {'checks': 90150000, 'confl': 4011418, 'model_rej': 0} 32433s
    ... {'checks': 90200000, 'confl': 4014094, 'model_rej': 0} 32454s
    ... {'checks': 90250000, 'confl': 4015884, 'model_rej': 0} 32472s
    ... {'checks': 90300000, 'confl': 4017539, 'model_rej': 0} 32489s
    ... {'checks': 90350000, 'confl': 4018924, 'model_rej': 0} 32509s
    ... {'checks': 90400000, 'confl': 4020196, 'model_rej': 0} 32528s
    ... {'checks': 90450000, 'confl': 4021695, 'model_rej': 0} 32549s
    ... {'checks': 90500000, 'confl': 4023129, 'model_rej': 0} 32567s
    ... {'checks': 90550000, 'confl': 4024232, 'model_rej': 0} 32587s
    ... {'checks': 90600000, 'confl': 4025464, 'model_rej': 0} 32605s
    ... {'checks': 90650000, 'confl': 4027457, 'model_rej': 0} 32621s
    ... {'checks': 90700000, 'confl': 4029016, 'model_rej': 0} 32640s
    ... {'checks': 90750000, 'confl': 4030606, 'model_rej': 0} 32662s
    ... {'checks': 90800000, 'confl': 4032783, 'model_rej': 0} 32679s
    ... {'checks': 90850000, 'confl': 4034362, 'model_rej': 0} 32699s
    ... {'checks': 90900000, 'confl': 4035481, 'model_rej': 0} 32716s
    ... {'checks': 90950000, 'confl': 4036454, 'model_rej': 0} 32733s
    ... {'checks': 91000000, 'confl': 4038203, 'model_rej': 0} 32752s
    ... {'checks': 91050000, 'confl': 4039670, 'model_rej': 0} 32771s
    ... {'checks': 91100000, 'confl': 4041156, 'model_rej': 0} 32789s
    ... {'checks': 91150000, 'confl': 4042559, 'model_rej': 0} 32807s
    ... {'checks': 91200000, 'confl': 4043808, 'model_rej': 0} 32829s
    ... {'checks': 91250000, 'confl': 4044841, 'model_rej': 0} 32850s
    ... {'checks': 91300000, 'confl': 4045819, 'model_rej': 0} 32868s
    ... {'checks': 91350000, 'confl': 4046917, 'model_rej': 0} 32889s
    ... {'checks': 91400000, 'confl': 4048674, 'model_rej': 0} 32910s
    ... {'checks': 91450000, 'confl': 4050454, 'model_rej': 0} 32930s
    ... {'checks': 91500000, 'confl': 4051419, 'model_rej': 0} 32950s
    ... {'checks': 91550000, 'confl': 4052570, 'model_rej': 0} 32971s
    ... {'checks': 91600000, 'confl': 4053942, 'model_rej': 0} 32991s
    ... {'checks': 91650000, 'confl': 4055384, 'model_rej': 0} 33012s
    ... {'checks': 91700000, 'confl': 4056392, 'model_rej': 0} 33034s
    ... {'checks': 91750000, 'confl': 4057569, 'model_rej': 0} 33056s
    ... {'checks': 91800000, 'confl': 4058723, 'model_rej': 0} 33078s
    ... {'checks': 91850000, 'confl': 4060470, 'model_rej': 0} 33592s
    ... {'checks': 91900000, 'confl': 4062155, 'model_rej': 0} 33617s
    ... {'checks': 91950000, 'confl': 4063633, 'model_rej': 0} 33642s
    ... {'checks': 92000000, 'confl': 4065271, 'model_rej': 0} 33666s
    ... {'checks': 92050000, 'confl': 4066470, 'model_rej': 0} 33690s
    ... {'checks': 92100000, 'confl': 4067941, 'model_rej': 0} 33713s
    ... {'checks': 92150000, 'confl': 4069699, 'model_rej': 0} 33736s
    ... {'checks': 92200000, 'confl': 4071335, 'model_rej': 0} 33759s
    ... {'checks': 92250000, 'confl': 4072870, 'model_rej': 0} 33780s
    ... {'checks': 92300000, 'confl': 4074212, 'model_rej': 0} 33802s
    ... {'checks': 92350000, 'confl': 4075330, 'model_rej': 0} 33823s
    ... {'checks': 92400000, 'confl': 4076609, 'model_rej': 0} 33841s
    ... {'checks': 92450000, 'confl': 4078795, 'model_rej': 0} 33870s
    ... {'checks': 92500000, 'confl': 4081326, 'model_rej': 0} 33900s
    ... {'checks': 92550000, 'confl': 4083817, 'model_rej': 0} 33932s
    ... {'checks': 92600000, 'confl': 4086239, 'model_rej': 0} 33963s
    ... {'checks': 92650000, 'confl': 4087959, 'model_rej': 0} 33994s
    ... {'checks': 92700000, 'confl': 4089520, 'model_rej': 0} 34020s
    ... {'checks': 92750000, 'confl': 4091419, 'model_rej': 0} 34047s
    ... {'checks': 92800000, 'confl': 4093400, 'model_rej': 0} 34075s
    ... {'checks': 92850000, 'confl': 4095755, 'model_rej': 0} 34105s
    ... {'checks': 92900000, 'confl': 4098229, 'model_rej': 0} 34140s
    ... {'checks': 92950000, 'confl': 4100597, 'model_rej': 0} 34169s
    ... {'checks': 93000000, 'confl': 4102720, 'model_rej': 0} 34198s
    ... {'checks': 93050000, 'confl': 4104510, 'model_rej': 0} 34227s
    ... {'checks': 93100000, 'confl': 4105335, 'model_rej': 0} 34252s
    ... {'checks': 93150000, 'confl': 4106365, 'model_rej': 0} 34277s
    ... {'checks': 93200000, 'confl': 4107333, 'model_rej': 0} 34300s
    ... {'checks': 93250000, 'confl': 4108220, 'model_rej': 0} 34322s
    ... {'checks': 93300000, 'confl': 4109359, 'model_rej': 0} 34344s
    ... {'checks': 93350000, 'confl': 4110590, 'model_rej': 0} 34366s
    ... {'checks': 93400000, 'confl': 4111543, 'model_rej': 0} 34389s
    ... {'checks': 93450000, 'confl': 4113191, 'model_rej': 0} 34411s
    ... {'checks': 93500000, 'confl': 4114820, 'model_rej': 0} 34432s
    ... {'checks': 93550000, 'confl': 4116128, 'model_rej': 0} 34453s
    ... {'checks': 93600000, 'confl': 4117767, 'model_rej': 0} 34690s
    ... {'checks': 93650000, 'confl': 4119411, 'model_rej': 0} 34714s
    ... {'checks': 93700000, 'confl': 4121311, 'model_rej': 0} 34740s
    ... {'checks': 93750000, 'confl': 4122721, 'model_rej': 0} 34766s
    ... {'checks': 93800000, 'confl': 4124184, 'model_rej': 0} 34790s
    ... {'checks': 93850000, 'confl': 4125822, 'model_rej': 0} 34814s
    ... {'checks': 93900000, 'confl': 4127437, 'model_rej': 0} 34838s
    ... {'checks': 93950000, 'confl': 4129057, 'model_rej': 0} 34862s
    ... {'checks': 94000000, 'confl': 4130503, 'model_rej': 0} 34886s
    ... {'checks': 94050000, 'confl': 4132260, 'model_rej': 0} 34913s
    ... {'checks': 94100000, 'confl': 4133398, 'model_rej': 0} 34937s
    ... {'checks': 94150000, 'confl': 4135047, 'model_rej': 0} 34961s
    ... {'checks': 94200000, 'confl': 4136777, 'model_rej': 0} 34984s
    ... {'checks': 94250000, 'confl': 4138338, 'model_rej': 0} 35007s
    ... {'checks': 94300000, 'confl': 4139144, 'model_rej': 0} 35037s
    ... {'checks': 94350000, 'confl': 4140458, 'model_rej': 0} 35061s
    ... {'checks': 94400000, 'confl': 4141676, 'model_rej': 0} 35085s
    ... {'checks': 94450000, 'confl': 4142895, 'model_rej': 0} 35109s
    ... {'checks': 94500000, 'confl': 4143890, 'model_rej': 0} 35132s
    ... {'checks': 94550000, 'confl': 4145344, 'model_rej': 0} 35157s
    ... {'checks': 94600000, 'confl': 4146617, 'model_rej': 0} 35181s
    ... {'checks': 94650000, 'confl': 4147858, 'model_rej': 0} 35205s
    ... {'checks': 94700000, 'confl': 4149108, 'model_rej': 0} 35234s
    ... {'checks': 94750000, 'confl': 4150127, 'model_rej': 0} 35256s
    ... {'checks': 94800000, 'confl': 4151073, 'model_rej': 0} 35276s
    ... {'checks': 94850000, 'confl': 4151980, 'model_rej': 0} 35298s
    ... {'checks': 94900000, 'confl': 4153098, 'model_rej': 0} 35322s
    ... {'checks': 94950000, 'confl': 4154073, 'model_rej': 0} 35346s
    ... {'checks': 95000000, 'confl': 4155079, 'model_rej': 0} 35369s
    ... {'checks': 95050000, 'confl': 4156008, 'model_rej': 0} 35396s
    ... {'checks': 95100000, 'confl': 4157092, 'model_rej': 0} 35416s
    ... {'checks': 95150000, 'confl': 4158167, 'model_rej': 0} 35437s
    ... {'checks': 95200000, 'confl': 4158865, 'model_rej': 0} 35459s
    ... {'checks': 95250000, 'confl': 4159815, 'model_rej': 0} 35482s
    ... {'checks': 95300000, 'confl': 4160518, 'model_rej': 0} 35777s
    ... {'checks': 95350000, 'confl': 4161023, 'model_rej': 0} 35798s
    ... {'checks': 95400000, 'confl': 4162209, 'model_rej': 0} 35823s
    ... {'checks': 95450000, 'confl': 4163093, 'model_rej': 0} 35845s
    ... {'checks': 95500000, 'confl': 4163919, 'model_rej': 0} 35868s
    ... {'checks': 95550000, 'confl': 4164598, 'model_rej': 0} 35890s
    ... {'checks': 95600000, 'confl': 4165358, 'model_rej': 0} 35910s
    ... {'checks': 95650000, 'confl': 4166281, 'model_rej': 0} 35931s
    ... {'checks': 95700000, 'confl': 4166967, 'model_rej': 0} 35952s
    ... {'checks': 95750000, 'confl': 4168129, 'model_rej': 0} 35976s
    ... {'checks': 95800000, 'confl': 4168981, 'model_rej': 0} 35997s
    ... {'checks': 95850000, 'confl': 4169918, 'model_rej': 0} 36021s
    ... {'checks': 95900000, 'confl': 4171990, 'model_rej': 0} 36049s
    ... {'checks': 95950000, 'confl': 4173452, 'model_rej': 0} 36074s
    ... {'checks': 96000000, 'confl': 4175321, 'model_rej': 0} 36099s
    ... {'checks': 96050000, 'confl': 4177623, 'model_rej': 0} 36121s
    ... {'checks': 96100000, 'confl': 4179178, 'model_rej': 0} 36146s
    ... {'checks': 96150000, 'confl': 4180903, 'model_rej': 0} 36170s
    ... {'checks': 96200000, 'confl': 4181850, 'model_rej': 0} 36191s
    ... {'checks': 96250000, 'confl': 4183396, 'model_rej': 0} 36214s
    ... {'checks': 96300000, 'confl': 4185235, 'model_rej': 0} 36238s
    ... {'checks': 96350000, 'confl': 4186929, 'model_rej': 0} 36262s
    ... {'checks': 96400000, 'confl': 4187823, 'model_rej': 0} 36285s
    ... {'checks': 96450000, 'confl': 4188990, 'model_rej': 0} 36310s
    ... {'checks': 96500000, 'confl': 4189601, 'model_rej': 0} 36332s
    ... {'checks': 96550000, 'confl': 4190201, 'model_rej': 0} 36355s
    ... {'checks': 96600000, 'confl': 4190718, 'model_rej': 0} 36381s
    ... {'checks': 96650000, 'confl': 4191769, 'model_rej': 0} 36402s
    ... {'checks': 96700000, 'confl': 4192565, 'model_rej': 0} 36423s
    ... {'checks': 96750000, 'confl': 4193831, 'model_rej': 0} 36447s
    ... {'checks': 96800000, 'confl': 4194358, 'model_rej': 0} 36470s
    ... {'checks': 96850000, 'confl': 4194961, 'model_rej': 0} 36493s
    ... {'checks': 96900000, 'confl': 4195676, 'model_rej': 0} 36514s
    ... {'checks': 96950000, 'confl': 4196513, 'model_rej': 0} 36538s
    ... {'checks': 97000000, 'confl': 4197345, 'model_rej': 0} 36711s
    ... {'checks': 97050000, 'confl': 4198400, 'model_rej': 0} 36734s
    ... {'checks': 97100000, 'confl': 4199922, 'model_rej': 0} 36754s
    ... {'checks': 97150000, 'confl': 4201191, 'model_rej': 0} 36776s
    ... {'checks': 97200000, 'confl': 4202435, 'model_rej': 0} 37023s
    ... {'checks': 97250000, 'confl': 4203395, 'model_rej': 0} 37044s
    ... {'checks': 97300000, 'confl': 4204163, 'model_rej': 0} 37063s
    ... {'checks': 97350000, 'confl': 4205206, 'model_rej': 0} 37084s
    ... {'checks': 97400000, 'confl': 4205970, 'model_rej': 0} 37104s
    ... {'checks': 97450000, 'confl': 4206988, 'model_rej': 0} 37127s
    ... {'checks': 97500000, 'confl': 4208140, 'model_rej': 0} 37146s
    ... {'checks': 97550000, 'confl': 4209530, 'model_rej': 0} 37166s
    ... {'checks': 97600000, 'confl': 4211372, 'model_rej': 0} 37189s
    ... {'checks': 97650000, 'confl': 4213456, 'model_rej': 0} 37213s
    ... {'checks': 97700000, 'confl': 4214875, 'model_rej': 0} 37235s
    ... {'checks': 97750000, 'confl': 4216285, 'model_rej': 0} 37255s
    ... {'checks': 97800000, 'confl': 4217401, 'model_rej': 0} 37276s
    ... {'checks': 97850000, 'confl': 4218726, 'model_rej': 0} 37298s
    ... {'checks': 97900000, 'confl': 4219820, 'model_rej': 0} 37321s
    ... {'checks': 97950000, 'confl': 4220840, 'model_rej': 0} 37344s
    ... {'checks': 98000000, 'confl': 4221944, 'model_rej': 0} 37367s
    ... {'checks': 98050000, 'confl': 4222922, 'model_rej': 0} 37386s
    ... {'checks': 98100000, 'confl': 4223656, 'model_rej': 0} 37407s
    ... {'checks': 98150000, 'confl': 4224462, 'model_rej': 0} 37428s
    ... {'checks': 98200000, 'confl': 4225853, 'model_rej': 0} 37449s
    ... {'checks': 98250000, 'confl': 4227206, 'model_rej': 0} 37470s
    ... {'checks': 98300000, 'confl': 4228160, 'model_rej': 0} 37493s
    ... {'checks': 98350000, 'confl': 4228978, 'model_rej': 0} 37516s
    ... {'checks': 98400000, 'confl': 4230466, 'model_rej': 0} 37539s
    ... {'checks': 98450000, 'confl': 4231285, 'model_rej': 0} 37563s
    ... {'checks': 98500000, 'confl': 4232396, 'model_rej': 0} 37586s
    ... {'checks': 98550000, 'confl': 4233320, 'model_rej': 0} 37606s
    ... {'checks': 98600000, 'confl': 4233958, 'model_rej': 0} 37624s
    ... {'checks': 98650000, 'confl': 4234995, 'model_rej': 0} 37643s
    ... {'checks': 98700000, 'confl': 4235842, 'model_rej': 0} 37894s
    ... {'checks': 98750000, 'confl': 4237147, 'model_rej': 0} 37914s
    ... {'checks': 98800000, 'confl': 4238118, 'model_rej': 0} 37935s
    ... {'checks': 98850000, 'confl': 4238885, 'model_rej': 0} 37955s
    ... {'checks': 98900000, 'confl': 4239710, 'model_rej': 0} 37977s
    ... {'checks': 98950000, 'confl': 4240460, 'model_rej': 0} 37999s
    ... {'checks': 99000000, 'confl': 4241270, 'model_rej': 0} 38081s
    ... {'checks': 99050000, 'confl': 4241743, 'model_rej': 0} 38101s
    ... {'checks': 99100000, 'confl': 4242429, 'model_rej': 0} 38122s
    ... {'checks': 99150000, 'confl': 4243776, 'model_rej': 0} 38146s
    ... {'checks': 99200000, 'confl': 4244874, 'model_rej': 0} 38168s
    ... {'checks': 99250000, 'confl': 4245918, 'model_rej': 0} 38191s
    ... {'checks': 99300000, 'confl': 4248210, 'model_rej': 0} 38220s
    ... {'checks': 99350000, 'confl': 4249559, 'model_rej': 0} 38246s
    ... {'checks': 99400000, 'confl': 4251356, 'model_rej': 0} 38275s
    ... {'checks': 99450000, 'confl': 4253143, 'model_rej': 0} 38304s
    ... {'checks': 99500000, 'confl': 4254542, 'model_rej': 0} 38329s
    ... {'checks': 99550000, 'confl': 4255915, 'model_rej': 0} 38352s
    ... {'checks': 99600000, 'confl': 4257294, 'model_rej': 0} 38376s
    ... {'checks': 99650000, 'confl': 4259312, 'model_rej': 0} 38399s
    ... {'checks': 99700000, 'confl': 4260756, 'model_rej': 0} 38424s
    ... {'checks': 99750000, 'confl': 4262357, 'model_rej': 0} 38449s
    ... {'checks': 99800000, 'confl': 4263851, 'model_rej': 0} 38473s
    ... {'checks': 99850000, 'confl': 4265529, 'model_rej': 0} 38494s
    ... {'checks': 99900000, 'confl': 4266388, 'model_rej': 0} 38515s
    ... {'checks': 99950000, 'confl': 4268177, 'model_rej': 0} 38537s
    ... {'checks': 100000000, 'confl': 4270050, 'model_rej': 0} 38556s
    ... {'checks': 100050000, 'confl': 4271317, 'model_rej': 0} 38575s
    ... {'checks': 100100000, 'confl': 4272677, 'model_rej': 0} 38597s
    ... {'checks': 100150000, 'confl': 4273989, 'model_rej': 0} 38617s
    ... {'checks': 100200000, 'confl': 4275328, 'model_rej': 0} 38639s
    ... {'checks': 100250000, 'confl': 4276949, 'model_rej': 0} 38660s
    ... {'checks': 100300000, 'confl': 4278598, 'model_rej': 0} 38681s
    ... {'checks': 100350000, 'confl': 4279643, 'model_rej': 0} 38704s
    ... {'checks': 100400000, 'confl': 4280433, 'model_rej': 0} 38724s
    ... {'checks': 100450000, 'confl': 4281123, 'model_rej': 0} 39122s
    ... {'checks': 100500000, 'confl': 4281938, 'model_rej': 0} 39142s
    ... {'checks': 100550000, 'confl': 4282735, 'model_rej': 0} 39163s
    ... {'checks': 100600000, 'confl': 4283411, 'model_rej': 0} 39185s
    ... {'checks': 100650000, 'confl': 4285607, 'model_rej': 0} 39206s
    ... {'checks': 100700000, 'confl': 4287790, 'model_rej': 0} 39231s
    ... {'checks': 100750000, 'confl': 4288983, 'model_rej': 0} 39254s
    ... {'checks': 100800000, 'confl': 4290254, 'model_rej': 0} 39280s
    ... {'checks': 100850000, 'confl': 4291506, 'model_rej': 0} 39306s
    ... {'checks': 100900000, 'confl': 4292566, 'model_rej': 0} 39331s
    ... {'checks': 100950000, 'confl': 4293611, 'model_rej': 0} 39356s
    ... {'checks': 101000000, 'confl': 4294673, 'model_rej': 0} 39380s
    ... {'checks': 101050000, 'confl': 4295344, 'model_rej': 0} 39403s
    ... {'checks': 101100000, 'confl': 4295959, 'model_rej': 0} 39427s
    ... {'checks': 101150000, 'confl': 4296857, 'model_rej': 0} 39448s
    ... {'checks': 101200000, 'confl': 4297732, 'model_rej': 0} 39469s
    ... {'checks': 101250000, 'confl': 4298435, 'model_rej': 0} 39487s
    ... {'checks': 101300000, 'confl': 4299143, 'model_rej': 0} 39507s
    ... {'checks': 101350000, 'confl': 4299615, 'model_rej': 0} 39526s
    ... {'checks': 101400000, 'confl': 4300081, 'model_rej': 0} 39547s
    ... {'checks': 101450000, 'confl': 4301042, 'model_rej': 0} 39568s
    ... {'checks': 101500000, 'confl': 4301850, 'model_rej': 0} 39590s
    ... {'checks': 101550000, 'confl': 4302530, 'model_rej': 0} 39610s
    ... {'checks': 101600000, 'confl': 4303061, 'model_rej': 0} 39632s
    ... {'checks': 101650000, 'confl': 4303640, 'model_rej': 0} 39653s
    ... {'checks': 101700000, 'confl': 4304211, 'model_rej': 0} 39674s
    ... {'checks': 101750000, 'confl': 4304836, 'model_rej': 0} 39697s
    ... {'checks': 101800000, 'confl': 4306217, 'model_rej': 0} 39717s
    ... {'checks': 101850000, 'confl': 4307313, 'model_rej': 0} 39738s
    ... {'checks': 101900000, 'confl': 4308704, 'model_rej': 0} 39760s
    ... {'checks': 101950000, 'confl': 4309862, 'model_rej': 0} 39782s
    ... {'checks': 102000000, 'confl': 4310882, 'model_rej': 0} 39802s
    ... {'checks': 102050000, 'confl': 4311846, 'model_rej': 0} 39824s
    ... {'checks': 102100000, 'confl': 4312542, 'model_rej': 0} 39845s
    ... {'checks': 102150000, 'confl': 4314070, 'model_rej': 0} 39865s
    ... {'checks': 102200000, 'confl': 4315588, 'model_rej': 0} 40208s
    ... {'checks': 102250000, 'confl': 4317011, 'model_rej': 0} 40227s
    ... {'checks': 102300000, 'confl': 4318358, 'model_rej': 0} 40247s
    ... {'checks': 102350000, 'confl': 4319700, 'model_rej': 0} 40268s
    ... {'checks': 102400000, 'confl': 4321335, 'model_rej': 0} 40283s
    ... {'checks': 102450000, 'confl': 4322919, 'model_rej': 0} 40302s
    ... {'checks': 102500000, 'confl': 4325078, 'model_rej': 0} 40320s
    ... {'checks': 102550000, 'confl': 4326740, 'model_rej': 0} 40339s
    ... {'checks': 102600000, 'confl': 4328413, 'model_rej': 0} 40357s
    ... {'checks': 102650000, 'confl': 4329366, 'model_rej': 0} 40376s
    ... {'checks': 102700000, 'confl': 4330141, 'model_rej': 0} 40394s
    ... {'checks': 102750000, 'confl': 4331122, 'model_rej': 0} 40411s
    ... {'checks': 102800000, 'confl': 4332941, 'model_rej': 0} 40440s
    ... {'checks': 102850000, 'confl': 4334785, 'model_rej': 0} 40465s
    ... {'checks': 102900000, 'confl': 4336284, 'model_rej': 0} 40491s
    ... {'checks': 102950000, 'confl': 4337316, 'model_rej': 0} 40513s
    ... {'checks': 103000000, 'confl': 4338102, 'model_rej': 0} 40538s
    ... {'checks': 103050000, 'confl': 4338922, 'model_rej': 0} 40562s
    ... {'checks': 103100000, 'confl': 4339909, 'model_rej': 0} 40589s
    ... {'checks': 103150000, 'confl': 4341036, 'model_rej': 0} 40613s
    ... {'checks': 103200000, 'confl': 4342285, 'model_rej': 0} 40640s
    ... {'checks': 103250000, 'confl': 4343676, 'model_rej': 0} 40665s
    ... {'checks': 103300000, 'confl': 4345028, 'model_rej': 0} 40690s
    ... {'checks': 103350000, 'confl': 4346010, 'model_rej': 0} 40714s
    ... {'checks': 103400000, 'confl': 4347104, 'model_rej': 0} 40735s
    ... {'checks': 103450000, 'confl': 4348270, 'model_rej': 0} 40756s
    ... {'checks': 103500000, 'confl': 4349347, 'model_rej': 0} 40779s
    ... {'checks': 103550000, 'confl': 4350371, 'model_rej': 0} 40799s
    ... {'checks': 103600000, 'confl': 4351233, 'model_rej': 0} 40823s
    ... {'checks': 103650000, 'confl': 4352178, 'model_rej': 0} 40847s
    ... {'checks': 103700000, 'confl': 4353128, 'model_rej': 0} 40914s
    ... {'checks': 103750000, 'confl': 4353898, 'model_rej': 0} 40937s
    ... {'checks': 103800000, 'confl': 4354575, 'model_rej': 0} 40956s
    ... {'checks': 103850000, 'confl': 4355493, 'model_rej': 0} 40975s
    ... {'checks': 103900000, 'confl': 4356149, 'model_rej': 0} 40995s
    ... {'checks': 103950000, 'confl': 4356758, 'model_rej': 0} 41020s
    ... {'checks': 104000000, 'confl': 4357399, 'model_rej': 0} 41039s
    ... {'checks': 104050000, 'confl': 4357958, 'model_rej': 0} 41059s
    ... {'checks': 104100000, 'confl': 4358547, 'model_rej': 0} 41079s
    ... {'checks': 104150000, 'confl': 4358957, 'model_rej': 0} 41097s
    ... {'checks': 104200000, 'confl': 4359333, 'model_rej': 0} 41117s
    ... {'checks': 104250000, 'confl': 4359955, 'model_rej': 0} 41141s
    ... {'checks': 104300000, 'confl': 4360845, 'model_rej': 0} 41166s
    ... {'checks': 104350000, 'confl': 4361652, 'model_rej': 0} 41188s
    ... {'checks': 104400000, 'confl': 4362565, 'model_rej': 0} 41212s
    ... {'checks': 104450000, 'confl': 4363497, 'model_rej': 0} 41235s
    ... {'checks': 104500000, 'confl': 4364369, 'model_rej': 0} 41257s
    ... {'checks': 104550000, 'confl': 4365197, 'model_rej': 0} 41277s
    ... {'checks': 104600000, 'confl': 4365762, 'model_rej': 0} 41296s
    ... {'checks': 104650000, 'confl': 4366662, 'model_rej': 0} 41320s
    ... {'checks': 104700000, 'confl': 4367648, 'model_rej': 0} 41343s
    ... {'checks': 104750000, 'confl': 4368246, 'model_rej': 0} 41365s
    ... {'checks': 104800000, 'confl': 4368750, 'model_rej': 0} 41387s
    ... {'checks': 104850000, 'confl': 4369262, 'model_rej': 0} 41408s
    ... {'checks': 104900000, 'confl': 4369819, 'model_rej': 0} 41432s
    ... {'checks': 104950000, 'confl': 4370512, 'model_rej': 0} 41453s
    ... {'checks': 105000000, 'confl': 4371201, 'model_rej': 0} 41474s
    ... {'checks': 105050000, 'confl': 4371757, 'model_rej': 0} 41494s
    ... {'checks': 105100000, 'confl': 4372328, 'model_rej': 0} 41516s
    ... {'checks': 105150000, 'confl': 4373232, 'model_rej': 0} 41536s
    ... {'checks': 105200000, 'confl': 4373785, 'model_rej': 0} 41557s
    ... {'checks': 105250000, 'confl': 4374489, 'model_rej': 0} 41578s
    ... {'checks': 105300000, 'confl': 4375203, 'model_rej': 0} 41599s
    ... {'checks': 105350000, 'confl': 4376201, 'model_rej': 0} 41618s
    ... {'checks': 105400000, 'confl': 4377309, 'model_rej': 0} 41640s
    ... {'checks': 105450000, 'confl': 4378222, 'model_rej': 0} 41661s
    ... {'checks': 105500000, 'confl': 4378972, 'model_rej': 0} 41680s
    ... {'checks': 105550000, 'confl': 4379600, 'model_rej': 0} 41722s
    ... {'checks': 105600000, 'confl': 4380343, 'model_rej': 0} 41742s
    ... {'checks': 105650000, 'confl': 4381182, 'model_rej': 0} 41763s
    ... {'checks': 105700000, 'confl': 4381722, 'model_rej': 0} 42101s
    ... {'checks': 105750000, 'confl': 4382291, 'model_rej': 0} 42119s
    ... {'checks': 105800000, 'confl': 4382747, 'model_rej': 0} 42140s
    ... {'checks': 105850000, 'confl': 4383623, 'model_rej': 0} 42159s
    ... {'checks': 105900000, 'confl': 4384367, 'model_rej': 0} 42178s
    ... {'checks': 105950000, 'confl': 4384999, 'model_rej': 0} 42199s
    ... {'checks': 106000000, 'confl': 4385630, 'model_rej': 0} 42223s
    ... {'checks': 106050000, 'confl': 4386393, 'model_rej': 0} 42244s
    ... {'checks': 106100000, 'confl': 4387182, 'model_rej': 0} 42263s
    ... {'checks': 106150000, 'confl': 4387723, 'model_rej': 0} 42286s
    ... {'checks': 106200000, 'confl': 4388175, 'model_rej': 0} 42308s
    ... {'checks': 106250000, 'confl': 4388775, 'model_rej': 0} 42331s
    ... {'checks': 106300000, 'confl': 4389691, 'model_rej': 0} 42362s
    ... {'checks': 106350000, 'confl': 4391063, 'model_rej': 0} 42387s
    ... {'checks': 106400000, 'confl': 4392216, 'model_rej': 0} 42414s
    ... {'checks': 106450000, 'confl': 4393242, 'model_rej': 0} 42438s
    ... {'checks': 106500000, 'confl': 4394475, 'model_rej': 0} 42463s
    ... {'checks': 106550000, 'confl': 4395911, 'model_rej': 0} 42489s
    ... {'checks': 106600000, 'confl': 4397020, 'model_rej': 0} 42515s
    ... {'checks': 106650000, 'confl': 4398005, 'model_rej': 0} 42538s
    ... {'checks': 106700000, 'confl': 4399606, 'model_rej': 0} 42561s
    ... {'checks': 106750000, 'confl': 4400641, 'model_rej': 0} 42584s
    ... {'checks': 106800000, 'confl': 4401504, 'model_rej': 0} 42607s
    ... {'checks': 106850000, 'confl': 4402801, 'model_rej': 0} 42631s
    ... {'checks': 106900000, 'confl': 4403695, 'model_rej': 0} 42655s
    ... {'checks': 106950000, 'confl': 4404431, 'model_rej': 0} 42679s
    ... {'checks': 107000000, 'confl': 4405127, 'model_rej': 0} 42702s
    ... {'checks': 107050000, 'confl': 4405664, 'model_rej': 0} 42724s
    ... {'checks': 107100000, 'confl': 4406434, 'model_rej': 0} 42747s
    ... {'checks': 107150000, 'confl': 4407178, 'model_rej': 0} 42772s
    ... {'checks': 107200000, 'confl': 4407877, 'model_rej': 0} 42794s
    ... {'checks': 107250000, 'confl': 4408671, 'model_rej': 0} 42813s
    ... {'checks': 107300000, 'confl': 4409260, 'model_rej': 0} 42833s
    ... {'checks': 107350000, 'confl': 4409938, 'model_rej': 0} 42853s
    ... {'checks': 107400000, 'confl': 4410984, 'model_rej': 0} 42876s
    ... {'checks': 107450000, 'confl': 4412647, 'model_rej': 0} 42923s
    ... {'checks': 107500000, 'confl': 4413972, 'model_rej': 0} 42945s
    ... {'checks': 107550000, 'confl': 4415003, 'model_rej': 0} 42967s
    ... {'checks': 107600000, 'confl': 4416346, 'model_rej': 0} 42990s
    ... {'checks': 107650000, 'confl': 4417617, 'model_rej': 0} 43012s
    ... {'checks': 107700000, 'confl': 4419067, 'model_rej': 0} 43031s
    ... {'checks': 107750000, 'confl': 4420127, 'model_rej': 0} 43052s
    ... {'checks': 107800000, 'confl': 4421361, 'model_rej': 0} 43071s
    ... {'checks': 107850000, 'confl': 4422413, 'model_rej': 0} 43091s
    ... {'checks': 107900000, 'confl': 4423572, 'model_rej': 0} 43111s
    ... {'checks': 107950000, 'confl': 4424212, 'model_rej': 0} 43132s
    ... {'checks': 108000000, 'confl': 4425236, 'model_rej': 0} 43152s
    ... {'checks': 108050000, 'confl': 4426380, 'model_rej': 0} 43174s
    ... {'checks': 108100000, 'confl': 4427516, 'model_rej': 0} 43192s
    ... {'checks': 108150000, 'confl': 4428686, 'model_rej': 0} 43212s
    ... {'checks': 108200000, 'confl': 4429390, 'model_rej': 0} 43228s
    ... {'checks': 108250000, 'confl': 4429888, 'model_rej': 0} 43251s
    ... {'checks': 108300000, 'confl': 4430699, 'model_rej': 0} 43274s
    ... {'checks': 108350000, 'confl': 4431391, 'model_rej': 0} 43296s
    ... {'checks': 108400000, 'confl': 4432107, 'model_rej': 0} 43318s
    ... {'checks': 108450000, 'confl': 4432481, 'model_rej': 0} 43337s
    ... {'checks': 108500000, 'confl': 4432655, 'model_rej': 0} 43358s
    ... {'checks': 108550000, 'confl': 4433047, 'model_rej': 0} 43380s
    ... {'checks': 108600000, 'confl': 4433915, 'model_rej': 0} 43403s
    ... {'checks': 108650000, 'confl': 4434561, 'model_rej': 0} 43425s
    ... {'checks': 108700000, 'confl': 4434960, 'model_rej': 0} 43448s
    ... {'checks': 108750000, 'confl': 4435449, 'model_rej': 0} 43472s
    ... {'checks': 108800000, 'confl': 4435857, 'model_rej': 0} 43494s
    ... {'checks': 108850000, 'confl': 4436298, 'model_rej': 0} 43518s
    ... {'checks': 108900000, 'confl': 4436755, 'model_rej': 0} 43541s
    ... {'checks': 108950000, 'confl': 4437262, 'model_rej': 0} 43564s
    ... {'checks': 109000000, 'confl': 4437756, 'model_rej': 0} 43585s
    ... {'checks': 109050000, 'confl': 4438223, 'model_rej': 0} 43605s
    ... {'checks': 109100000, 'confl': 4438448, 'model_rej': 0} 43626s
    ... {'checks': 109150000, 'confl': 4438672, 'model_rej': 0} 43645s
    ... {'checks': 109200000, 'confl': 4439038, 'model_rej': 0} 43667s
    ... {'checks': 109250000, 'confl': 4439520, 'model_rej': 0} 44278s
    ... {'checks': 109300000, 'confl': 4440042, 'model_rej': 0} 44299s
    ... {'checks': 109350000, 'confl': 4440854, 'model_rej': 0} 44320s
    ... {'checks': 109400000, 'confl': 4441862, 'model_rej': 0} 44343s
    ... {'checks': 109450000, 'confl': 4442588, 'model_rej': 0} 44367s
    ... {'checks': 109500000, 'confl': 4443324, 'model_rej': 0} 44389s
    ... {'checks': 109550000, 'confl': 4444147, 'model_rej': 0} 44412s
    ... {'checks': 109600000, 'confl': 4445358, 'model_rej': 0} 44435s
    ... {'checks': 109650000, 'confl': 4446364, 'model_rej': 0} 44457s
    ... {'checks': 109700000, 'confl': 4447176, 'model_rej': 0} 44480s
    ... {'checks': 109750000, 'confl': 4447858, 'model_rej': 0} 44502s
    ... {'checks': 109800000, 'confl': 4448535, 'model_rej': 0} 44528s
    ... {'checks': 109850000, 'confl': 4449183, 'model_rej': 0} 44555s
    ... {'checks': 109900000, 'confl': 4449782, 'model_rej': 0} 44582s
    ... {'checks': 109950000, 'confl': 4450774, 'model_rej': 0} 44608s
    ... {'checks': 110000000, 'confl': 4451489, 'model_rej': 0} 44635s
    ... {'checks': 110050000, 'confl': 4452221, 'model_rej': 0} 44661s
    ... {'checks': 110100000, 'confl': 4452958, 'model_rej': 0} 44686s
    ... {'checks': 110150000, 'confl': 4453781, 'model_rej': 0} 44712s
    ... {'checks': 110200000, 'confl': 4454682, 'model_rej': 0} 44738s
    ... {'checks': 110250000, 'confl': 4455567, 'model_rej': 0} 44765s
    ... {'checks': 110300000, 'confl': 4456751, 'model_rej': 0} 44791s
    ... {'checks': 110350000, 'confl': 4458199, 'model_rej': 0} 44815s
    ... {'checks': 110400000, 'confl': 4459326, 'model_rej': 0} 44841s
    ... {'checks': 110450000, 'confl': 4460529, 'model_rej': 0} 44867s
    ... {'checks': 110500000, 'confl': 4461574, 'model_rej': 0} 44892s
    ... {'checks': 110550000, 'confl': 4462835, 'model_rej': 0} 44916s
    ... {'checks': 110600000, 'confl': 4464114, 'model_rej': 0} 44943s
    ... {'checks': 110650000, 'confl': 4465086, 'model_rej': 0} 44969s
    ... {'checks': 110700000, 'confl': 4466214, 'model_rej': 0} 44996s
    ... {'checks': 110750000, 'confl': 4467262, 'model_rej': 0} 45022s
    ... {'checks': 110800000, 'confl': 4468255, 'model_rej': 0} 45049s
    ... {'checks': 110850000, 'confl': 4469566, 'model_rej': 0} 45074s
    ... {'checks': 110900000, 'confl': 4470493, 'model_rej': 0} 45100s
    ... {'checks': 110950000, 'confl': 4471550, 'model_rej': 0} 45125s
    ... {'checks': 111000000, 'confl': 4472630, 'model_rej': 0} 45152s
    ... {'checks': 111050000, 'confl': 4473598, 'model_rej': 0} 45574s
    ... {'checks': 111100000, 'confl': 4475038, 'model_rej': 0} 45597s
    ... {'checks': 111150000, 'confl': 4475915, 'model_rej': 0} 45621s
    ... {'checks': 111200000, 'confl': 4476602, 'model_rej': 0} 45646s
    ... {'checks': 111250000, 'confl': 4477270, 'model_rej': 0} 45669s
    ... {'checks': 111300000, 'confl': 4478187, 'model_rej': 0} 45691s
    ... {'checks': 111350000, 'confl': 4478875, 'model_rej': 0} 45713s
    ... {'checks': 111400000, 'confl': 4479347, 'model_rej': 0} 45736s
    ... {'checks': 111450000, 'confl': 4479958, 'model_rej': 0} 45758s
    ... {'checks': 111500000, 'confl': 4480737, 'model_rej': 0} 45781s
    ... {'checks': 111550000, 'confl': 4481190, 'model_rej': 0} 45802s
    ... {'checks': 111600000, 'confl': 4481585, 'model_rej': 0} 45825s
    ... {'checks': 111650000, 'confl': 4482193, 'model_rej': 0} 45849s
    ... {'checks': 111700000, 'confl': 4482841, 'model_rej': 0} 45871s
    ... {'checks': 111750000, 'confl': 4483377, 'model_rej': 0} 45894s
    ... {'checks': 111800000, 'confl': 4484121, 'model_rej': 0} 45915s
    ... {'checks': 111850000, 'confl': 4484757, 'model_rej': 0} 45936s
    ... {'checks': 111900000, 'confl': 4485347, 'model_rej': 0} 45958s
    ... {'checks': 111950000, 'confl': 4485816, 'model_rej': 0} 45980s
    ... {'checks': 112000000, 'confl': 4486482, 'model_rej': 0} 46002s
    ... {'checks': 112050000, 'confl': 4487155, 'model_rej': 0} 46024s
    ... {'checks': 112100000, 'confl': 4487881, 'model_rej': 0} 46049s
    ... {'checks': 112150000, 'confl': 4488538, 'model_rej': 0} 46074s
    ... {'checks': 112200000, 'confl': 4489035, 'model_rej': 0} 46096s
    ... {'checks': 112250000, 'confl': 4489730, 'model_rej': 0} 46114s
    ... {'checks': 112300000, 'confl': 4490407, 'model_rej': 0} 46131s
    ... {'checks': 112350000, 'confl': 4490956, 'model_rej': 0} 46150s
    ... {'checks': 112400000, 'confl': 4491544, 'model_rej': 0} 46166s
    ... {'checks': 112450000, 'confl': 4492206, 'model_rej': 0} 46184s
    ... {'checks': 112500000, 'confl': 4492937, 'model_rej': 0} 46204s
    ... {'checks': 112550000, 'confl': 4493546, 'model_rej': 0} 46227s
    ... {'checks': 112600000, 'confl': 4493982, 'model_rej': 0} 46249s
    ... {'checks': 112650000, 'confl': 4494358, 'model_rej': 0} 46271s
    ... {'checks': 112700000, 'confl': 4495297, 'model_rej': 0} 46296s
    ... {'checks': 112750000, 'confl': 4496527, 'model_rej': 0} 46322s
    ... {'checks': 112800000, 'confl': 4497665, 'model_rej': 0} 46713s
    ... {'checks': 112850000, 'confl': 4498923, 'model_rej': 0} 46739s
    ... {'checks': 112900000, 'confl': 4500048, 'model_rej': 0} 46766s
    ... {'checks': 112950000, 'confl': 4501331, 'model_rej': 0} 46788s
    ... {'checks': 113000000, 'confl': 4502717, 'model_rej': 0} 46810s
    ... {'checks': 113050000, 'confl': 4504144, 'model_rej': 0} 46833s
    ... {'checks': 113100000, 'confl': 4505388, 'model_rej': 0} 46856s
    ... {'checks': 113150000, 'confl': 4506497, 'model_rej': 0} 46877s
    ... {'checks': 113200000, 'confl': 4507687, 'model_rej': 0} 46898s
    ... {'checks': 113250000, 'confl': 4509088, 'model_rej': 0} 46922s
    ... {'checks': 113300000, 'confl': 4510399, 'model_rej': 0} 46945s
    ... {'checks': 113350000, 'confl': 4512069, 'model_rej': 0} 46971s
    ... {'checks': 113400000, 'confl': 4513719, 'model_rej': 0} 46996s
    ... {'checks': 113450000, 'confl': 4514755, 'model_rej': 0} 47022s
    ... {'checks': 113500000, 'confl': 4515552, 'model_rej': 0} 47049s
    ... {'checks': 113550000, 'confl': 4516424, 'model_rej': 0} 47075s
    ... {'checks': 113600000, 'confl': 4517656, 'model_rej': 0} 47098s
    ... {'checks': 113650000, 'confl': 4518404, 'model_rej': 0} 47120s
    ... {'checks': 113700000, 'confl': 4519212, 'model_rej': 0} 47145s
    ... {'checks': 113750000, 'confl': 4519814, 'model_rej': 0} 47164s
    ... {'checks': 113800000, 'confl': 4520368, 'model_rej': 0} 47187s
    ... {'checks': 113850000, 'confl': 4520973, 'model_rej': 0} 47208s
    ... {'checks': 113900000, 'confl': 4521444, 'model_rej': 0} 47232s
    ... {'checks': 113950000, 'confl': 4522630, 'model_rej': 0} 47257s
    ... {'checks': 114000000, 'confl': 4523557, 'model_rej': 0} 47281s
    ... {'checks': 114050000, 'confl': 4524789, 'model_rej': 0} 47307s
    ... {'checks': 114100000, 'confl': 4526161, 'model_rej': 0} 47333s
    ... {'checks': 114150000, 'confl': 4527619, 'model_rej': 0} 47356s
    ... {'checks': 114200000, 'confl': 4528402, 'model_rej': 0} 47380s
    ... {'checks': 114250000, 'confl': 4529088, 'model_rej': 0} 47405s
    ... {'checks': 114300000, 'confl': 4530163, 'model_rej': 0} 47432s
    ... {'checks': 114350000, 'confl': 4531248, 'model_rej': 0} 47456s
    ... {'checks': 114400000, 'confl': 4531777, 'model_rej': 0} 47479s
    ... {'checks': 114450000, 'confl': 4532444, 'model_rej': 0} 47502s
    ... {'checks': 114500000, 'confl': 4533480, 'model_rej': 0} 47525s
    ... {'checks': 114550000, 'confl': 4534336, 'model_rej': 0} 47547s
    ... {'checks': 114600000, 'confl': 4534954, 'model_rej': 0} 47568s
    ... {'checks': 114650000, 'confl': 4535605, 'model_rej': 0} 48116s
    ... {'checks': 114700000, 'confl': 4536429, 'model_rej': 0} 48139s
    ... {'checks': 114750000, 'confl': 4537154, 'model_rej': 0} 48161s
    ... {'checks': 114800000, 'confl': 4538076, 'model_rej': 0} 48183s
    ... {'checks': 114850000, 'confl': 4538891, 'model_rej': 0} 48204s
    ... {'checks': 114900000, 'confl': 4539987, 'model_rej': 0} 48227s
    ... {'checks': 114950000, 'confl': 4540953, 'model_rej': 0} 48249s
    ... {'checks': 115000000, 'confl': 4542117, 'model_rej': 0} 48273s
    ... {'checks': 115050000, 'confl': 4543108, 'model_rej': 0} 48296s
    ... {'checks': 115100000, 'confl': 4544045, 'model_rej': 0} 48317s
    ... {'checks': 115150000, 'confl': 4545308, 'model_rej': 0} 48340s
    ... {'checks': 115200000, 'confl': 4546151, 'model_rej': 0} 48365s
    ... {'checks': 115250000, 'confl': 4546895, 'model_rej': 0} 48390s
    ... {'checks': 115300000, 'confl': 4547902, 'model_rej': 0} 48494s
    ... {'checks': 115350000, 'confl': 4548426, 'model_rej': 0} 48511s
    ... {'checks': 115400000, 'confl': 4548530, 'model_rej': 0} 48533s
    ... {'checks': 115450000, 'confl': 4548720, 'model_rej': 0} 48555s
    ... {'checks': 115500000, 'confl': 4548863, 'model_rej': 0} 48579s
    ... {'checks': 115550000, 'confl': 4549015, 'model_rej': 0} 48602s
    ... {'checks': 115600000, 'confl': 4549135, 'model_rej': 0} 48626s
    ... {'checks': 115650000, 'confl': 4549314, 'model_rej': 0} 48651s
    ... {'checks': 115700000, 'confl': 4549474, 'model_rej': 0} 48672s
    ... {'checks': 115750000, 'confl': 4549710, 'model_rej': 0} 48694s
    ... {'checks': 115800000, 'confl': 4549919, 'model_rej': 0} 48717s
    ... {'checks': 115850000, 'confl': 4550072, 'model_rej': 0} 48741s
    ... {'checks': 115900000, 'confl': 4550262, 'model_rej': 0} 48762s
    ... {'checks': 115950000, 'confl': 4550542, 'model_rej': 0} 48783s
    ... {'checks': 116000000, 'confl': 4550706, 'model_rej': 0} 48805s
    ... {'checks': 116050000, 'confl': 4550863, 'model_rej': 0} 48827s
    ... {'checks': 116100000, 'confl': 4551000, 'model_rej': 0} 48848s
    ... {'checks': 116150000, 'confl': 4551135, 'model_rej': 0} 48867s
    ... {'checks': 116200000, 'confl': 4551345, 'model_rej': 0} 48890s
    ... {'checks': 116250000, 'confl': 4552098, 'model_rej': 0} 48912s
    ... {'checks': 116300000, 'confl': 4552660, 'model_rej': 0} 48934s
    ... {'checks': 116350000, 'confl': 4553251, 'model_rej': 0} 48954s
    ... {'checks': 116400000, 'confl': 4553992, 'model_rej': 0} 48977s
    ... {'checks': 116450000, 'confl': 4554851, 'model_rej': 0} 49009s
    ... {'checks': 116500000, 'confl': 4555473, 'model_rej': 0} 49031s
    ... {'checks': 116550000, 'confl': 4556077, 'model_rej': 0} 49053s
    ... {'checks': 116600000, 'confl': 4556836, 'model_rej': 0} 49076s
    ... {'checks': 116650000, 'confl': 4557506, 'model_rej': 0} 49098s
    ... {'checks': 116700000, 'confl': 4558170, 'model_rej': 0} 49121s
    ... {'checks': 116750000, 'confl': 4558922, 'model_rej': 0} 49145s
    ... {'checks': 116800000, 'confl': 4559580, 'model_rej': 0} 49170s
    ... {'checks': 116850000, 'confl': 4560157, 'model_rej': 0} 49195s
    ... {'checks': 116900000, 'confl': 4560824, 'model_rej': 0} 49219s
    ... {'checks': 116950000, 'confl': 4561506, 'model_rej': 0} 49234s
    ... {'checks': 117000000, 'confl': 4562343, 'model_rej': 0} 49258s
    ... {'checks': 117050000, 'confl': 4563401, 'model_rej': 0} 49281s
    ... {'checks': 117100000, 'confl': 4564693, 'model_rej': 0} 49301s
    ... {'checks': 117150000, 'confl': 4566063, 'model_rej': 0} 49321s
    ... {'checks': 117200000, 'confl': 4567348, 'model_rej': 0} 49342s
    ... {'checks': 117250000, 'confl': 4568609, 'model_rej': 0} 49364s
    ... {'checks': 117300000, 'confl': 4569754, 'model_rej': 0} 49385s
    ... {'checks': 117350000, 'confl': 4570811, 'model_rej': 0} 49405s
    ... {'checks': 117400000, 'confl': 4571588, 'model_rej': 0} 49425s
    ... {'checks': 117450000, 'confl': 4572303, 'model_rej': 0} 49446s
    ... {'checks': 117500000, 'confl': 4572970, 'model_rej': 0} 49468s
    ... {'checks': 117550000, 'confl': 4573424, 'model_rej': 0} 49490s
    ... {'checks': 117600000, 'confl': 4573902, 'model_rej': 0} 49514s
    ... {'checks': 117650000, 'confl': 4574678, 'model_rej': 0} 49537s
    ... {'checks': 117700000, 'confl': 4575608, 'model_rej': 0} 49559s
    ... {'checks': 117750000, 'confl': 4576574, 'model_rej': 0} 49579s
    ... {'checks': 117800000, 'confl': 4577257, 'model_rej': 0} 49601s
    ... {'checks': 117850000, 'confl': 4577965, 'model_rej': 0} 49623s
    ... {'checks': 117900000, 'confl': 4578578, 'model_rej': 0} 49645s
    ... {'checks': 117950000, 'confl': 4579119, 'model_rej': 0} 49666s
    ... {'checks': 118000000, 'confl': 4579777, 'model_rej': 0} 49689s
    ... {'checks': 118050000, 'confl': 4580891, 'model_rej': 0} 49711s
    ... {'checks': 118100000, 'confl': 4582231, 'model_rej': 0} 49731s
    ... {'checks': 118150000, 'confl': 4583430, 'model_rej': 0} 49752s
    ... {'checks': 118200000, 'confl': 4584406, 'model_rej': 0} 49774s
    ... {'checks': 118250000, 'confl': 4585293, 'model_rej': 0} 49803s
    ... {'checks': 118300000, 'confl': 4586056, 'model_rej': 0} 49826s
    ... {'checks': 118350000, 'confl': 4586688, 'model_rej': 0} 49852s
    ... {'checks': 118400000, 'confl': 4587626, 'model_rej': 0} 49875s
    ... {'checks': 118450000, 'confl': 4588470, 'model_rej': 0} 49898s
    ... {'checks': 118500000, 'confl': 4589216, 'model_rej': 0} 49920s
    ... {'checks': 118550000, 'confl': 4590111, 'model_rej': 0} 49941s
    ... {'checks': 118600000, 'confl': 4590582, 'model_rej': 0} 49963s
    ... {'checks': 118650000, 'confl': 4590995, 'model_rej': 0} 49986s
    ... {'checks': 118700000, 'confl': 4591560, 'model_rej': 0} 50010s
    ... {'checks': 118750000, 'confl': 4592555, 'model_rej': 0} 50031s
    ... {'checks': 118800000, 'confl': 4593671, 'model_rej': 0} 50054s
    ... {'checks': 118850000, 'confl': 4594101, 'model_rej': 0} 50072s
    ... {'checks': 118900000, 'confl': 4594739, 'model_rej': 0} 50090s
    ... {'checks': 118950000, 'confl': 4595391, 'model_rej': 0} 50106s
    ... {'checks': 119000000, 'confl': 4595890, 'model_rej': 0} 50124s
    ... {'checks': 119050000, 'confl': 4596387, 'model_rej': 0} 50141s
    ... {'checks': 119100000, 'confl': 4597140, 'model_rej': 0} 50158s
    ... {'checks': 119150000, 'confl': 4598104, 'model_rej': 0} 50179s
    ... {'checks': 119200000, 'confl': 4599442, 'model_rej': 0} 50199s
    ... {'checks': 119250000, 'confl': 4600698, 'model_rej': 0} 50219s
    ... {'checks': 119300000, 'confl': 4601624, 'model_rej': 0} 50241s
    ... {'checks': 119350000, 'confl': 4602711, 'model_rej': 0} 50261s
    ... {'checks': 119400000, 'confl': 4603519, 'model_rej': 0} 50284s
    ... {'checks': 119450000, 'confl': 4604150, 'model_rej': 0} 50307s
    ... {'checks': 119500000, 'confl': 4605160, 'model_rej': 0} 50330s
    ... {'checks': 119550000, 'confl': 4606319, 'model_rej': 0} 50350s
    ... {'checks': 119600000, 'confl': 4607009, 'model_rej': 0} 50371s
    ... {'checks': 119650000, 'confl': 4607513, 'model_rej': 0} 50394s
    ... {'checks': 119700000, 'confl': 4608081, 'model_rej': 0} 50417s
    ... {'checks': 119750000, 'confl': 4608883, 'model_rej': 0} 50440s
    ... {'checks': 119800000, 'confl': 4609882, 'model_rej': 0} 50461s
    ... {'checks': 119850000, 'confl': 4610711, 'model_rej': 0} 50484s
    ... {'checks': 119900000, 'confl': 4611231, 'model_rej': 0} 50505s
    ... {'checks': 119950000, 'confl': 4611790, 'model_rej': 0} 50526s
    ... {'checks': 120000000, 'confl': 4612834, 'model_rej': 0} 50549s
    ... {'checks': 120050000, 'confl': 4613738, 'model_rej': 0} 50571s
    ... {'checks': 120100000, 'confl': 4614396, 'model_rej': 0} 50594s
    ... {'checks': 120150000, 'confl': 4615021, 'model_rej': 0} 50624s
    ... {'checks': 120200000, 'confl': 4615398, 'model_rej': 0} 50646s
    ... {'checks': 120250000, 'confl': 4616040, 'model_rej': 0} 50667s
    ... {'checks': 120300000, 'confl': 4616594, 'model_rej': 0} 50689s
    ... {'checks': 120350000, 'confl': 4616927, 'model_rej': 0} 50711s
    ... {'checks': 120400000, 'confl': 4617274, 'model_rej': 0} 50732s
    ... {'checks': 120450000, 'confl': 4617760, 'model_rej': 0} 50755s
    ... {'checks': 120500000, 'confl': 4618317, 'model_rej': 0} 50776s
    ... {'checks': 120550000, 'confl': 4618925, 'model_rej': 0} 50797s
    ... {'checks': 120600000, 'confl': 4619452, 'model_rej': 0} 50818s
    ... {'checks': 120650000, 'confl': 4619868, 'model_rej': 0} 50841s
    ... {'checks': 120700000, 'confl': 4620437, 'model_rej': 0} 50862s
    ... {'checks': 120750000, 'confl': 4621134, 'model_rej': 0} 50889s
    ... {'checks': 120800000, 'confl': 4622153, 'model_rej': 0} 50915s
    ... {'checks': 120850000, 'confl': 4622616, 'model_rej': 0} 50939s
    ... {'checks': 120900000, 'confl': 4623139, 'model_rej': 0} 50963s
    ... {'checks': 120950000, 'confl': 4623537, 'model_rej': 0} 50985s
    ... {'checks': 121000000, 'confl': 4623990, 'model_rej': 0} 51008s
    ... {'checks': 121050000, 'confl': 4624458, 'model_rej': 0} 51033s
    ... {'checks': 121100000, 'confl': 4625027, 'model_rej': 0} 51059s
    ... {'checks': 121150000, 'confl': 4625509, 'model_rej': 0} 51082s
    ... {'checks': 121200000, 'confl': 4625982, 'model_rej': 0} 51104s
    ... {'checks': 121250000, 'confl': 4626666, 'model_rej': 0} 51127s
    ... {'checks': 121300000, 'confl': 4627302, 'model_rej': 0} 51148s
    ... {'checks': 121350000, 'confl': 4627918, 'model_rej': 0} 51170s
    ... {'checks': 121400000, 'confl': 4628361, 'model_rej': 0} 51193s
    ... {'checks': 121450000, 'confl': 4629279, 'model_rej': 0} 51219s
    ... {'checks': 121500000, 'confl': 4630200, 'model_rej': 0} 51241s
    ... {'checks': 121550000, 'confl': 4630918, 'model_rej': 0} 51264s
    ... {'checks': 121600000, 'confl': 4631288, 'model_rej': 0} 51288s
    ... {'checks': 121650000, 'confl': 4631822, 'model_rej': 0} 51312s
    ... {'checks': 121700000, 'confl': 4633119, 'model_rej': 0} 51340s
    ... {'checks': 121750000, 'confl': 4634130, 'model_rej': 0} 51355s
    ... {'checks': 121800000, 'confl': 4635485, 'model_rej': 0} 51380s
    ... {'checks': 121850000, 'confl': 4636920, 'model_rej': 0} 51395s
    ... {'checks': 121900000, 'confl': 4638894, 'model_rej': 0} 51410s
    ... {'checks': 121950000, 'confl': 4640143, 'model_rej': 0} 51431s
    ... {'checks': 122000000, 'confl': 4641455, 'model_rej': 0} 51458s
    ... {'checks': 122050000, 'confl': 4643324, 'model_rej': 0} 51488s
    ... {'checks': 122100000, 'confl': 4643736, 'model_rej': 0} 51502s
    ... {'checks': 122150000, 'confl': 4644237, 'model_rej': 0} 51516s
    ... {'checks': 122200000, 'confl': 4644727, 'model_rej': 0} 51529s
    ... {'checks': 122250000, 'confl': 4645113, 'model_rej': 0} 51542s
    ... {'checks': 122300000, 'confl': 4645688, 'model_rej': 0} 51558s
    ... {'checks': 122350000, 'confl': 4649250, 'model_rej': 0} 51590s
    ... {'checks': 122400000, 'confl': 4650634, 'model_rej': 0} 51611s
    ... {'checks': 122450000, 'confl': 4651111, 'model_rej': 0} 51629s
    ... {'checks': 122500000, 'confl': 4651423, 'model_rej': 0} 51644s
    ... {'checks': 122550000, 'confl': 4654844, 'model_rej': 0} 51856s
    ... {'checks': 122600000, 'confl': 4657481, 'model_rej': 0} 51886s
    ... {'checks': 122650000, 'confl': 4659237, 'model_rej': 0} 51916s
    ... {'checks': 122700000, 'confl': 4662151, 'model_rej': 0} 51938s
    ... {'checks': 122750000, 'confl': 4663004, 'model_rej': 0} 51949s
    ... {'checks': 122800000, 'confl': 4663699, 'model_rej': 0} 51959s
    ... {'checks': 122850000, 'confl': 4664263, 'model_rej': 0} 51969s
    ... {'checks': 122900000, 'confl': 4665625, 'model_rej': 0} 51990s
    ... {'checks': 122950000, 'confl': 4668291, 'model_rej': 0} 52017s
    ... {'checks': 123000000, 'confl': 4671270, 'model_rej': 0} 52030s
    ... {'checks': 123050000, 'confl': 4671941, 'model_rej': 0} 52047s
    ... {'checks': 123100000, 'confl': 4671998, 'model_rej': 0} 52060s
    ... {'checks': 123150000, 'confl': 4672253, 'model_rej': 0} 52072s
    ... {'checks': 123200000, 'confl': 4673908, 'model_rej': 0} 52089s
    ... {'checks': 123250000, 'confl': 4675885, 'model_rej': 0} 52266s
    ... {'checks': 123300000, 'confl': 4677519, 'model_rej': 0} 52274s
    ... {'checks': 123350000, 'confl': 4680290, 'model_rej': 0} 52297s
    ... {'checks': 123400000, 'confl': 4682583, 'model_rej': 0} 52315s
    ... {'checks': 123450000, 'confl': 4684731, 'model_rej': 0} 52323s
    ... {'checks': 123500000, 'confl': 4686532, 'model_rej': 0} 52333s
    ... {'checks': 123550000, 'confl': 4687203, 'model_rej': 0} 52339s
    ... {'checks': 123600000, 'confl': 4688057, 'model_rej': 0} 52346s
    ... {'checks': 123650000, 'confl': 4689310, 'model_rej': 0} 52352s
    ... {'checks': 123700000, 'confl': 4689763, 'model_rej': 0} 52357s
    ... {'checks': 123750000, 'confl': 4690148, 'model_rej': 0} 52362s
    ... {'checks': 123800000, 'confl': 4690991, 'model_rej': 0} 52366s
    ... {'checks': 123850000, 'confl': 4691523, 'model_rej': 0} 52377s
    ... {'checks': 123900000, 'confl': 4692248, 'model_rej': 0} 52391s
    ... {'checks': 123950000, 'confl': 4695021, 'model_rej': 0} 52416s
    ... {'checks': 124000000, 'confl': 4696794, 'model_rej': 0} 52442s
    ... {'checks': 124050000, 'confl': 4698779, 'model_rej': 0} 52468s
    ... {'checks': 124100000, 'confl': 4701262, 'model_rej': 0} 52495s
    ... {'checks': 124150000, 'confl': 4702883, 'model_rej': 0} 52512s
    ... {'checks': 124200000, 'confl': 4704561, 'model_rej': 0} 52531s
    ... {'checks': 124250000, 'confl': 4705001, 'model_rej': 0} 52550s
    ... {'checks': 124300000, 'confl': 4706623, 'model_rej': 0} 52566s
    ... {'checks': 124350000, 'confl': 4709694, 'model_rej': 0} 52583s
    ... {'checks': 124400000, 'confl': 4711945, 'model_rej': 0} 52591s
    ... {'checks': 124450000, 'confl': 4714280, 'model_rej': 0} 52598s
    ... {'checks': 124500000, 'confl': 4717286, 'model_rej': 0} 52682s
    ... {'checks': 124550000, 'confl': 4719765, 'model_rej': 0} 52704s
    ... {'checks': 124600000, 'confl': 4720736, 'model_rej': 0} 52724s
    ... {'checks': 124650000, 'confl': 4722041, 'model_rej': 0} 52742s
    ... {'checks': 124700000, 'confl': 4723998, 'model_rej': 0} 52776s
    ... {'checks': 124750000, 'confl': 4726176, 'model_rej': 0} 52799s
    ... {'checks': 124800000, 'confl': 4728354, 'model_rej': 0} 52830s
    ... {'checks': 124850000, 'confl': 4730162, 'model_rej': 0} 52862s
    ... {'checks': 124900000, 'confl': 4730477, 'model_rej': 0} 52879s
    ... {'checks': 124950000, 'confl': 4730722, 'model_rej': 0} 52893s
    ... {'checks': 125000000, 'confl': 4730870, 'model_rej': 0} 52907s
    ... {'checks': 125050000, 'confl': 4731273, 'model_rej': 0} 52924s
    ... {'checks': 125100000, 'confl': 4734196, 'model_rej': 0} 52967s
    ... {'checks': 125150000, 'confl': 4736498, 'model_rej': 0} 53382s
    ... {'checks': 125200000, 'confl': 4738670, 'model_rej': 0} 53403s
    ... {'checks': 125250000, 'confl': 4739715, 'model_rej': 0} 53417s
    ... {'checks': 125300000, 'confl': 4740650, 'model_rej': 0} 53430s
    ... {'checks': 125350000, 'confl': 4742106, 'model_rej': 0} 53450s
    ... {'checks': 125400000, 'confl': 4744022, 'model_rej': 0} 53475s
    ... {'checks': 125450000, 'confl': 4746397, 'model_rej': 0} 53515s
    ... {'checks': 125500000, 'confl': 4746966, 'model_rej': 0} 53531s
    ... {'checks': 125550000, 'confl': 4749766, 'model_rej': 0} 53572s
    ... {'checks': 125600000, 'confl': 4751849, 'model_rej': 0} 53611s
    ... {'checks': 125650000, 'confl': 4754291, 'model_rej': 0} 53644s
    ... {'checks': 125700000, 'confl': 4756160, 'model_rej': 0} 53659s
    ... {'checks': 125750000, 'confl': 4756744, 'model_rej': 0} 53666s
    ... {'checks': 125800000, 'confl': 4757320, 'model_rej': 0} 53674s
    ... {'checks': 125850000, 'confl': 4760149, 'model_rej': 0} 53706s
    ... {'checks': 125900000, 'confl': 4761789, 'model_rej': 0} 53731s
    ... {'checks': 125950000, 'confl': 4765081, 'model_rej': 0} 53767s
    ... {'checks': 126000000, 'confl': 4766422, 'model_rej': 0} 53790s
    ... {'checks': 126050000, 'confl': 4766994, 'model_rej': 0} 53810s
    ... {'checks': 126100000, 'confl': 4769012, 'model_rej': 0} 53833s
    ... {'checks': 126150000, 'confl': 4772297, 'model_rej': 0} 53859s
    ... {'checks': 126200000, 'confl': 4775281, 'model_rej': 0} 53893s
    ... {'checks': 126250000, 'confl': 4777496, 'model_rej': 0} 53919s
    ... {'checks': 126300000, 'confl': 4779686, 'model_rej': 0} 53951s
    ... {'checks': 126350000, 'confl': 4781649, 'model_rej': 0} 53986s
    ... {'checks': 126400000, 'confl': 4784735, 'model_rej': 0} 54018s
    ... {'checks': 126450000, 'confl': 4786092, 'model_rej': 0} 54039s
    ... {'checks': 126500000, 'confl': 4787605, 'model_rej': 0} 54055s
    ... {'checks': 126550000, 'confl': 4789801, 'model_rej': 0} 54091s
    ... {'checks': 126600000, 'confl': 4791534, 'model_rej': 0} 54117s
    ... {'checks': 126650000, 'confl': 4793616, 'model_rej': 0} 54141s
    ... {'checks': 126700000, 'confl': 4795999, 'model_rej': 0} 54160s
    ... {'checks': 126750000, 'confl': 4798130, 'model_rej': 0} 54187s
    ... {'checks': 126800000, 'confl': 4800820, 'model_rej': 0} 54221s
    ... {'checks': 126850000, 'confl': 4801323, 'model_rej': 0} 54233s
    ... {'checks': 126900000, 'confl': 4802991, 'model_rej': 0} 54263s
    ... {'checks': 126950000, 'confl': 4806133, 'model_rej': 0} 54305s
    ... {'checks': 127000000, 'confl': 4807576, 'model_rej': 0} 54326s
    ... {'checks': 127050000, 'confl': 4810102, 'model_rej': 0} 54353s
    ... {'checks': 127100000, 'confl': 4812930, 'model_rej': 0} 54382s
    ... {'checks': 127150000, 'confl': 4814750, 'model_rej': 0} 54393s
    ... {'checks': 127200000, 'confl': 4816135, 'model_rej': 0} 54404s
    ... {'checks': 127250000, 'confl': 4817604, 'model_rej': 0} 54423s
    ... {'checks': 127300000, 'confl': 4819202, 'model_rej': 0} 54435s
    ... {'checks': 127350000, 'confl': 4820963, 'model_rej': 0} 54465s
    ... {'checks': 127400000, 'confl': 4823273, 'model_rej': 0} 54492s
    ... {'checks': 127450000, 'confl': 4827059, 'model_rej': 0} 54507s
    ... {'checks': 127500000, 'confl': 4830189, 'model_rej': 0} 54533s
    ... {'checks': 127550000, 'confl': 4831508, 'model_rej': 0} 54548s
    ... {'checks': 127600000, 'confl': 4832814, 'model_rej': 0} 54561s
    ... {'checks': 127650000, 'confl': 4833978, 'model_rej': 0} 54572s
    ... {'checks': 127700000, 'confl': 4835580, 'model_rej': 0} 54583s
    ... {'checks': 127750000, 'confl': 4836803, 'model_rej': 0} 54595s
    ... {'checks': 127800000, 'confl': 4838025, 'model_rej': 0} 54606s
    ... {'checks': 127850000, 'confl': 4839312, 'model_rej': 0} 54617s
    ... {'checks': 127900000, 'confl': 4840959, 'model_rej': 0} 54642s
    ... {'checks': 127950000, 'confl': 4841150, 'model_rej': 0} 54657s
    ... {'checks': 128000000, 'confl': 4842908, 'model_rej': 0} 54680s
    ... {'checks': 128050000, 'confl': 4844484, 'model_rej': 0} 54701s
    ... {'checks': 128100000, 'confl': 4845478, 'model_rej': 0} 54718s
    ... {'checks': 128150000, 'confl': 4848163, 'model_rej': 0} 54754s
    ... {'checks': 128200000, 'confl': 4850074, 'model_rej': 0} 54781s
    ... {'checks': 128250000, 'confl': 4850417, 'model_rej': 0} 54800s
    ... {'checks': 128300000, 'confl': 4852538, 'model_rej': 0} 54829s
    ... {'checks': 128350000, 'confl': 4855170, 'model_rej': 0} 54855s
    ... {'checks': 128400000, 'confl': 4857036, 'model_rej': 0} 54883s
    ... {'checks': 128450000, 'confl': 4857838, 'model_rej': 0} 54908s
    ... {'checks': 128500000, 'confl': 4858226, 'model_rej': 0} 54927s
    ... {'checks': 128550000, 'confl': 4860096, 'model_rej': 0} 54958s
    ... {'checks': 128600000, 'confl': 4864147, 'model_rej': 0} 54964s
    ... {'checks': 128650000, 'confl': 4866939, 'model_rej': 0} 54989s
    ... {'checks': 128700000, 'confl': 4869276, 'model_rej': 0} 55023s
    ... {'checks': 128750000, 'confl': 4870762, 'model_rej': 0} 55049s
    ... {'checks': 128800000, 'confl': 4872935, 'model_rej': 0} 55071s
    ... {'checks': 128850000, 'confl': 4874814, 'model_rej': 0} 55100s
    ... {'checks': 128900000, 'confl': 4876695, 'model_rej': 0} 55129s
    ... {'checks': 128950000, 'confl': 4878543, 'model_rej': 0} 55152s
    ... {'checks': 129000000, 'confl': 4879381, 'model_rej': 0} 55164s
    ... {'checks': 129050000, 'confl': 4879831, 'model_rej': 0} 55177s
    ... {'checks': 129100000, 'confl': 4882120, 'model_rej': 0} 55202s
    ... {'checks': 129150000, 'confl': 4883155, 'model_rej': 0} 55227s
    ... {'checks': 129200000, 'confl': 4885189, 'model_rej': 0} 55245s
    ... {'checks': 129250000, 'confl': 4887027, 'model_rej': 0} 55276s
    ... {'checks': 129300000, 'confl': 4888342, 'model_rej': 0} 55294s
    ... {'checks': 129350000, 'confl': 4890725, 'model_rej': 0} 55322s
    ... {'checks': 129400000, 'confl': 4893043, 'model_rej': 0} 55335s
    ... {'checks': 129450000, 'confl': 4895106, 'model_rej': 0} 55342s
    ... {'checks': 129500000, 'confl': 4897446, 'model_rej': 0} 55379s
    ... {'checks': 129550000, 'confl': 4898711, 'model_rej': 0} 55408s
    ... {'checks': 129600000, 'confl': 4901224, 'model_rej': 0} 55433s
    ... {'checks': 129650000, 'confl': 4904076, 'model_rej': 0} 55465s
    ... {'checks': 129700000, 'confl': 4905600, 'model_rej': 0} 55480s
    ... {'checks': 129750000, 'confl': 4907877, 'model_rej': 0} 55510s
    ... {'checks': 129800000, 'confl': 4908228, 'model_rej': 0} 55529s
    ... {'checks': 129850000, 'confl': 4910845, 'model_rej': 0} 55563s
    ... {'checks': 129900000, 'confl': 4912391, 'model_rej': 0} 55594s
    ... {'checks': 129950000, 'confl': 4915419, 'model_rej': 0} 55637s
    ... {'checks': 130000000, 'confl': 4917470, 'model_rej': 0} 55675s
    ... {'checks': 130050000, 'confl': 4919496, 'model_rej': 0} 55708s
    ... {'checks': 130100000, 'confl': 4924000, 'model_rej': 0} 55724s
    ... {'checks': 130150000, 'confl': 4926361, 'model_rej': 0} 55758s
    ... {'checks': 130200000, 'confl': 4929859, 'model_rej': 0} 55792s
    ... {'checks': 130250000, 'confl': 4931968, 'model_rej': 0} 55827s
    ... {'checks': 130300000, 'confl': 4933897, 'model_rej': 0} 55848s
    ... {'checks': 130350000, 'confl': 4936758, 'model_rej': 0} 55882s
    ... {'checks': 130400000, 'confl': 4937678, 'model_rej': 0} 55902s
    ... {'checks': 130450000, 'confl': 4938181, 'model_rej': 0} 55919s
    ... {'checks': 130500000, 'confl': 4938656, 'model_rej': 0} 55935s
    ... {'checks': 130550000, 'confl': 4939099, 'model_rej': 0} 55952s
    ... {'checks': 130600000, 'confl': 4940810, 'model_rej': 0} 55990s
    ... {'checks': 130650000, 'confl': 4943554, 'model_rej': 0} 56014s
    ... {'checks': 130700000, 'confl': 4944381, 'model_rej': 0} 56037s
    ... {'checks': 130750000, 'confl': 4946126, 'model_rej': 0} 56062s
    ... {'checks': 130800000, 'confl': 4948684, 'model_rej': 0} 56084s
    ... {'checks': 130850000, 'confl': 4951234, 'model_rej': 0} 56092s
    ... {'checks': 130900000, 'confl': 4952730, 'model_rej': 0} 56101s
    ... {'checks': 130950000, 'confl': 4955728, 'model_rej': 0} 56124s
    ... {'checks': 131000000, 'confl': 4958539, 'model_rej': 0} 56142s
    ... {'checks': 131050000, 'confl': 4960381, 'model_rej': 0} 56167s
    ... {'checks': 131100000, 'confl': 4962560, 'model_rej': 0} 56196s
    ... {'checks': 131150000, 'confl': 4965799, 'model_rej': 0} 56219s
    ... {'checks': 131200000, 'confl': 4967643, 'model_rej': 0} 56233s
    ... {'checks': 131250000, 'confl': 4970322, 'model_rej': 0} 56243s
    ... {'checks': 131300000, 'confl': 4972582, 'model_rej': 0} 56699s
    ... {'checks': 131350000, 'confl': 4974978, 'model_rej': 0} 56706s
    ... {'checks': 131400000, 'confl': 4976795, 'model_rej': 0} 56712s
    ... {'checks': 131450000, 'confl': 4978197, 'model_rej': 0} 56729s
    ... {'checks': 131500000, 'confl': 4980489, 'model_rej': 0} 56768s
    ... {'checks': 131550000, 'confl': 4982066, 'model_rej': 0} 56793s
    ... {'checks': 131600000, 'confl': 4984961, 'model_rej': 0} 56821s
    ... {'checks': 131650000, 'confl': 4987073, 'model_rej': 0} 56843s
    ... {'checks': 131700000, 'confl': 4989364, 'model_rej': 0} 56882s
    ... {'checks': 131750000, 'confl': 4989481, 'model_rej': 0} 56900s
    ... {'checks': 131800000, 'confl': 4990286, 'model_rej': 0} 56929s
    ... {'checks': 131850000, 'confl': 4992985, 'model_rej': 0} 56975s
    ... {'checks': 131900000, 'confl': 4995383, 'model_rej': 0} 56984s
    ... {'checks': 131950000, 'confl': 4997547, 'model_rej': 0} 56992s
    ... {'checks': 132000000, 'confl': 4999559, 'model_rej': 0} 57014s
    ... {'checks': 132050000, 'confl': 4999823, 'model_rej': 0} 57040s
    ... {'checks': 132100000, 'confl': 5001998, 'model_rej': 0} 57087s
    ... {'checks': 132150000, 'confl': 5003885, 'model_rej': 0} 57123s
    ... {'checks': 132200000, 'confl': 5004822, 'model_rej': 0} 57152s
    ... {'checks': 132250000, 'confl': 5007494, 'model_rej': 0} 57181s
    ... {'checks': 132300000, 'confl': 5009606, 'model_rej': 0} 57216s
    ... {'checks': 132350000, 'confl': 5012875, 'model_rej': 0} 57258s
    ... {'checks': 132400000, 'confl': 5015952, 'model_rej': 0} 57299s
    ... {'checks': 132450000, 'confl': 5018520, 'model_rej': 0} 57335s
    ... {'checks': 132500000, 'confl': 5020248, 'model_rej': 0} 57364s
    ... {'checks': 132550000, 'confl': 5022637, 'model_rej': 0} 57390s
    ... {'checks': 132600000, 'confl': 5024651, 'model_rej': 0} 57419s
    ... {'checks': 132650000, 'confl': 5027404, 'model_rej': 0} 57453s
    ... {'checks': 132700000, 'confl': 5030670, 'model_rej': 0} 57494s
    ... {'checks': 132750000, 'confl': 5033410, 'model_rej': 0} 57519s
    ... {'checks': 132800000, 'confl': 5034199, 'model_rej': 0} 57547s
    ... {'checks': 132850000, 'confl': 5036435, 'model_rej': 0} 57571s
    ... {'checks': 132900000, 'confl': 5037685, 'model_rej': 0} 57583s
    ... {'checks': 132950000, 'confl': 5038998, 'model_rej': 0} 57606s
    ... {'checks': 133000000, 'confl': 5041772, 'model_rej': 0} 57646s
    ... {'checks': 133050000, 'confl': 5045153, 'model_rej': 0} 57690s
    ... {'checks': 133100000, 'confl': 5047856, 'model_rej': 0} 57720s
    ... {'checks': 133150000, 'confl': 5051124, 'model_rej': 0} 57749s
    ... {'checks': 133200000, 'confl': 5052810, 'model_rej': 0} 57762s
    ... {'checks': 133250000, 'confl': 5054808, 'model_rej': 0} 57789s
    ... {'checks': 133300000, 'confl': 5057859, 'model_rej': 0} 57817s
    ... {'checks': 133350000, 'confl': 5060074, 'model_rej': 0} 57840s
    ... {'checks': 133400000, 'confl': 5062030, 'model_rej': 0} 57860s
    ... {'checks': 133450000, 'confl': 5063231, 'model_rej': 0} 57890s
    ... {'checks': 133500000, 'confl': 5063586, 'model_rej': 0} 57903s
    ... {'checks': 133550000, 'confl': 5065476, 'model_rej': 0} 57921s
    ... {'checks': 133600000, 'confl': 5067441, 'model_rej': 0} 57933s
    ... {'checks': 133650000, 'confl': 5069546, 'model_rej': 0} 57945s
    ... {'checks': 133700000, 'confl': 5070703, 'model_rej': 0} 57955s
    ... {'checks': 133750000, 'confl': 5072596, 'model_rej': 0} 57970s
    ... {'checks': 133800000, 'confl': 5075529, 'model_rej': 0} 58015s
    ... {'checks': 133850000, 'confl': 5077915, 'model_rej': 0} 58025s
    ... {'checks': 133900000, 'confl': 5079967, 'model_rej': 0} 58034s
    ... {'checks': 133950000, 'confl': 5081639, 'model_rej': 0} 58052s
    ... {'checks': 134000000, 'confl': 5083513, 'model_rej': 0} 58082s
    ... {'checks': 134050000, 'confl': 5085099, 'model_rej': 0} 58112s
    ... {'checks': 134100000, 'confl': 5087281, 'model_rej': 0} 58133s
    ... {'checks': 134150000, 'confl': 5089706, 'model_rej': 0} 58173s
    ... {'checks': 134200000, 'confl': 5091362, 'model_rej': 0} 58203s
    ... {'checks': 134250000, 'confl': 5093490, 'model_rej': 0} 58229s
    ... {'checks': 134300000, 'confl': 5095999, 'model_rej': 0} 58264s
    ... {'checks': 134350000, 'confl': 5098143, 'model_rej': 0} 58291s
    ... {'checks': 134400000, 'confl': 5100110, 'model_rej': 0} 58316s
    ... {'checks': 134450000, 'confl': 5102153, 'model_rej': 0} 58339s
    ... {'checks': 134500000, 'confl': 5104270, 'model_rej': 0} 58375s
    ... {'checks': 134550000, 'confl': 5106350, 'model_rej': 0} 58404s
    ... {'checks': 134600000, 'confl': 5107862, 'model_rej': 0} 58429s
    ... {'checks': 134650000, 'confl': 5109152, 'model_rej': 0} 58445s
    ... {'checks': 134700000, 'confl': 5110321, 'model_rej': 0} 58457s
    ... {'checks': 134750000, 'confl': 5111624, 'model_rej': 0} 58469s
    ... {'checks': 134800000, 'confl': 5114296, 'model_rej': 0} 58497s
    ... {'checks': 134850000, 'confl': 5116148, 'model_rej': 0} 58523s
    ... {'checks': 134900000, 'confl': 5117929, 'model_rej': 0} 58555s
    ... {'checks': 134950000, 'confl': 5120824, 'model_rej': 0} 58585s
    ... {'checks': 135000000, 'confl': 5122480, 'model_rej': 0} 58603s
    ... {'checks': 135050000, 'confl': 5123461, 'model_rej': 0} 58614s
    ... {'checks': 135100000, 'confl': 5124709, 'model_rej': 0} 58627s
    ... {'checks': 135150000, 'confl': 5125829, 'model_rej': 0} 58640s
    ... {'checks': 135200000, 'confl': 5128294, 'model_rej': 0} 58669s
    ... {'checks': 135250000, 'confl': 5130022, 'model_rej': 0} 58685s
    ... {'checks': 135300000, 'confl': 5132653, 'model_rej': 0} 58712s
    ... {'checks': 135350000, 'confl': 5134925, 'model_rej': 0} 58742s
    ... {'checks': 135400000, 'confl': 5137339, 'model_rej': 0} 58772s
    ... {'checks': 135450000, 'confl': 5139431, 'model_rej': 0} 58802s
    ... {'checks': 135500000, 'confl': 5142220, 'model_rej': 0} 58818s
    ... {'checks': 135550000, 'confl': 5144380, 'model_rej': 0} 59367s
    ... {'checks': 135600000, 'confl': 5145793, 'model_rej': 0} 59382s
    ... {'checks': 135650000, 'confl': 5147201, 'model_rej': 0} 59402s
    ... {'checks': 135700000, 'confl': 5149212, 'model_rej': 0} 59681s
    ... {'checks': 135750000, 'confl': 5152921, 'model_rej': 0} 59704s
    ... {'checks': 135800000, 'confl': 5155225, 'model_rej': 0} 59712s
    ... {'checks': 135850000, 'confl': 5156775, 'model_rej': 0} 59718s
    ... {'checks': 135900000, 'confl': 5159567, 'model_rej': 0} 59731s
    ... {'checks': 135950000, 'confl': 5161004, 'model_rej': 0} 59751s
    ... {'checks': 136000000, 'confl': 5163240, 'model_rej': 0} 59792s
    ... {'checks': 136050000, 'confl': 5164100, 'model_rej': 0} 59811s
    ... {'checks': 136100000, 'confl': 5164475, 'model_rej': 0} 59828s
    ... {'checks': 136150000, 'confl': 5166113, 'model_rej': 0} 59857s
    ... {'checks': 136200000, 'confl': 5168726, 'model_rej': 0} 59900s
    ... {'checks': 136250000, 'confl': 5170887, 'model_rej': 0} 59907s
    ... {'checks': 136300000, 'confl': 5173206, 'model_rej': 0} 59915s
    ... {'checks': 136350000, 'confl': 5176075, 'model_rej': 0} 59948s
    ... {'checks': 136400000, 'confl': 5177137, 'model_rej': 0} 59973s
    ... {'checks': 136450000, 'confl': 5180092, 'model_rej': 0} 60000s
    ... {'checks': 136500000, 'confl': 5182241, 'model_rej': 0} 60011s
    ... {'checks': 136550000, 'confl': 5184343, 'model_rej': 0} 60033s
    ... {'checks': 136600000, 'confl': 5187962, 'model_rej': 0} 60057s
    ... {'checks': 136650000, 'confl': 5188941, 'model_rej': 0} 60082s
    ... {'checks': 136700000, 'confl': 5190469, 'model_rej': 0} 60118s
    ... {'checks': 136750000, 'confl': 5192257, 'model_rej': 0} 60149s
    ... {'checks': 136800000, 'confl': 5194754, 'model_rej': 0} 60173s
    ... {'checks': 136850000, 'confl': 5196256, 'model_rej': 0} 60188s
    ... {'checks': 136900000, 'confl': 5198132, 'model_rej': 0} 60219s
    ... {'checks': 136950000, 'confl': 5199674, 'model_rej': 0} 60252s
    ... {'checks': 137000000, 'confl': 5202205, 'model_rej': 0} 60286s
    ... {'checks': 137050000, 'confl': 5203334, 'model_rej': 0} 60306s
    ... {'checks': 137100000, 'confl': 5204069, 'model_rej': 0} 60323s
    ... {'checks': 137150000, 'confl': 5205148, 'model_rej': 0} 60341s
    ... {'checks': 137200000, 'confl': 5207680, 'model_rej': 0} 60378s
    ... {'checks': 137250000, 'confl': 5209540, 'model_rej': 0} 60407s
    ... {'checks': 137300000, 'confl': 5212367, 'model_rej': 0} 60427s
    ... {'checks': 137350000, 'confl': 5214051, 'model_rej': 0} 60438s
    ... {'checks': 137400000, 'confl': 5215902, 'model_rej': 0} 60447s
    ... {'checks': 137450000, 'confl': 5217232, 'model_rej': 0} 60457s
    ... {'checks': 137500000, 'confl': 5218540, 'model_rej': 0} 60467s
    ... {'checks': 137550000, 'confl': 5220039, 'model_rej': 0} 60476s
    ... {'checks': 137600000, 'confl': 5221247, 'model_rej': 0} 60894s
    ... {'checks': 137650000, 'confl': 5223595, 'model_rej': 0} 60904s
    ... {'checks': 137700000, 'confl': 5224932, 'model_rej': 0} 60915s
    ... {'checks': 137750000, 'confl': 5226795, 'model_rej': 0} 60923s
    ... {'checks': 137800000, 'confl': 5228197, 'model_rej': 0} 60931s
    ... {'checks': 137850000, 'confl': 5229900, 'model_rej': 0} 60939s
    ... {'checks': 137900000, 'confl': 5231312, 'model_rej': 0} 60947s
    ... {'checks': 137950000, 'confl': 5232620, 'model_rej': 0} 60955s
    ... {'checks': 138000000, 'confl': 5234385, 'model_rej': 0} 60973s
    ... {'checks': 138050000, 'confl': 5237004, 'model_rej': 0} 61009s
    ... {'checks': 138100000, 'confl': 5239522, 'model_rej': 0} 61044s
    ... {'checks': 138150000, 'confl': 5241604, 'model_rej': 0} 61093s
    ... {'checks': 138200000, 'confl': 5244104, 'model_rej': 0} 61132s
    ... {'checks': 138250000, 'confl': 5246767, 'model_rej': 0} 61178s
    ... {'checks': 138300000, 'confl': 5249140, 'model_rej': 0} 61213s
    ... {'checks': 138350000, 'confl': 5251024, 'model_rej': 0} 61226s
    ... {'checks': 138400000, 'confl': 5253151, 'model_rej': 0} 61238s
    ... {'checks': 138450000, 'confl': 5254652, 'model_rej': 0} 61250s
    ... {'checks': 138500000, 'confl': 5256125, 'model_rej': 0} 61261s
    ... {'checks': 138550000, 'confl': 5257276, 'model_rej': 0} 61272s
    ... {'checks': 138600000, 'confl': 5259895, 'model_rej': 0} 61314s
    ... {'checks': 138650000, 'confl': 5261986, 'model_rej': 0} 61359s
    ... {'checks': 138700000, 'confl': 5263531, 'model_rej': 0} 61397s
    ... {'checks': 138750000, 'confl': 5265743, 'model_rej': 0} 61442s
    ... {'checks': 138800000, 'confl': 5267166, 'model_rej': 0} 61473s
    ... {'checks': 138850000, 'confl': 5267615, 'model_rej': 0} 61495s
    ... {'checks': 138900000, 'confl': 5268647, 'model_rej': 0} 61522s
    ... {'checks': 138950000, 'confl': 5272116, 'model_rej': 0} 61547s
    ... {'checks': 139000000, 'confl': 5274343, 'model_rej': 0} 61588s
    ... {'checks': 139050000, 'confl': 5277608, 'model_rej': 0} 61620s
    ... {'checks': 139100000, 'confl': 5280323, 'model_rej': 0} 61662s
    ... {'checks': 139150000, 'confl': 5282101, 'model_rej': 0} 61695s
    ... {'checks': 139200000, 'confl': 5283875, 'model_rej': 0} 61723s
    ... {'checks': 139250000, 'confl': 5284920, 'model_rej': 0} 61736s
    ... {'checks': 139300000, 'confl': 5286832, 'model_rej': 0} 61766s
    ... {'checks': 139350000, 'confl': 5289712, 'model_rej': 0} 61805s
    ... {'checks': 139400000, 'confl': 5291589, 'model_rej': 0} 61835s
    ... {'checks': 139450000, 'confl': 5293374, 'model_rej': 0} 61871s
    ... {'checks': 139500000, 'confl': 5293992, 'model_rej': 0} 61893s
    ... {'checks': 139550000, 'confl': 5294798, 'model_rej': 0} 61916s
    ... {'checks': 139600000, 'confl': 5295520, 'model_rej': 0} 61949s
    ... {'checks': 139650000, 'confl': 5296920, 'model_rej': 0} 61996s
    ... {'checks': 139700000, 'confl': 5297592, 'model_rej': 0} 62011s
    ... {'checks': 139750000, 'confl': 5299595, 'model_rej': 0} 62027s
    ... {'checks': 139800000, 'confl': 5302226, 'model_rej': 0} 62053s
    ... {'checks': 139850000, 'confl': 5304459, 'model_rej': 0} 62094s
    ... {'checks': 139900000, 'confl': 5306230, 'model_rej': 0} 62119s
    ... {'checks': 139950000, 'confl': 5309083, 'model_rej': 0} 62175s
    ... {'checks': 140000000, 'confl': 5310453, 'model_rej': 0} 62204s
    ... {'checks': 140050000, 'confl': 5311665, 'model_rej': 0} 62227s
    ... {'checks': 140100000, 'confl': 5313574, 'model_rej': 0} 62262s
    ... {'checks': 140150000, 'confl': 5315252, 'model_rej': 0} 62294s
    ... {'checks': 140200000, 'confl': 5316408, 'model_rej': 0} 62317s
    ... {'checks': 140250000, 'confl': 5317026, 'model_rej': 0} 62336s
    ... {'checks': 140300000, 'confl': 5317493, 'model_rej': 0} 62357s
    ... {'checks': 140350000, 'confl': 5318591, 'model_rej': 0} 62388s
    ... {'checks': 140400000, 'confl': 5320935, 'model_rej': 0} 62436s
    ... {'checks': 140450000, 'confl': 5323392, 'model_rej': 0} 62464s
    ... {'checks': 140500000, 'confl': 5325314, 'model_rej': 0} 62489s
    ... {'checks': 140550000, 'confl': 5326025, 'model_rej': 0} 62504s
    ... {'checks': 140600000, 'confl': 5327798, 'model_rej': 0} 62541s
    ... {'checks': 140650000, 'confl': 5328285, 'model_rej': 0} 62556s
    ... {'checks': 140700000, 'confl': 5330743, 'model_rej': 0} 62590s
    ... {'checks': 140750000, 'confl': 5332327, 'model_rej': 0} 62609s
    ... {'checks': 140800000, 'confl': 5334643, 'model_rej': 0} 62652s
    ... {'checks': 140850000, 'confl': 5337271, 'model_rej': 0} 62699s
    ... {'checks': 140900000, 'confl': 5339427, 'model_rej': 0} 62733s
    ... {'checks': 140950000, 'confl': 5342016, 'model_rej': 0} 62780s
    ... {'checks': 141000000, 'confl': 5343548, 'model_rej': 0} 62810s
    ... {'checks': 141050000, 'confl': 5345504, 'model_rej': 0} 62825s
    ... {'checks': 141100000, 'confl': 5348239, 'model_rej': 0} 62866s
    ... {'checks': 141150000, 'confl': 5350083, 'model_rej': 0} 62900s
    ... {'checks': 141200000, 'confl': 5352363, 'model_rej': 0} 62942s
    ... {'checks': 141250000, 'confl': 5354501, 'model_rej': 0} 62991s
    ... {'checks': 141300000, 'confl': 5357505, 'model_rej': 0} 63024s
    ... {'checks': 141350000, 'confl': 5359935, 'model_rej': 0} 63061s
    ... {'checks': 141400000, 'confl': 5361663, 'model_rej': 0} 63091s
    ... {'checks': 141450000, 'confl': 5363657, 'model_rej': 0} 63128s
    ... {'checks': 141500000, 'confl': 5366722, 'model_rej': 0} 63146s
    ... {'checks': 141550000, 'confl': 5369455, 'model_rej': 0} 63193s
    ... {'checks': 141600000, 'confl': 5372977, 'model_rej': 0} 63231s
    ... {'checks': 141650000, 'confl': 5375301, 'model_rej': 0} 63261s
    ... {'checks': 141700000, 'confl': 5378055, 'model_rej': 0} 63303s
    ... {'checks': 141750000, 'confl': 5380457, 'model_rej': 0} 63343s
    ... {'checks': 141800000, 'confl': 5383616, 'model_rej': 0} 63380s
    ... {'checks': 141850000, 'confl': 5385839, 'model_rej': 0} 63428s
    ... {'checks': 141900000, 'confl': 5390394, 'model_rej': 0} 63914s
    ... {'checks': 141950000, 'confl': 5392938, 'model_rej': 0} 63925s
    ... {'checks': 142000000, 'confl': 5394293, 'model_rej': 0} 63932s
    ... {'checks': 142050000, 'confl': 5395778, 'model_rej': 0} 63940s
    ... {'checks': 142100000, 'confl': 5397542, 'model_rej': 0} 63948s
    ... {'checks': 142150000, 'confl': 5399280, 'model_rej': 0} 63956s
    ... {'checks': 142200000, 'confl': 5400155, 'model_rej': 0} 63963s
    ... {'checks': 142250000, 'confl': 5401269, 'model_rej': 0} 63970s
    ... {'checks': 142300000, 'confl': 5402615, 'model_rej': 0} 63976s
    ... {'checks': 142350000, 'confl': 5404353, 'model_rej': 0} 63994s
    ... {'checks': 142400000, 'confl': 5406848, 'model_rej': 0} 64035s
    ... {'checks': 142450000, 'confl': 5408420, 'model_rej': 0} 64062s
    ... {'checks': 142500000, 'confl': 5409578, 'model_rej': 0} 64076s
    ... {'checks': 142550000, 'confl': 5410617, 'model_rej': 0} 64094s
    ... {'checks': 142600000, 'confl': 5412808, 'model_rej': 0} 64130s
    ... {'checks': 142650000, 'confl': 5414757, 'model_rej': 0} 64148s
    ... {'checks': 142700000, 'confl': 5416618, 'model_rej': 0} 64180s
    ... {'checks': 142750000, 'confl': 5418641, 'model_rej': 0} 64206s
    ... {'checks': 142800000, 'confl': 5420915, 'model_rej': 0} 64242s
    ... {'checks': 142850000, 'confl': 5422445, 'model_rej': 0} 64263s
    ... {'checks': 142900000, 'confl': 5425372, 'model_rej': 0} 64308s
    ... {'checks': 142950000, 'confl': 5426988, 'model_rej': 0} 64338s
    ... {'checks': 143000000, 'confl': 5428793, 'model_rej': 0} 64365s
    ... {'checks': 143050000, 'confl': 5430774, 'model_rej': 0} 64401s
    ... {'checks': 143100000, 'confl': 5432666, 'model_rej': 0} 64436s
    ... {'checks': 143150000, 'confl': 5434329, 'model_rej': 0} 64452s
    ... {'checks': 143200000, 'confl': 5435619, 'model_rej': 0} 64467s
    ... {'checks': 143250000, 'confl': 5437688, 'model_rej': 0} 64501s
    ... {'checks': 143300000, 'confl': 5439901, 'model_rej': 0} 64533s
    ... {'checks': 143350000, 'confl': 5441091, 'model_rej': 0} 64553s
    ... {'checks': 143400000, 'confl': 5444031, 'model_rej': 0} 64579s
    ... {'checks': 143450000, 'confl': 5446293, 'model_rej': 0} 64606s
    ... {'checks': 143500000, 'confl': 5448189, 'model_rej': 0} 64630s
    ... {'checks': 143550000, 'confl': 5450301, 'model_rej': 0} 64637s
    ... {'checks': 143600000, 'confl': 5452318, 'model_rej': 0} 64645s
    ... {'checks': 143650000, 'confl': 5453958, 'model_rej': 0} 64668s
    ... {'checks': 143700000, 'confl': 5455523, 'model_rej': 0} 64689s
    ... {'checks': 143750000, 'confl': 5457295, 'model_rej': 0} 64717s
    ... {'checks': 143800000, 'confl': 5458379, 'model_rej': 0} 64736s
    ... {'checks': 143850000, 'confl': 5460399, 'model_rej': 0} 64751s
    ... {'checks': 143900000, 'confl': 5462668, 'model_rej': 0} 64780s
    ... {'checks': 143950000, 'confl': 5464641, 'model_rej': 0} 64851s
    ... {'checks': 144000000, 'confl': 5467077, 'model_rej': 0} 64887s
    ... {'checks': 144050000, 'confl': 5468739, 'model_rej': 0} 64923s
    ... {'checks': 144100000, 'confl': 5471108, 'model_rej': 0} 64949s
    ... {'checks': 144150000, 'confl': 5472510, 'model_rej': 0} 64978s
    ... {'checks': 144200000, 'confl': 5475664, 'model_rej': 0} 65031s
    ... {'checks': 144250000, 'confl': 5478157, 'model_rej': 0} 65081s
    ... {'checks': 144300000, 'confl': 5479630, 'model_rej': 0} 65121s
    ... {'checks': 144350000, 'confl': 5480872, 'model_rej': 0} 65147s
    ... {'checks': 144400000, 'confl': 5481736, 'model_rej': 0} 65166s
    ... {'checks': 144450000, 'confl': 5482250, 'model_rej': 0} 65184s
    ... {'checks': 144500000, 'confl': 5483107, 'model_rej': 0} 65204s
    ... {'checks': 144550000, 'confl': 5484716, 'model_rej': 0} 65233s
    ... {'checks': 144600000, 'confl': 5486423, 'model_rej': 0} 65248s
    ... {'checks': 144650000, 'confl': 5488283, 'model_rej': 0} 65290s
    ... {'checks': 144700000, 'confl': 5490760, 'model_rej': 0} 65331s
    ... {'checks': 144750000, 'confl': 5493521, 'model_rej': 0} 65373s
    ... {'checks': 144800000, 'confl': 5495607, 'model_rej': 0} 65400s
    ... {'checks': 144850000, 'confl': 5497897, 'model_rej': 0} 65435s
    ... {'checks': 144900000, 'confl': 5499843, 'model_rej': 0} 65477s
    ... {'checks': 144950000, 'confl': 5502454, 'model_rej': 0} 65513s
    ... {'checks': 145000000, 'confl': 5505340, 'model_rej': 0} 65542s
    ... {'checks': 145050000, 'confl': 5508002, 'model_rej': 0} 65570s
    ... {'checks': 145100000, 'confl': 5510185, 'model_rej': 0} 65615s
    ... {'checks': 145150000, 'confl': 5512550, 'model_rej': 0} 65654s
    ... {'checks': 145200000, 'confl': 5514643, 'model_rej': 0} 65666s
    ... {'checks': 145250000, 'confl': 5516533, 'model_rej': 0} 65677s
    ... {'checks': 145300000, 'confl': 5519001, 'model_rej': 0} 65710s
    ... {'checks': 145350000, 'confl': 5520514, 'model_rej': 0} 65734s
    ... {'checks': 145400000, 'confl': 5522774, 'model_rej': 0} 65769s
    ... {'checks': 145450000, 'confl': 5523999, 'model_rej': 0} 65799s
    ... {'checks': 145500000, 'confl': 5525805, 'model_rej': 0} 65833s
    ... {'checks': 145550000, 'confl': 5527754, 'model_rej': 0} 65861s
    ... {'checks': 145600000, 'confl': 5529380, 'model_rej': 0} 65901s
    ... {'checks': 145650000, 'confl': 5531868, 'model_rej': 0} 65954s
    ... {'checks': 145700000, 'confl': 5534991, 'model_rej': 0} 65985s
    ... {'checks': 145750000, 'confl': 5537652, 'model_rej': 0} 66024s
    ... {'checks': 145800000, 'confl': 5540393, 'model_rej': 0} 66066s
    ... {'checks': 145850000, 'confl': 5542869, 'model_rej': 0} 66105s
    ... {'checks': 145900000, 'confl': 5544707, 'model_rej': 0} 66131s
    ... {'checks': 145950000, 'confl': 5547034, 'model_rej': 0} 66151s
    ... {'checks': 146000000, 'confl': 5548672, 'model_rej': 0} 66163s
    ... {'checks': 146050000, 'confl': 5550107, 'model_rej': 0} 66173s
    ... {'checks': 146100000, 'confl': 5551148, 'model_rej': 0} 66185s
    ... {'checks': 146150000, 'confl': 5552291, 'model_rej': 0} 66807s
    ... {'checks': 146200000, 'confl': 5553886, 'model_rej': 0} 66832s
    ... {'checks': 146250000, 'confl': 5556682, 'model_rej': 0} 66876s
    ... {'checks': 146300000, 'confl': 5557858, 'model_rej': 0} 66890s
    ... {'checks': 146350000, 'confl': 5559597, 'model_rej': 0} 66912s
    ... {'checks': 146400000, 'confl': 5560134, 'model_rej': 0} 66931s
    ... {'checks': 146450000, 'confl': 5560748, 'model_rej': 0} 66956s
    ... {'checks': 146500000, 'confl': 5563129, 'model_rej': 0} 66996s
    ... {'checks': 146550000, 'confl': 5565697, 'model_rej': 0} 67038s
    ... {'checks': 146600000, 'confl': 5569081, 'model_rej': 0} 67062s
    ... {'checks': 146650000, 'confl': 5570602, 'model_rej': 0} 67076s
    ... {'checks': 146700000, 'confl': 5572234, 'model_rej': 0} 67091s
    ... {'checks': 146750000, 'confl': 5575059, 'model_rej': 0} 67136s
    ... {'checks': 146800000, 'confl': 5575983, 'model_rej': 0} 67153s
    ... {'checks': 146850000, 'confl': 5577895, 'model_rej': 0} 67506s
    ... {'checks': 146900000, 'confl': 5580371, 'model_rej': 0} 67550s
    ... {'checks': 146950000, 'confl': 5582199, 'model_rej': 0} 67587s
    ... {'checks': 147000000, 'confl': 5584077, 'model_rej': 0} 67615s
    ... {'checks': 147050000, 'confl': 5585360, 'model_rej': 0} 67635s
    ... {'checks': 147100000, 'confl': 5586355, 'model_rej': 0} 67652s
    ... {'checks': 147150000, 'confl': 5586983, 'model_rej': 0} 67669s
    ... {'checks': 147200000, 'confl': 5588491, 'model_rej': 0} 67697s
    ... {'checks': 147250000, 'confl': 5591311, 'model_rej': 0} 67727s
    ... {'checks': 147300000, 'confl': 5593572, 'model_rej': 0} 67768s
    ... {'checks': 147350000, 'confl': 5596093, 'model_rej': 0} 67813s
    ... {'checks': 147400000, 'confl': 5598207, 'model_rej': 0} 67837s
    ... {'checks': 147450000, 'confl': 5601331, 'model_rej': 0} 67856s
    ... {'checks': 147500000, 'confl': 5604405, 'model_rej': 0} 67887s
    ... {'checks': 147550000, 'confl': 5606744, 'model_rej': 0} 67923s
    ... {'checks': 147600000, 'confl': 5609613, 'model_rej': 0} 67940s
    ... {'checks': 147650000, 'confl': 5611645, 'model_rej': 0} 67962s
    ... {'checks': 147700000, 'confl': 5613293, 'model_rej': 0} 68004s
    ... {'checks': 147750000, 'confl': 5613995, 'model_rej': 0} 68036s
    ... {'checks': 147800000, 'confl': 5615344, 'model_rej': 0} 68061s
    ... {'checks': 147850000, 'confl': 5617322, 'model_rej': 0} 68098s
    ... {'checks': 147900000, 'confl': 5619549, 'model_rej': 0} 68143s
    ... {'checks': 147950000, 'confl': 5621984, 'model_rej': 0} 68171s
    ... {'checks': 148000000, 'confl': 5624232, 'model_rej': 0} 68197s
    ... {'checks': 148050000, 'confl': 5625541, 'model_rej': 0} 68219s
    ... {'checks': 148100000, 'confl': 5626312, 'model_rej': 0} 68245s
    ... {'checks': 148150000, 'confl': 5628419, 'model_rej': 0} 68261s
    ... {'checks': 148200000, 'confl': 5629756, 'model_rej': 0} 68282s
    ... {'checks': 148250000, 'confl': 5631360, 'model_rej': 0} 68301s
    ... {'checks': 148300000, 'confl': 5633723, 'model_rej': 0} 68325s
    ... {'checks': 148350000, 'confl': 5635516, 'model_rej': 0} 68379s
    ... {'checks': 148400000, 'confl': 5636715, 'model_rej': 0} 68391s
    ... {'checks': 148450000, 'confl': 5638079, 'model_rej': 0} 68412s
    ... {'checks': 148500000, 'confl': 5639119, 'model_rej': 0} 68428s
    ... {'checks': 148550000, 'confl': 5640228, 'model_rej': 0} 68445s
    ... {'checks': 148600000, 'confl': 5641403, 'model_rej': 0} 68475s
    ... {'checks': 148650000, 'confl': 5643293, 'model_rej': 0} 68514s
    ... {'checks': 148700000, 'confl': 5645407, 'model_rej': 0} 68548s
    ... {'checks': 148750000, 'confl': 5647246, 'model_rej': 0} 68576s
    ... {'checks': 148800000, 'confl': 5648452, 'model_rej': 0} 68598s
    ... {'checks': 148850000, 'confl': 5650676, 'model_rej': 0} 68624s
    ... {'checks': 148900000, 'confl': 5653796, 'model_rej': 0} 68652s
    ... {'checks': 148950000, 'confl': 5655766, 'model_rej': 0} 68685s
    ... {'checks': 149000000, 'confl': 5657934, 'model_rej': 0} 68722s
    ... {'checks': 149050000, 'confl': 5659119, 'model_rej': 0} 68749s
    ... {'checks': 149100000, 'confl': 5660647, 'model_rej': 0} 68764s
    ... {'checks': 149150000, 'confl': 5662713, 'model_rej': 0} 68769s
    ... {'checks': 149200000, 'confl': 5664396, 'model_rej': 0} 68775s
    ... {'checks': 149250000, 'confl': 5666234, 'model_rej': 0} 68780s
    ... {'checks': 149300000, 'confl': 5668612, 'model_rej': 0} 68805s
    ... {'checks': 149350000, 'confl': 5671836, 'model_rej': 0} 68836s
    ... {'checks': 149400000, 'confl': 5673822, 'model_rej': 0} 68865s
    ... {'checks': 149450000, 'confl': 5674689, 'model_rej': 0} 68883s
    ... {'checks': 149500000, 'confl': 5675247, 'model_rej': 0} 68897s
    ... {'checks': 149550000, 'confl': 5676031, 'model_rej': 0} 68911s
    ... {'checks': 149600000, 'confl': 5677644, 'model_rej': 0} 68937s
    ... {'checks': 149650000, 'confl': 5680575, 'model_rej': 0} 68978s
    ... {'checks': 149700000, 'confl': 5683662, 'model_rej': 0} 69021s
    ... {'checks': 149750000, 'confl': 5686148, 'model_rej': 0} 69063s
    ... {'checks': 149800000, 'confl': 5688071, 'model_rej': 0} 69094s
    ... {'checks': 149850000, 'confl': 5690395, 'model_rej': 0} 69125s
    ... {'checks': 149900000, 'confl': 5693253, 'model_rej': 0} 69164s
    ... {'checks': 149950000, 'confl': 5696620, 'model_rej': 0} 69172s
    ... {'checks': 150000000, 'confl': 5699903, 'model_rej': 0} 69189s
    ... {'checks': 150050000, 'confl': 5701360, 'model_rej': 0} 69216s
    ... {'checks': 150100000, 'confl': 5704014, 'model_rej': 0} 69242s
    ... {'checks': 150150000, 'confl': 5706294, 'model_rej': 0} 69274s
    ... {'checks': 150200000, 'confl': 5707840, 'model_rej': 0} 69313s
    ... {'checks': 150250000, 'confl': 5710367, 'model_rej': 0} 69345s
    ... {'checks': 150300000, 'confl': 5711169, 'model_rej': 0} 69363s
    ... {'checks': 150350000, 'confl': 5712047, 'model_rej': 0} 69385s
    ... {'checks': 150400000, 'confl': 5713313, 'model_rej': 0} 69410s
    ... {'checks': 150450000, 'confl': 5714687, 'model_rej': 0} 69439s
    ... {'checks': 150500000, 'confl': 5716614, 'model_rej': 0} 69456s
    ... {'checks': 150550000, 'confl': 5718443, 'model_rej': 0} 69489s
    ... {'checks': 150600000, 'confl': 5719656, 'model_rej': 0} 70057s
    ... {'checks': 150650000, 'confl': 5721651, 'model_rej': 0} 70085s
    ... {'checks': 150700000, 'confl': 5724805, 'model_rej': 0} 70095s
    ... {'checks': 150750000, 'confl': 5726830, 'model_rej': 0} 70102s
    ... {'checks': 150800000, 'confl': 5729405, 'model_rej': 0} 70113s
    ... {'checks': 150850000, 'confl': 5732331, 'model_rej': 0} 70122s
    ... {'checks': 150900000, 'confl': 5735284, 'model_rej': 0} 70130s
    ... {'checks': 150950000, 'confl': 5737382, 'model_rej': 0} 70155s
    ... {'checks': 151000000, 'confl': 5739563, 'model_rej': 0} 70197s
    ... {'checks': 151050000, 'confl': 5740510, 'model_rej': 0} 70221s
    ... {'checks': 151100000, 'confl': 5742585, 'model_rej': 0} 70265s
    ... {'checks': 151150000, 'confl': 5744043, 'model_rej': 0} 70312s
    ... {'checks': 151200000, 'confl': 5745901, 'model_rej': 0} 70338s
    ... {'checks': 151250000, 'confl': 5748018, 'model_rej': 0} 70387s
    ... {'checks': 151300000, 'confl': 5749041, 'model_rej': 0} 70413s
    ... {'checks': 151350000, 'confl': 5749155, 'model_rej': 0} 70429s
    ... {'checks': 151400000, 'confl': 5749913, 'model_rej': 0} 70454s
    ... {'checks': 151450000, 'confl': 5752342, 'model_rej': 0} 70488s
    ... {'checks': 151500000, 'confl': 5754489, 'model_rej': 0} 70526s
    ... {'checks': 151550000, 'confl': 5755591, 'model_rej': 0} 70550s
    ... {'checks': 151600000, 'confl': 5756601, 'model_rej': 0} 70575s
    ... {'checks': 151650000, 'confl': 5758202, 'model_rej': 0} 70610s
    ... {'checks': 151700000, 'confl': 5758589, 'model_rej': 0} 70628s
    ... {'checks': 151750000, 'confl': 5758961, 'model_rej': 0} 70648s
    ... {'checks': 151800000, 'confl': 5760853, 'model_rej': 0} 70692s
    ... {'checks': 151850000, 'confl': 5762329, 'model_rej': 0} 70720s
    ... {'checks': 151900000, 'confl': 5764106, 'model_rej': 0} 70753s
    ... {'checks': 151950000, 'confl': 5766217, 'model_rej': 0} 70772s
    ... {'checks': 152000000, 'confl': 5768133, 'model_rej': 0} 70795s
    ... {'checks': 152050000, 'confl': 5770608, 'model_rej': 0} 70832s
    ... {'checks': 152100000, 'confl': 5770705, 'model_rej': 0} 70840s
    ... {'checks': 152150000, 'confl': 5772162, 'model_rej': 0} 70864s
    ... {'checks': 152200000, 'confl': 5773900, 'model_rej': 0} 70901s
    ... {'checks': 152250000, 'confl': 5776832, 'model_rej': 0} 70941s
    ... {'checks': 152300000, 'confl': 5779544, 'model_rej': 0} 70969s
    ... {'checks': 152350000, 'confl': 5781293, 'model_rej': 0} 70979s
    ... {'checks': 152400000, 'confl': 5782963, 'model_rej': 0} 70998s
    ... {'checks': 152450000, 'confl': 5784410, 'model_rej': 0} 71039s
    ... {'checks': 152500000, 'confl': 5785243, 'model_rej': 0} 71065s
    ... {'checks': 152550000, 'confl': 5785948, 'model_rej': 0} 71083s
    ... {'checks': 152600000, 'confl': 5787300, 'model_rej': 0} 71111s
    ... {'checks': 152650000, 'confl': 5789423, 'model_rej': 0} 71148s
    ... {'checks': 152700000, 'confl': 5790007, 'model_rej': 0} 71183s
    ... {'checks': 152750000, 'confl': 5791008, 'model_rej': 0} 71213s
    ... {'checks': 152800000, 'confl': 5791495, 'model_rej': 0} 71236s
    ... {'checks': 152850000, 'confl': 5793344, 'model_rej': 0} 71294s
    ... {'checks': 152900000, 'confl': 5796034, 'model_rej': 0} 71324s
    ... {'checks': 152950000, 'confl': 5798430, 'model_rej': 0} 71335s
    ... {'checks': 153000000, 'confl': 5800889, 'model_rej': 0} 71345s
    ... {'checks': 153050000, 'confl': 5803069, 'model_rej': 0} 71381s
    ... {'checks': 153100000, 'confl': 5805078, 'model_rej': 0} 71419s
    ... {'checks': 153150000, 'confl': 5807045, 'model_rej': 0} 71455s
    ... {'checks': 153200000, 'confl': 5807941, 'model_rej': 0} 71476s
    ... {'checks': 153250000, 'confl': 5808869, 'model_rej': 0} 71499s
    ... {'checks': 153300000, 'confl': 5809507, 'model_rej': 0} 71521s
    ... {'checks': 153350000, 'confl': 5810063, 'model_rej': 0} 71544s
    ... {'checks': 153400000, 'confl': 5811679, 'model_rej': 0} 71588s
    ... {'checks': 153450000, 'confl': 5813336, 'model_rej': 0} 71621s
    ... {'checks': 153500000, 'confl': 5815682, 'model_rej': 0} 71662s
    ... {'checks': 153550000, 'confl': 5816955, 'model_rej': 0} 71681s
    ... {'checks': 153600000, 'confl': 5817613, 'model_rej': 0} 71698s
    ... {'checks': 153650000, 'confl': 5818771, 'model_rej': 0} 71731s
    ... {'checks': 153700000, 'confl': 5820716, 'model_rej': 0} 71772s
    ... {'checks': 153750000, 'confl': 5822696, 'model_rej': 0} 71814s
    ... {'checks': 153800000, 'confl': 5823811, 'model_rej': 0} 71833s
    ... {'checks': 153850000, 'confl': 5825910, 'model_rej': 0} 71862s
    ... {'checks': 153900000, 'confl': 5828222, 'model_rej': 0} 71912s
    ... {'checks': 153950000, 'confl': 5829737, 'model_rej': 0} 71949s
    ... {'checks': 154000000, 'confl': 5830145, 'model_rej': 0} 71965s
    ... {'checks': 154050000, 'confl': 5830541, 'model_rej': 0} 71984s
    ... {'checks': 154100000, 'confl': 5830923, 'model_rej': 0} 71997s
    ... {'checks': 154150000, 'confl': 5832819, 'model_rej': 0} 72028s
    ... {'checks': 154200000, 'confl': 5834155, 'model_rej': 0} 72063s
    ... {'checks': 154250000, 'confl': 5836386, 'model_rej': 0} 72088s
    ... {'checks': 154300000, 'confl': 5838500, 'model_rej': 0} 72121s
    ... {'checks': 154350000, 'confl': 5839200, 'model_rej': 0} 72140s
    ... {'checks': 154400000, 'confl': 5840614, 'model_rej': 0} 72165s
    ... {'checks': 154450000, 'confl': 5843699, 'model_rej': 0} 72223s
    ... {'checks': 154500000, 'confl': 5845624, 'model_rej': 0} 72251s
    ... {'checks': 154550000, 'confl': 5846756, 'model_rej': 0} 72286s
    ... {'checks': 154600000, 'confl': 5847706, 'model_rej': 0} 72310s
    ... {'checks': 154650000, 'confl': 5849709, 'model_rej': 0} 72345s
    ... {'checks': 154700000, 'confl': 5852294, 'model_rej': 0} 72385s
    ... {'checks': 154750000, 'confl': 5855417, 'model_rej': 0} 72426s
    ... {'checks': 154800000, 'confl': 5858009, 'model_rej': 0} 72467s
    ... {'checks': 154850000, 'confl': 5859972, 'model_rej': 0} 72486s
    ... {'checks': 154900000, 'confl': 5862766, 'model_rej': 0} 72526s
    ... {'checks': 154950000, 'confl': 5865159, 'model_rej': 0} 73093s
    ... {'checks': 155000000, 'confl': 5865510, 'model_rej': 0} 73106s
    ... {'checks': 155050000, 'confl': 5867304, 'model_rej': 0} 73139s
    ... {'checks': 155100000, 'confl': 5868913, 'model_rej': 0} 73173s
    ... {'checks': 155150000, 'confl': 5870893, 'model_rej': 0} 73210s
    ... {'checks': 155200000, 'confl': 5873332, 'model_rej': 0} 73252s
    ... {'checks': 155250000, 'confl': 5873937, 'model_rej': 0} 73275s
    ... {'checks': 155300000, 'confl': 5875342, 'model_rej': 0} 73302s
    ... {'checks': 155350000, 'confl': 5876387, 'model_rej': 0} 73324s
    ... {'checks': 155400000, 'confl': 5877392, 'model_rej': 0} 73345s
    ... {'checks': 155450000, 'confl': 5878063, 'model_rej': 0} 73363s
    ... {'checks': 155500000, 'confl': 5879440, 'model_rej': 0} 73393s
    ... {'checks': 155550000, 'confl': 5881366, 'model_rej': 0} 73416s
    ... {'checks': 155600000, 'confl': 5882103, 'model_rej': 0} 73440s
    ... {'checks': 155650000, 'confl': 5883067, 'model_rej': 0} 73466s
    ... {'checks': 155700000, 'confl': 5885210, 'model_rej': 0} 73510s
    ... {'checks': 155750000, 'confl': 5887396, 'model_rej': 0} 73551s
    ... {'checks': 155800000, 'confl': 5889022, 'model_rej': 0} 73577s
    ... {'checks': 155850000, 'confl': 5891269, 'model_rej': 0} 73620s
    ... {'checks': 155900000, 'confl': 5893223, 'model_rej': 0} 73648s
    ... {'checks': 155950000, 'confl': 5895035, 'model_rej': 0} 73663s
    ... {'checks': 156000000, 'confl': 5896896, 'model_rej': 0} 73682s
    ... {'checks': 156050000, 'confl': 5899010, 'model_rej': 0} 73696s
    ... {'checks': 156100000, 'confl': 5901884, 'model_rej': 0} 73706s
    ... {'checks': 156150000, 'confl': 5904090, 'model_rej': 0} 73744s
    ... {'checks': 156200000, 'confl': 5906108, 'model_rej': 0} 73789s
    ... {'checks': 156250000, 'confl': 5908969, 'model_rej': 0} 73814s
    ... {'checks': 156300000, 'confl': 5911144, 'model_rej': 0} 73827s
    ... {'checks': 156350000, 'confl': 5912846, 'model_rej': 0} 73840s
    ... {'checks': 156400000, 'confl': 5915003, 'model_rej': 0} 73852s
    ... {'checks': 156450000, 'confl': 5917093, 'model_rej': 0} 73890s
    ... {'checks': 156500000, 'confl': 5917667, 'model_rej': 0} 73914s
    ... {'checks': 156550000, 'confl': 5918802, 'model_rej': 0} 73941s
    ... {'checks': 156600000, 'confl': 5920422, 'model_rej': 0} 73964s
    ... {'checks': 156650000, 'confl': 5923334, 'model_rej': 0} 74010s
    ... {'checks': 156700000, 'confl': 5924676, 'model_rej': 0} 74044s
    ... {'checks': 156750000, 'confl': 5927114, 'model_rej': 0} 74075s
    ... {'checks': 156800000, 'confl': 5929028, 'model_rej': 0} 74105s
    ... {'checks': 156850000, 'confl': 5931078, 'model_rej': 0} 74125s
    ... {'checks': 156900000, 'confl': 5933728, 'model_rej': 0} 74158s
    ... {'checks': 156950000, 'confl': 5936529, 'model_rej': 0} 74202s
    ... {'checks': 157000000, 'confl': 5938823, 'model_rej': 0} 74238s
    ... {'checks': 157050000, 'confl': 5940666, 'model_rej': 0} 74263s
    ... {'checks': 157100000, 'confl': 5942595, 'model_rej': 0} 74293s
    ... {'checks': 157150000, 'confl': 5944567, 'model_rej': 0} 74301s
    ... {'checks': 157200000, 'confl': 5946300, 'model_rej': 0} 74752s
    ... {'checks': 157250000, 'confl': 5948156, 'model_rej': 0} 74796s
    ... {'checks': 157300000, 'confl': 5952342, 'model_rej': 0} 74829s
    ... {'checks': 157350000, 'confl': 5953635, 'model_rej': 0} 74851s
    ... {'checks': 157400000, 'confl': 5954480, 'model_rej': 0} 74867s
    ... {'checks': 157450000, 'confl': 5956961, 'model_rej': 0} 74887s
    ... {'checks': 157500000, 'confl': 5959580, 'model_rej': 0} 74894s
    ... {'checks': 157550000, 'confl': 5962247, 'model_rej': 0} 74902s
    ... {'checks': 157600000, 'confl': 5963847, 'model_rej': 0} 74930s
    ... {'checks': 157650000, 'confl': 5964861, 'model_rej': 0} 74950s
    ... {'checks': 157700000, 'confl': 5965875, 'model_rej': 0} 74980s
    ... {'checks': 157750000, 'confl': 5968216, 'model_rej': 0} 75009s
    ... {'checks': 157800000, 'confl': 5969086, 'model_rej': 0} 75037s
    ... {'checks': 157850000, 'confl': 5970978, 'model_rej': 0} 75079s
    ... {'checks': 157900000, 'confl': 5972286, 'model_rej': 0} 75113s
    ... {'checks': 157950000, 'confl': 5974790, 'model_rej': 0} 75154s
    ... {'checks': 158000000, 'confl': 5976449, 'model_rej': 0} 75186s
    ... {'checks': 158050000, 'confl': 5977575, 'model_rej': 0} 75207s
    ... {'checks': 158100000, 'confl': 5978784, 'model_rej': 0} 75230s
    ... {'checks': 158150000, 'confl': 5980473, 'model_rej': 0} 75263s
    ... {'checks': 158200000, 'confl': 5981636, 'model_rej': 0} 75293s
    ... {'checks': 158250000, 'confl': 5982992, 'model_rej': 0} 75324s
    ... {'checks': 158300000, 'confl': 5985284, 'model_rej': 0} 75379s
    ... {'checks': 158350000, 'confl': 5987261, 'model_rej': 0} 75428s
    ... {'checks': 158400000, 'confl': 5988385, 'model_rej': 0} 75461s
    ... {'checks': 158450000, 'confl': 5989700, 'model_rej': 0} 75490s
    ... {'checks': 158500000, 'confl': 5992290, 'model_rej': 0} 75537s
    ... {'checks': 158550000, 'confl': 5994960, 'model_rej': 0} 75579s
    ... {'checks': 158600000, 'confl': 5996976, 'model_rej': 0} 75587s
    ... {'checks': 158650000, 'confl': 5997735, 'model_rej': 0} 75845s
    ... {'checks': 158700000, 'confl': 5999597, 'model_rej': 0} 75883s
    ... {'checks': 158750000, 'confl': 6000587, 'model_rej': 0} 75914s
    ... {'checks': 158800000, 'confl': 6002419, 'model_rej': 0} 75948s
    ... {'checks': 158850000, 'confl': 6003893, 'model_rej': 0} 75962s
    ... {'checks': 158900000, 'confl': 6005781, 'model_rej': 0} 75999s
    ... {'checks': 158950000, 'confl': 6007332, 'model_rej': 0} 76029s
    ... {'checks': 159000000, 'confl': 6008751, 'model_rej': 0} 76051s
    ... {'checks': 159050000, 'confl': 6010764, 'model_rej': 0} 76090s
    ... {'checks': 159100000, 'confl': 6013000, 'model_rej': 0} 76120s
    ... {'checks': 159150000, 'confl': 6014876, 'model_rej': 0} 76173s
    ... {'checks': 159200000, 'confl': 6015847, 'model_rej': 0} 76210s
    ... {'checks': 159250000, 'confl': 6018320, 'model_rej': 0} 76252s
    ... {'checks': 159300000, 'confl': 6019778, 'model_rej': 0} 76283s
    ... {'checks': 159350000, 'confl': 6021178, 'model_rej': 0} 76312s
    ... {'checks': 159400000, 'confl': 6022241, 'model_rej': 0} 76345s
    ... {'checks': 159450000, 'confl': 6023712, 'model_rej': 0} 76385s
    ... {'checks': 159500000, 'confl': 6025319, 'model_rej': 0} 77019s
    ... {'checks': 159550000, 'confl': 6026983, 'model_rej': 0} 77050s
    ... {'checks': 159600000, 'confl': 6027225, 'model_rej': 0} 77058s
    ... {'checks': 159650000, 'confl': 6028498, 'model_rej': 0} 77081s
    ... {'checks': 159700000, 'confl': 6030245, 'model_rej': 0} 77098s
    ... {'checks': 159750000, 'confl': 6032108, 'model_rej': 0} 77123s
    ... {'checks': 159800000, 'confl': 6033628, 'model_rej': 0} 77148s
    ... {'checks': 159850000, 'confl': 6036311, 'model_rej': 0} 77191s
    ... {'checks': 159900000, 'confl': 6038268, 'model_rej': 0} 77218s
    ... {'checks': 159950000, 'confl': 6040689, 'model_rej': 0} 77249s
    ... {'checks': 160000000, 'confl': 6042928, 'model_rej': 0} 77270s
    ... {'checks': 160050000, 'confl': 6045068, 'model_rej': 0} 77302s
    ... {'checks': 160100000, 'confl': 6047127, 'model_rej': 0} 77352s
    ... {'checks': 160150000, 'confl': 6048578, 'model_rej': 0} 77383s
    ... {'checks': 160200000, 'confl': 6049911, 'model_rej': 0} 77410s
    ... {'checks': 160250000, 'confl': 6051894, 'model_rej': 0} 77448s
    ... {'checks': 160300000, 'confl': 6054036, 'model_rej': 0} 77499s
    ... {'checks': 160350000, 'confl': 6055658, 'model_rej': 0} 77542s
    ... {'checks': 160400000, 'confl': 6056607, 'model_rej': 0} 77574s
    ... {'checks': 160450000, 'confl': 6058557, 'model_rej': 0} 77609s
    ... {'checks': 160500000, 'confl': 6060505, 'model_rej': 0} 77652s
    ... {'checks': 160550000, 'confl': 6062729, 'model_rej': 0} 77693s
    ... {'checks': 160600000, 'confl': 6063697, 'model_rej': 0} 77711s
    ... {'checks': 160650000, 'confl': 6064762, 'model_rej': 0} 77727s
    ... {'checks': 160700000, 'confl': 6066318, 'model_rej': 0} 77753s
    ... {'checks': 160750000, 'confl': 6067155, 'model_rej': 0} 77775s
    ... {'checks': 160800000, 'confl': 6068145, 'model_rej': 0} 77795s
    ... {'checks': 160850000, 'confl': 6069184, 'model_rej': 0} 77814s
    ... {'checks': 160900000, 'confl': 6070169, 'model_rej': 0} 77833s
    ... {'checks': 160950000, 'confl': 6071394, 'model_rej': 0} 77852s
    ... {'checks': 161000000, 'confl': 6072476, 'model_rej': 0} 77878s
    ... {'checks': 161050000, 'confl': 6074387, 'model_rej': 0} 77931s
    ... {'checks': 161100000, 'confl': 6076404, 'model_rej': 0} 77960s
    ... {'checks': 161150000, 'confl': 6078572, 'model_rej': 0} 77996s
    ... {'checks': 161200000, 'confl': 6080192, 'model_rej': 0} 78023s
    ... {'checks': 161250000, 'confl': 6081492, 'model_rej': 0} 78046s
    ... {'checks': 161300000, 'confl': 6082514, 'model_rej': 0} 78068s
    ... {'checks': 161350000, 'confl': 6084106, 'model_rej': 0} 78090s
    ... {'checks': 161400000, 'confl': 6086590, 'model_rej': 0} 78115s
    ... {'checks': 161450000, 'confl': 6088590, 'model_rej': 0} 78129s
    ... {'checks': 161500000, 'confl': 6090484, 'model_rej': 0} 78171s
    ... {'checks': 161550000, 'confl': 6092479, 'model_rej': 0} 78221s
    ... {'checks': 161600000, 'confl': 6094435, 'model_rej': 0} 78266s
    ... {'checks': 161650000, 'confl': 6096524, 'model_rej': 0} 78286s
    ... {'checks': 161700000, 'confl': 6097046, 'model_rej': 0} 78304s
    ... {'checks': 161750000, 'confl': 6097718, 'model_rej': 0} 79107s
    ... {'checks': 161800000, 'confl': 6099336, 'model_rej': 0} 79149s
    ... {'checks': 161850000, 'confl': 6099990, 'model_rej': 0} 79176s
    ... {'checks': 161900000, 'confl': 6101211, 'model_rej': 0} 79216s
    ... {'checks': 161950000, 'confl': 6103044, 'model_rej': 0} 79255s
    ... {'checks': 162000000, 'confl': 6104825, 'model_rej': 0} 79295s
    ... {'checks': 162050000, 'confl': 6106669, 'model_rej': 0} 79327s
    ... {'checks': 162100000, 'confl': 6107537, 'model_rej': 0} 79346s
    ... {'checks': 162150000, 'confl': 6108876, 'model_rej': 0} 79390s
    ... {'checks': 162200000, 'confl': 6109212, 'model_rej': 0} 79411s
    ... {'checks': 162250000, 'confl': 6109637, 'model_rej': 0} 79431s
    ... {'checks': 162300000, 'confl': 6110349, 'model_rej': 0} 79458s
    ... {'checks': 162350000, 'confl': 6112650, 'model_rej': 0} 79508s
    ... {'checks': 162400000, 'confl': 6114167, 'model_rej': 0} 79538s
    ... {'checks': 162450000, 'confl': 6114383, 'model_rej': 0} 79553s
    ... {'checks': 162500000, 'confl': 6116605, 'model_rej': 0} 79587s
    ... {'checks': 162550000, 'confl': 6118010, 'model_rej': 0} 79617s
    ... {'checks': 162600000, 'confl': 6118874, 'model_rej': 0} 79632s
    ... {'checks': 162650000, 'confl': 6120380, 'model_rej': 0} 79670s
    ... {'checks': 162700000, 'confl': 6122558, 'model_rej': 0} 79716s
    ... {'checks': 162750000, 'confl': 6124039, 'model_rej': 0} 79750s
    ... {'checks': 162800000, 'confl': 6125481, 'model_rej': 0} 79761s
    ... {'checks': 162850000, 'confl': 6126424, 'model_rej': 0} 79769s
    ... {'checks': 162900000, 'confl': 6128728, 'model_rej': 0} 79779s
    ... {'checks': 162950000, 'confl': 6130385, 'model_rej': 0} 79818s
    ... {'checks': 163000000, 'confl': 6131516, 'model_rej': 0} 79841s
    ... {'checks': 163050000, 'confl': 6132249, 'model_rej': 0} 79858s
    ... {'checks': 163100000, 'confl': 6133086, 'model_rej': 0} 79877s
    ... {'checks': 163150000, 'confl': 6134565, 'model_rej': 0} 79892s
    ... {'checks': 163200000, 'confl': 6135975, 'model_rej': 0} 79911s
    ... {'checks': 163250000, 'confl': 6138099, 'model_rej': 0} 79928s
    ... {'checks': 163300000, 'confl': 6140170, 'model_rej': 0} 79964s
    ... {'checks': 163350000, 'confl': 6143208, 'model_rej': 0} 80002s
    ... {'checks': 163400000, 'confl': 6145344, 'model_rej': 0} 80047s
    ... {'checks': 163450000, 'confl': 6146925, 'model_rej': 0} 80072s
    ... {'checks': 163500000, 'confl': 6148236, 'model_rej': 0} 80094s
    ... {'checks': 163550000, 'confl': 6149877, 'model_rej': 0} 80139s
    ... {'checks': 163600000, 'confl': 6150133, 'model_rej': 0} 80163s
    ... {'checks': 163650000, 'confl': 6150516, 'model_rej': 0} 80187s
    ... {'checks': 163700000, 'confl': 6152839, 'model_rej': 0} 80213s
    ... {'checks': 163750000, 'confl': 6154601, 'model_rej': 0} 80241s
    ... {'checks': 163800000, 'confl': 6156960, 'model_rej': 0} 80278s
    ... {'checks': 163850000, 'confl': 6157836, 'model_rej': 0} 80307s
    ... {'checks': 163900000, 'confl': 6159931, 'model_rej': 0} 80350s
    ... {'checks': 163950000, 'confl': 6161085, 'model_rej': 0} 80371s
    ... {'checks': 164000000, 'confl': 6163682, 'model_rej': 0} 81040s
    ... {'checks': 164050000, 'confl': 6165579, 'model_rej': 0} 81069s
    ... {'checks': 164100000, 'confl': 6166823, 'model_rej': 0} 81093s
    ... {'checks': 164150000, 'confl': 6168951, 'model_rej': 0} 81145s
    ... {'checks': 164200000, 'confl': 6171666, 'model_rej': 0} 81179s
    ... {'checks': 164250000, 'confl': 6174089, 'model_rej': 0} 81229s
    ... {'checks': 164300000, 'confl': 6175402, 'model_rej': 0} 81250s
    ... {'checks': 164350000, 'confl': 6176496, 'model_rej': 0} 81272s
    ... {'checks': 164400000, 'confl': 6178622, 'model_rej': 0} 81305s
    ... {'checks': 164450000, 'confl': 6180718, 'model_rej': 0} 81365s
    ... {'checks': 164500000, 'confl': 6182845, 'model_rej': 0} 81410s
    ... {'checks': 164550000, 'confl': 6184381, 'model_rej': 0} 81447s
    ... {'checks': 164600000, 'confl': 6186422, 'model_rej': 0} 81487s
    ... {'checks': 164650000, 'confl': 6188349, 'model_rej': 0} 81513s
    ... {'checks': 164700000, 'confl': 6189955, 'model_rej': 0} 81529s
    ... {'checks': 164750000, 'confl': 6191423, 'model_rej': 0} 81549s
    ... {'checks': 164800000, 'confl': 6193215, 'model_rej': 0} 81566s
    ... {'checks': 164850000, 'confl': 6194981, 'model_rej': 0} 81603s
    ... {'checks': 164900000, 'confl': 6196041, 'model_rej': 0} 81628s
    ... {'checks': 164950000, 'confl': 6197920, 'model_rej': 0} 81680s
    ... {'checks': 165000000, 'confl': 6200248, 'model_rej': 0} 81735s
    ... {'checks': 165050000, 'confl': 6202221, 'model_rej': 0} 81764s
    ... {'checks': 165100000, 'confl': 6203755, 'model_rej': 0} 81782s
    ... {'checks': 165150000, 'confl': 6205083, 'model_rej': 0} 81798s
    ... {'checks': 165200000, 'confl': 6206584, 'model_rej': 0} 81812s
    ... {'checks': 165250000, 'confl': 6208293, 'model_rej': 0} 81848s
    ... {'checks': 165300000, 'confl': 6209720, 'model_rej': 0} 81880s
    ... {'checks': 165350000, 'confl': 6210892, 'model_rej': 0} 81897s
    ... {'checks': 165400000, 'confl': 6211677, 'model_rej': 0} 81916s
    ... {'checks': 165450000, 'confl': 6212521, 'model_rej': 0} 81938s
    ... {'checks': 165500000, 'confl': 6214048, 'model_rej': 0} 81971s
    ... {'checks': 165550000, 'confl': 6215340, 'model_rej': 0} 82015s
    ... {'checks': 165600000, 'confl': 6217236, 'model_rej': 0} 82062s
    ... {'checks': 165650000, 'confl': 6218913, 'model_rej': 0} 82087s
    ... {'checks': 165700000, 'confl': 6220605, 'model_rej': 0} 82129s
    ... {'checks': 165750000, 'confl': 6221884, 'model_rej': 0} 82158s
    ... {'checks': 165800000, 'confl': 6222919, 'model_rej': 0} 82182s
    ... {'checks': 165850000, 'confl': 6223723, 'model_rej': 0} 82205s
    ... {'checks': 165900000, 'confl': 6224639, 'model_rej': 0} 82228s
    ... {'checks': 165950000, 'confl': 6225359, 'model_rej': 0} 82249s
    ... {'checks': 166000000, 'confl': 6226222, 'model_rej': 0} 82271s
    ... {'checks': 166050000, 'confl': 6226966, 'model_rej': 0} 82294s
    ... {'checks': 166100000, 'confl': 6228461, 'model_rej': 0} 82327s
    ... {'checks': 166150000, 'confl': 6230772, 'model_rej': 0} 82375s
    ... {'checks': 166200000, 'confl': 6232811, 'model_rej': 0} 82405s
    ... {'checks': 166250000, 'confl': 6234898, 'model_rej': 0} 82444s
    ... {'checks': 166300000, 'confl': 6236782, 'model_rej': 0} 83213s
    ... {'checks': 166350000, 'confl': 6238312, 'model_rej': 0} 83243s
    ... {'checks': 166400000, 'confl': 6240331, 'model_rej': 0} 83280s
    ... {'checks': 166450000, 'confl': 6242012, 'model_rej': 0} 83312s
    ... {'checks': 166500000, 'confl': 6244041, 'model_rej': 0} 83348s
    ... {'checks': 166550000, 'confl': 6245160, 'model_rej': 0} 83375s
    ... {'checks': 166600000, 'confl': 6246785, 'model_rej': 0} 83410s
    ... {'checks': 166650000, 'confl': 6248995, 'model_rej': 0} 83446s
    ... {'checks': 166700000, 'confl': 6250835, 'model_rej': 0} 83491s
    ... {'checks': 166750000, 'confl': 6252187, 'model_rej': 0} 83521s
    ... {'checks': 166800000, 'confl': 6253584, 'model_rej': 0} 83556s
    ... {'checks': 166850000, 'confl': 6255313, 'model_rej': 0} 83590s
    ... {'checks': 166900000, 'confl': 6257033, 'model_rej': 0} 83610s
    ... {'checks': 166950000, 'confl': 6258404, 'model_rej': 0} 83621s
    ... {'checks': 167000000, 'confl': 6259886, 'model_rej': 0} 83647s
    ... {'checks': 167050000, 'confl': 6261558, 'model_rej': 0} 83690s
    ... {'checks': 167100000, 'confl': 6263626, 'model_rej': 0} 83727s
    ... {'checks': 167150000, 'confl': 6266040, 'model_rej': 0} 83785s
    ... {'checks': 167200000, 'confl': 6268424, 'model_rej': 0} 83821s
    ... {'checks': 167250000, 'confl': 6270455, 'model_rej': 0} 83862s
    ... {'checks': 167300000, 'confl': 6273621, 'model_rej': 0} 83888s
    ... {'checks': 167350000, 'confl': 6276170, 'model_rej': 0} 83924s
    ... {'checks': 167400000, 'confl': 6277277, 'model_rej': 0} 83942s
    ... {'checks': 167450000, 'confl': 6278100, 'model_rej': 0} 83961s
    ... {'checks': 167500000, 'confl': 6278768, 'model_rej': 0} 83976s
    ... {'checks': 167550000, 'confl': 6279861, 'model_rej': 0} 84009s
    ... {'checks': 167600000, 'confl': 6282438, 'model_rej': 0} 84029s
    ... {'checks': 167650000, 'confl': 6285043, 'model_rej': 0} 84050s
    ... {'checks': 167700000, 'confl': 6287541, 'model_rej': 0} 84088s
    ... {'checks': 167750000, 'confl': 6289749, 'model_rej': 0} 84123s
    ... {'checks': 167800000, 'confl': 6291507, 'model_rej': 0} 84157s
    ... {'checks': 167850000, 'confl': 6292538, 'model_rej': 0} 84184s
    ... {'checks': 167900000, 'confl': 6294249, 'model_rej': 0} 84233s
    ... {'checks': 167950000, 'confl': 6296772, 'model_rej': 0} 84263s
    ... {'checks': 168000000, 'confl': 6298591, 'model_rej': 0} 84291s
    ... {'checks': 168050000, 'confl': 6300339, 'model_rej': 0} 84320s
    ... {'checks': 168100000, 'confl': 6302480, 'model_rej': 0} 84363s
    ... {'checks': 168150000, 'confl': 6304133, 'model_rej': 0} 84408s
    ... {'checks': 168200000, 'confl': 6305369, 'model_rej': 0} 84433s
    ... {'checks': 168250000, 'confl': 6306235, 'model_rej': 0} 84456s
    ... {'checks': 168300000, 'confl': 6307847, 'model_rej': 0} 84480s
    ... {'checks': 168350000, 'confl': 6308751, 'model_rej': 0} 84501s
    ... {'checks': 168400000, 'confl': 6310145, 'model_rej': 0} 84530s
    ... {'checks': 168450000, 'confl': 6312203, 'model_rej': 0} 84570s
    ... {'checks': 168500000, 'confl': 6313311, 'model_rej': 0} 84584s
    ... {'checks': 168550000, 'confl': 6314332, 'model_rej': 0} 84596s
    ... {'checks': 168600000, 'confl': 6315694, 'model_rej': 0} 84618s
    ... {'checks': 168650000, 'confl': 6317417, 'model_rej': 0} 84792s
    ... {'checks': 168700000, 'confl': 6318528, 'model_rej': 0} 84811s
    ... {'checks': 168750000, 'confl': 6319879, 'model_rej': 0} 84850s
    ... {'checks': 168800000, 'confl': 6321881, 'model_rej': 0} 84897s
    ... {'checks': 168850000, 'confl': 6323752, 'model_rej': 0} 84945s
    ... {'checks': 168900000, 'confl': 6325389, 'model_rej': 0} 84986s
    ... {'checks': 168950000, 'confl': 6326974, 'model_rej': 0} 85024s
    ... {'checks': 169000000, 'confl': 6329307, 'model_rej': 0} 85063s
    ... {'checks': 169050000, 'confl': 6330915, 'model_rej': 0} 85108s
    ... {'checks': 169100000, 'confl': 6332281, 'model_rej': 0} 85130s
    ... {'checks': 169150000, 'confl': 6333862, 'model_rej': 0} 85156s
    ... {'checks': 169200000, 'confl': 6335825, 'model_rej': 0} 85187s
    ... {'checks': 169250000, 'confl': 6337240, 'model_rej': 0} 85201s
    ... {'checks': 169300000, 'confl': 6339129, 'model_rej': 0} 85234s
    ... {'checks': 169350000, 'confl': 6340010, 'model_rej': 0} 85251s
    ... {'checks': 169400000, 'confl': 6340873, 'model_rej': 0} 85267s
    ... {'checks': 169450000, 'confl': 6342615, 'model_rej': 0} 85306s
    ... {'checks': 169500000, 'confl': 6344114, 'model_rej': 0} 85344s
    ... {'checks': 169550000, 'confl': 6346428, 'model_rej': 0} 85354s
    ... {'checks': 169600000, 'confl': 6346987, 'model_rej': 0} 85362s
    ... {'checks': 169650000, 'confl': 6349082, 'model_rej': 0} 85394s
    ... {'checks': 169700000, 'confl': 6350937, 'model_rej': 0} 85432s
    ... {'checks': 169750000, 'confl': 6353276, 'model_rej': 0} 85448s
    ... {'checks': 169800000, 'confl': 6354636, 'model_rej': 0} 85462s
    ... {'checks': 169850000, 'confl': 6356556, 'model_rej': 0} 85496s
    ... {'checks': 169900000, 'confl': 6357710, 'model_rej': 0} 85529s
    ... {'checks': 169950000, 'confl': 6359550, 'model_rej': 0} 85569s
    ... {'checks': 170000000, 'confl': 6360871, 'model_rej': 0} 85594s
    ... {'checks': 170050000, 'confl': 6361968, 'model_rej': 0} 85617s
    ... {'checks': 170100000, 'confl': 6363638, 'model_rej': 0} 85652s
    ... {'checks': 170150000, 'confl': 6364869, 'model_rej': 0} 85697s
    ... {'checks': 170200000, 'confl': 6365688, 'model_rej': 0} 85717s
    ... {'checks': 170250000, 'confl': 6367254, 'model_rej': 0} 85738s
    ... {'checks': 170300000, 'confl': 6368074, 'model_rej': 0} 85754s
    ... {'checks': 170350000, 'confl': 6369453, 'model_rej': 0} 85779s
    ... {'checks': 170400000, 'confl': 6370948, 'model_rej': 0} 85802s
    ... {'checks': 170450000, 'confl': 6373325, 'model_rej': 0} 85818s
    ... {'checks': 170500000, 'confl': 6374955, 'model_rej': 0} 85827s
    ... {'checks': 170550000, 'confl': 6376373, 'model_rej': 0} 85848s
    ... {'checks': 170600000, 'confl': 6378321, 'model_rej': 0} 85875s
    ... {'checks': 170650000, 'confl': 6381106, 'model_rej': 0} 85904s
    ... {'checks': 170700000, 'confl': 6383537, 'model_rej': 0} 85947s
    ... {'checks': 170750000, 'confl': 6384541, 'model_rej': 0} 85963s
    ... {'checks': 170800000, 'confl': 6385312, 'model_rej': 0} 85978s
    ... {'checks': 170850000, 'confl': 6387041, 'model_rej': 0} 86133s
    ... {'checks': 170900000, 'confl': 6389379, 'model_rej': 0} 86177s
    ... {'checks': 170950000, 'confl': 6391093, 'model_rej': 0} 86204s
    ... {'checks': 171000000, 'confl': 6392541, 'model_rej': 0} 86864s
    ... {'checks': 171050000, 'confl': 6394442, 'model_rej': 0} 86904s
    ... {'checks': 171100000, 'confl': 6395612, 'model_rej': 0} 86926s
    ... {'checks': 171150000, 'confl': 6397300, 'model_rej': 0} 86951s
    ... {'checks': 171200000, 'confl': 6398253, 'model_rej': 0} 86978s
    ... {'checks': 171250000, 'confl': 6399708, 'model_rej': 0} 86990s
    ... {'checks': 171300000, 'confl': 6400930, 'model_rej': 0} 87010s
    ... {'checks': 171350000, 'confl': 6402907, 'model_rej': 0} 87034s
    ... {'checks': 171400000, 'confl': 6404324, 'model_rej': 0} 87053s
    ... {'checks': 171450000, 'confl': 6405075, 'model_rej': 0} 87066s
    ... {'checks': 171500000, 'confl': 6405918, 'model_rej': 0} 87078s
    ... {'checks': 171550000, 'confl': 6407853, 'model_rej': 0} 87105s
    ... {'checks': 171600000, 'confl': 6409704, 'model_rej': 0} 87149s
    ... {'checks': 171650000, 'confl': 6411219, 'model_rej': 0} 87184s
    ... {'checks': 171700000, 'confl': 6413539, 'model_rej': 0} 87225s
    ... {'checks': 171750000, 'confl': 6415048, 'model_rej': 0} 87252s
    ... {'checks': 171800000, 'confl': 6416664, 'model_rej': 0} 87299s
    ... {'checks': 171850000, 'confl': 6417725, 'model_rej': 0} 87327s
    ... {'checks': 171900000, 'confl': 6420029, 'model_rej': 0} 87357s
    ... {'checks': 171950000, 'confl': 6421942, 'model_rej': 0} 87408s
    ... {'checks': 172000000, 'confl': 6423079, 'model_rej': 0} 87420s
    ... {'checks': 172050000, 'confl': 6424581, 'model_rej': 0} 87433s
    ... {'checks': 172100000, 'confl': 6426219, 'model_rej': 0} 87458s
    ... {'checks': 172150000, 'confl': 6428776, 'model_rej': 0} 87481s
    ... {'checks': 172200000, 'confl': 6430769, 'model_rej': 0} 87513s
    ... {'checks': 172250000, 'confl': 6431271, 'model_rej': 0} 87531s
    ... {'checks': 172300000, 'confl': 6433364, 'model_rej': 0} 87582s
    ... {'checks': 172350000, 'confl': 6434673, 'model_rej': 0} 87621s
    ... {'checks': 172400000, 'confl': 6436696, 'model_rej': 0} 87667s
    ... {'checks': 172450000, 'confl': 6437964, 'model_rej': 0} 87692s
    ... {'checks': 172500000, 'confl': 6438570, 'model_rej': 0} 87706s
    ... {'checks': 172550000, 'confl': 6440471, 'model_rej': 0} 87750s
    ... {'checks': 172600000, 'confl': 6443438, 'model_rej': 0} 87782s
    ... {'checks': 172650000, 'confl': 6445152, 'model_rej': 0} 87813s
    ... {'checks': 172700000, 'confl': 6446747, 'model_rej': 0} 87860s
    ... {'checks': 172750000, 'confl': 6448425, 'model_rej': 0} 87892s
    ... {'checks': 172800000, 'confl': 6449957, 'model_rej': 0} 87933s
    ... {'checks': 172850000, 'confl': 6451256, 'model_rej': 0} 87959s
    ... {'checks': 172900000, 'confl': 6452438, 'model_rej': 0} 87977s
    ... {'checks': 172950000, 'confl': 6454143, 'model_rej': 0} 88016s
    ... {'checks': 173000000, 'confl': 6456071, 'model_rej': 0} 88044s
    ... {'checks': 173050000, 'confl': 6457340, 'model_rej': 0} 88063s
    ... {'checks': 173100000, 'confl': 6458033, 'model_rej': 0} 88078s
    ... {'checks': 173150000, 'confl': 6459352, 'model_rej': 0} 88105s
    ... {'checks': 173200000, 'confl': 6461513, 'model_rej': 0} 88131s
    ... {'checks': 173250000, 'confl': 6462697, 'model_rej': 0} 88150s
    ... {'checks': 173300000, 'confl': 6463779, 'model_rej': 0} 88178s
    ... {'checks': 173350000, 'confl': 6465474, 'model_rej': 0} 88743s
    ... {'checks': 173400000, 'confl': 6467406, 'model_rej': 0} 88780s
    ... {'checks': 173450000, 'confl': 6468327, 'model_rej': 0} 88795s
    ... {'checks': 173500000, 'confl': 6468997, 'model_rej': 0} 88810s
    ... {'checks': 173550000, 'confl': 6469548, 'model_rej': 0} 88824s
    ... {'checks': 173600000, 'confl': 6470095, 'model_rej': 0} 88838s
    ... {'checks': 173650000, 'confl': 6470637, 'model_rej': 0} 88853s
    ... {'checks': 173700000, 'confl': 6471231, 'model_rej': 0} 88869s
    ... {'checks': 173750000, 'confl': 6472224, 'model_rej': 0} 88893s
    ... {'checks': 173800000, 'confl': 6474257, 'model_rej': 0} 88940s
    ... {'checks': 173850000, 'confl': 6476224, 'model_rej': 0} 88987s
    ... {'checks': 173900000, 'confl': 6478043, 'model_rej': 0} 89021s
    ... {'checks': 173950000, 'confl': 6479427, 'model_rej': 0} 89048s
    ... {'checks': 174000000, 'confl': 6480097, 'model_rej': 0} 89066s
    ... {'checks': 174050000, 'confl': 6481304, 'model_rej': 0} 89085s
    ... {'checks': 174100000, 'confl': 6483322, 'model_rej': 0} 89116s
    ... {'checks': 174150000, 'confl': 6485148, 'model_rej': 0} 89137s
    ... {'checks': 174200000, 'confl': 6486560, 'model_rej': 0} 89150s
    ... {'checks': 174250000, 'confl': 6487795, 'model_rej': 0} 89163s
    ... {'checks': 174300000, 'confl': 6488958, 'model_rej': 0} 89176s
    ... {'checks': 174350000, 'confl': 6490324, 'model_rej': 0} 89188s
    ... {'checks': 174400000, 'confl': 6491414, 'model_rej': 0} 89201s
    ... {'checks': 174450000, 'confl': 6492549, 'model_rej': 0} 89227s
    ... {'checks': 174500000, 'confl': 6493890, 'model_rej': 0} 89263s
    ... {'checks': 174550000, 'confl': 6494687, 'model_rej': 0} 89283s
    ... {'checks': 174600000, 'confl': 6495326, 'model_rej': 0} 89304s
    ... {'checks': 174650000, 'confl': 6497457, 'model_rej': 0} 89338s
    ... {'checks': 174700000, 'confl': 6499421, 'model_rej': 0} 89360s
    ... {'checks': 174750000, 'confl': 6500490, 'model_rej': 0} 89379s
    ... {'checks': 174800000, 'confl': 6502333, 'model_rej': 0} 89419s
    ... {'checks': 174850000, 'confl': 6504503, 'model_rej': 0} 89457s
    ... {'checks': 174900000, 'confl': 6505189, 'model_rej': 0} 89478s
    ... {'checks': 174950000, 'confl': 6507325, 'model_rej': 0} 89523s
    ... {'checks': 175000000, 'confl': 6509134, 'model_rej': 0} 89560s
    ... {'checks': 175050000, 'confl': 6510746, 'model_rej': 0} 89600s
    ... {'checks': 175100000, 'confl': 6512376, 'model_rej': 0} 89629s
    ... {'checks': 175150000, 'confl': 6513264, 'model_rej': 0} 89652s
    ... {'checks': 175200000, 'confl': 6515696, 'model_rej': 0} 89695s
    ... {'checks': 175250000, 'confl': 6517182, 'model_rej': 0} 89731s
    ... {'checks': 175300000, 'confl': 6518838, 'model_rej': 0} 89771s
    ... {'checks': 175350000, 'confl': 6520584, 'model_rej': 0} 89815s
    ... {'checks': 175400000, 'confl': 6523000, 'model_rej': 0} 89856s
    ... {'checks': 175450000, 'confl': 6524180, 'model_rej': 0} 89887s
    ... {'checks': 175500000, 'confl': 6525491, 'model_rej': 0} 89910s
    ... {'checks': 175550000, 'confl': 6527536, 'model_rej': 0} 89944s
    ... {'checks': 175600000, 'confl': 6529571, 'model_rej': 0} 89986s
    ... {'checks': 175650000, 'confl': 6530834, 'model_rej': 0} 90021s
    ... {'checks': 175700000, 'confl': 6532281, 'model_rej': 0} 90851s
    ... {'checks': 175750000, 'confl': 6534826, 'model_rej': 0} 90891s
    ... {'checks': 175800000, 'confl': 6536909, 'model_rej': 0} 90924s
    ... {'checks': 175850000, 'confl': 6538840, 'model_rej': 0} 90960s
    ... {'checks': 175900000, 'confl': 6539685, 'model_rej': 0} 90975s
    ... {'checks': 175950000, 'confl': 6541458, 'model_rej': 0} 91007s
    ... {'checks': 176000000, 'confl': 6542549, 'model_rej': 0} 91030s
    ... {'checks': 176050000, 'confl': 6543902, 'model_rej': 0} 91055s
    ... {'checks': 176100000, 'confl': 6545843, 'model_rej': 0} 91083s
    ... {'checks': 176150000, 'confl': 6547760, 'model_rej': 0} 91112s
    ... {'checks': 176200000, 'confl': 6548521, 'model_rej': 0} 91129s
    ... {'checks': 176250000, 'confl': 6549058, 'model_rej': 0} 91143s
    ... {'checks': 176300000, 'confl': 6549807, 'model_rej': 0} 91166s
    ... {'checks': 176350000, 'confl': 6550762, 'model_rej': 0} 91185s
    ... {'checks': 176400000, 'confl': 6551741, 'model_rej': 0} 91206s
    ... {'checks': 176450000, 'confl': 6553093, 'model_rej': 0} 91245s
    ... {'checks': 176500000, 'confl': 6554887, 'model_rej': 0} 91291s
    ... {'checks': 176550000, 'confl': 6556844, 'model_rej': 0} 91344s
    ... {'checks': 176600000, 'confl': 6557698, 'model_rej': 0} 91365s
    ... {'checks': 176650000, 'confl': 6559309, 'model_rej': 0} 91396s
    ... {'checks': 176700000, 'confl': 6560405, 'model_rej': 0} 91431s
    ... {'checks': 176750000, 'confl': 6561697, 'model_rej': 0} 91466s
    ... {'checks': 176800000, 'confl': 6563260, 'model_rej': 0} 91497s
    ... {'checks': 176850000, 'confl': 6565333, 'model_rej': 0} 91528s
    ... {'checks': 176900000, 'confl': 6566354, 'model_rej': 0} 91551s
    ... {'checks': 176950000, 'confl': 6566718, 'model_rej': 0} 91573s
    ... {'checks': 177000000, 'confl': 6567543, 'model_rej': 0} 91595s
    ... {'checks': 177050000, 'confl': 6568409, 'model_rej': 0} 91621s
    ... {'checks': 177100000, 'confl': 6569150, 'model_rej': 0} 91647s
    ... {'checks': 177150000, 'confl': 6569946, 'model_rej': 0} 91660s
    ... {'checks': 177200000, 'confl': 6571635, 'model_rej': 0} 91693s
    ... {'checks': 177250000, 'confl': 6572984, 'model_rej': 0} 91723s
    ... {'checks': 177300000, 'confl': 6575226, 'model_rej': 0} 91763s
    ... {'checks': 177350000, 'confl': 6577165, 'model_rej': 0} 91800s
    ... {'checks': 177400000, 'confl': 6579257, 'model_rej': 0} 91820s
    ... {'checks': 177450000, 'confl': 6580864, 'model_rej': 0} 91852s
    ... {'checks': 177500000, 'confl': 6582362, 'model_rej': 0} 91871s
    ... {'checks': 177550000, 'confl': 6583377, 'model_rej': 0} 91891s
    ... {'checks': 177600000, 'confl': 6584382, 'model_rej': 0} 91910s
    ... {'checks': 177650000, 'confl': 6585448, 'model_rej': 0} 91930s
    ... {'checks': 177700000, 'confl': 6586926, 'model_rej': 0} 91951s
    ... {'checks': 177750000, 'confl': 6587695, 'model_rej': 0} 91966s
    ... {'checks': 177800000, 'confl': 6588341, 'model_rej': 0} 91979s
    ... {'checks': 177850000, 'confl': 6589401, 'model_rej': 0} 92004s
    ... {'checks': 177900000, 'confl': 6590866, 'model_rej': 0} 92050s
    ... {'checks': 177950000, 'confl': 6592916, 'model_rej': 0} 92072s
    ... {'checks': 178000000, 'confl': 6593660, 'model_rej': 0} 92687s
    ... {'checks': 178050000, 'confl': 6594591, 'model_rej': 0} 92701s
    ... {'checks': 178100000, 'confl': 6596505, 'model_rej': 0} 92750s
    ... {'checks': 178150000, 'confl': 6598231, 'model_rej': 0} 92792s
    ... {'checks': 178200000, 'confl': 6599880, 'model_rej': 0} 92822s
    ... {'checks': 178250000, 'confl': 6602352, 'model_rej': 0} 92863s
    ... {'checks': 178300000, 'confl': 6603974, 'model_rej': 0} 92898s
    ... {'checks': 178350000, 'confl': 6605617, 'model_rej': 0} 92931s
    ... {'checks': 178400000, 'confl': 6606738, 'model_rej': 0} 92947s
    ... {'checks': 178450000, 'confl': 6607696, 'model_rej': 0} 92962s
    ... {'checks': 178500000, 'confl': 6608990, 'model_rej': 0} 92978s
    ... {'checks': 178550000, 'confl': 6610300, 'model_rej': 0} 92994s
    ... {'checks': 178600000, 'confl': 6611390, 'model_rej': 0} 93010s
    ... {'checks': 178650000, 'confl': 6612527, 'model_rej': 0} 93033s
    ... {'checks': 178700000, 'confl': 6614400, 'model_rej': 0} 93068s
    ... {'checks': 178750000, 'confl': 6615162, 'model_rej': 0} 93086s
    ... {'checks': 178800000, 'confl': 6617555, 'model_rej': 0} 93123s
    ... {'checks': 178850000, 'confl': 6619263, 'model_rej': 0} 93154s
    ... {'checks': 178900000, 'confl': 6619889, 'model_rej': 0} 93174s
    ... {'checks': 178950000, 'confl': 6620433, 'model_rej': 0} 93193s
    ... {'checks': 179000000, 'confl': 6622265, 'model_rej': 0} 93222s
    ... {'checks': 179050000, 'confl': 6622967, 'model_rej': 0} 93240s
    ... {'checks': 179100000, 'confl': 6624326, 'model_rej': 0} 93260s
    ... {'checks': 179150000, 'confl': 6625834, 'model_rej': 0} 93301s
    ... {'checks': 179200000, 'confl': 6627072, 'model_rej': 0} 93333s
    ... {'checks': 179250000, 'confl': 6628179, 'model_rej': 0} 93360s
    ... {'checks': 179300000, 'confl': 6629101, 'model_rej': 0} 93381s
    ... {'checks': 179350000, 'confl': 6630285, 'model_rej': 0} 93406s
    ... {'checks': 179400000, 'confl': 6631278, 'model_rej': 0} 93429s
    ... {'checks': 179450000, 'confl': 6632764, 'model_rej': 0} 93452s
    ... {'checks': 179500000, 'confl': 6633694, 'model_rej': 0} 93471s
    ... {'checks': 179550000, 'confl': 6634698, 'model_rej': 0} 93499s
    ... {'checks': 179600000, 'confl': 6636830, 'model_rej': 0} 93532s
    ... {'checks': 179650000, 'confl': 6638157, 'model_rej': 0} 93559s
    ... {'checks': 179700000, 'confl': 6639163, 'model_rej': 0} 93576s
    ... {'checks': 179750000, 'confl': 6640730, 'model_rej': 0} 93601s
    ... {'checks': 179800000, 'confl': 6641764, 'model_rej': 0} 93619s
    ... {'checks': 179850000, 'confl': 6643580, 'model_rej': 0} 93659s
    ... {'checks': 179900000, 'confl': 6646373, 'model_rej': 0} 93686s
    ... {'checks': 179950000, 'confl': 6648231, 'model_rej': 0} 93713s
    ... {'checks': 180000000, 'confl': 6649260, 'model_rej': 0} 93739s
    ... {'checks': 180050000, 'confl': 6650330, 'model_rej': 0} 93762s
    ... {'checks': 180100000, 'confl': 6651862, 'model_rej': 0} 93802s
    ... {'checks': 180150000, 'confl': 6652984, 'model_rej': 0} 93826s
    ... {'checks': 180200000, 'confl': 6653731, 'model_rej': 0} 93847s
    ... {'checks': 180250000, 'confl': 6654956, 'model_rej': 0} 93875s
    ... {'checks': 180300000, 'confl': 6656952, 'model_rej': 0} 93922s
    ... {'checks': 180350000, 'confl': 6658931, 'model_rej': 0} 93954s
    ... {'checks': 180400000, 'confl': 6660219, 'model_rej': 0} 94829s
    ... {'checks': 180450000, 'confl': 6662499, 'model_rej': 0} 94849s
    ... {'checks': 180500000, 'confl': 6664846, 'model_rej': 0} 94874s
    ... {'checks': 180550000, 'confl': 6666744, 'model_rej': 0} 94913s
    ... {'checks': 180600000, 'confl': 6668839, 'model_rej': 0} 94958s
    ... {'checks': 180650000, 'confl': 6670540, 'model_rej': 0} 94996s
    ... {'checks': 180700000, 'confl': 6672972, 'model_rej': 0} 95027s
    ... {'checks': 180750000, 'confl': 6676006, 'model_rej': 0} 95039s
    ... {'checks': 180800000, 'confl': 6677960, 'model_rej': 0} 95060s
    ... {'checks': 180850000, 'confl': 6679689, 'model_rej': 0} 95100s
    ... {'checks': 180900000, 'confl': 6681554, 'model_rej': 0} 95128s
    ... {'checks': 180950000, 'confl': 6683321, 'model_rej': 0} 95158s
    ... {'checks': 181000000, 'confl': 6685259, 'model_rej': 0} 95169s
    ... {'checks': 181050000, 'confl': 6686687, 'model_rej': 0} 95200s
    ... {'checks': 181100000, 'confl': 6688175, 'model_rej': 0} 95227s
    ... {'checks': 181150000, 'confl': 6689355, 'model_rej': 0} 95255s
    ... {'checks': 181200000, 'confl': 6690726, 'model_rej': 0} 95289s
    ... {'checks': 181250000, 'confl': 6692307, 'model_rej': 0} 95316s
    ... {'checks': 181300000, 'confl': 6693500, 'model_rej': 0} 95344s
    ... {'checks': 181350000, 'confl': 6695563, 'model_rej': 0} 95381s
    ... {'checks': 181400000, 'confl': 6696272, 'model_rej': 0} 95403s
    ... {'checks': 181450000, 'confl': 6698091, 'model_rej': 0} 95434s
    ... {'checks': 181500000, 'confl': 6699652, 'model_rej': 0} 95478s
    ... {'checks': 181550000, 'confl': 6701400, 'model_rej': 0} 95519s
    ... {'checks': 181600000, 'confl': 6703460, 'model_rej': 0} 95559s
    ... {'checks': 181650000, 'confl': 6705158, 'model_rej': 0} 95593s
    ... {'checks': 181700000, 'confl': 6706049, 'model_rej': 0} 95618s
    ... {'checks': 181750000, 'confl': 6707833, 'model_rej': 0} 95655s
    ... {'checks': 181800000, 'confl': 6709896, 'model_rej': 0} 95694s
    ... {'checks': 181850000, 'confl': 6711084, 'model_rej': 0} 95727s
    ... {'checks': 181900000, 'confl': 6711747, 'model_rej': 0} 95747s
    ... {'checks': 181950000, 'confl': 6712398, 'model_rej': 0} 95766s
    ... {'checks': 182000000, 'confl': 6713464, 'model_rej': 0} 95798s
    ... {'checks': 182050000, 'confl': 6714877, 'model_rej': 0} 95834s
    ... {'checks': 182100000, 'confl': 6716837, 'model_rej': 0} 95873s
    ... {'checks': 182150000, 'confl': 6718905, 'model_rej': 0} 95922s
    ... {'checks': 182200000, 'confl': 6720240, 'model_rej': 0} 95951s
    ... {'checks': 182250000, 'confl': 6721452, 'model_rej': 0} 95974s
    ... {'checks': 182300000, 'confl': 6722574, 'model_rej': 0} 95990s
    ... {'checks': 182350000, 'confl': 6723806, 'model_rej': 0} 96007s
    ... {'checks': 182400000, 'confl': 6725801, 'model_rej': 0} 96044s
    ... {'checks': 182450000, 'confl': 6727723, 'model_rej': 0} 96081s
    ... {'checks': 182500000, 'confl': 6729359, 'model_rej': 0} 96110s
    ... {'checks': 182550000, 'confl': 6730164, 'model_rej': 0} 96127s
    ... {'checks': 182600000, 'confl': 6730989, 'model_rej': 0} 96142s
    ... {'checks': 182650000, 'confl': 6732559, 'model_rej': 0} 96169s
    ... {'checks': 182700000, 'confl': 6735631, 'model_rej': 0} 96193s
    ... {'checks': 182750000, 'confl': 6737324, 'model_rej': 0} 96205s
    ... {'checks': 182800000, 'confl': 6739392, 'model_rej': 0} 96761s
    ... {'checks': 182850000, 'confl': 6740643, 'model_rej': 0} 96789s
    ... {'checks': 182900000, 'confl': 6741879, 'model_rej': 0} 96824s
    ... {'checks': 182950000, 'confl': 6743811, 'model_rej': 0} 96852s
    ... {'checks': 183000000, 'confl': 6745124, 'model_rej': 0} 96874s
    ... {'checks': 183050000, 'confl': 6745961, 'model_rej': 0} 96891s
    ... {'checks': 183100000, 'confl': 6746717, 'model_rej': 0} 96915s
    ... {'checks': 183150000, 'confl': 6748503, 'model_rej': 0} 96959s
    ... {'checks': 183200000, 'confl': 6749819, 'model_rej': 0} 96999s
    ... {'checks': 183250000, 'confl': 6751943, 'model_rej': 0} 97041s
    ... {'checks': 183300000, 'confl': 6754195, 'model_rej': 0} 97071s
    ... {'checks': 183350000, 'confl': 6755799, 'model_rej': 0} 97120s
    ... {'checks': 183400000, 'confl': 6758760, 'model_rej': 0} 97143s
    ... {'checks': 183450000, 'confl': 6760691, 'model_rej': 0} 97158s
    ... {'checks': 183500000, 'confl': 6762152, 'model_rej': 0} 97369s
    ... {'checks': 183550000, 'confl': 6764149, 'model_rej': 0} 97403s
    ... {'checks': 183600000, 'confl': 6766422, 'model_rej': 0} 97421s
    ... {'checks': 183650000, 'confl': 6767743, 'model_rej': 0} 97450s
    ... {'checks': 183700000, 'confl': 6769548, 'model_rej': 0} 97497s
    ... {'checks': 183750000, 'confl': 6770563, 'model_rej': 0} 97530s
    ... {'checks': 183800000, 'confl': 6771853, 'model_rej': 0} 97555s
    ... {'checks': 183850000, 'confl': 6773886, 'model_rej': 0} 97604s
    ... {'checks': 183900000, 'confl': 6775891, 'model_rej': 0} 97650s
    ... {'checks': 183950000, 'confl': 6777645, 'model_rej': 0} 97692s
    ... {'checks': 184000000, 'confl': 6779651, 'model_rej': 0} 97733s
    ... {'checks': 184050000, 'confl': 6781456, 'model_rej': 0} 97766s
    ... {'checks': 184100000, 'confl': 6782110, 'model_rej': 0} 97788s
    ... {'checks': 184150000, 'confl': 6782732, 'model_rej': 0} 97810s
    ... {'checks': 184200000, 'confl': 6784369, 'model_rej': 0} 97840s
    ... {'checks': 184250000, 'confl': 6785786, 'model_rej': 0} 97881s
    ... {'checks': 184300000, 'confl': 6787605, 'model_rej': 0} 97924s
    ... {'checks': 184350000, 'confl': 6789023, 'model_rej': 0} 97969s
    ... {'checks': 184400000, 'confl': 6790423, 'model_rej': 0} 98015s
    ... {'checks': 184450000, 'confl': 6791112, 'model_rej': 0} 98042s
    ... {'checks': 184500000, 'confl': 6792596, 'model_rej': 0} 98084s
    ... {'checks': 184550000, 'confl': 6793729, 'model_rej': 0} 98122s
    ... {'checks': 184600000, 'confl': 6795770, 'model_rej': 0} 98164s
    ... {'checks': 184650000, 'confl': 6797076, 'model_rej': 0} 98192s
    ... {'checks': 184700000, 'confl': 6798106, 'model_rej': 0} 98219s
    ... {'checks': 184750000, 'confl': 6800632, 'model_rej': 0} 98261s
    ... {'checks': 184800000, 'confl': 6801628, 'model_rej': 0} 98303s
    ... {'checks': 184850000, 'confl': 6803909, 'model_rej': 0} 98336s
    ... {'checks': 184900000, 'confl': 6805212, 'model_rej': 0} 98373s
    ... {'checks': 184950000, 'confl': 6806271, 'model_rej': 0} 98401s
    ... {'checks': 185000000, 'confl': 6807242, 'model_rej': 0} 98426s
    ... {'checks': 185050000, 'confl': 6807954, 'model_rej': 0} 98451s
    ... {'checks': 185100000, 'confl': 6808580, 'model_rej': 0} 98479s
    ... {'checks': 185150000, 'confl': 6810513, 'model_rej': 0} 98508s
    ... {'checks': 185200000, 'confl': 6811266, 'model_rej': 0} 98532s
    ... {'checks': 185250000, 'confl': 6812419, 'model_rej': 0} 98552s
    ... {'checks': 185300000, 'confl': 6813305, 'model_rej': 0} 99427s
    ... {'checks': 185350000, 'confl': 6814053, 'model_rej': 0} 99443s
    ... {'checks': 185400000, 'confl': 6815584, 'model_rej': 0} 99481s
    ... {'checks': 185450000, 'confl': 6816801, 'model_rej': 0} 99506s
    ... {'checks': 185500000, 'confl': 6818327, 'model_rej': 0} 99539s
    ... {'checks': 185550000, 'confl': 6820349, 'model_rej': 0} 99591s
    ... {'checks': 185600000, 'confl': 6822307, 'model_rej': 0} 99630s
    ... {'checks': 185650000, 'confl': 6823015, 'model_rej': 0} 99654s
    ... {'checks': 185700000, 'confl': 6824734, 'model_rej': 0} 99696s
    ... {'checks': 185750000, 'confl': 6826576, 'model_rej': 0} 99732s
    ... {'checks': 185800000, 'confl': 6827842, 'model_rej': 0} 99757s
    ... {'checks': 185850000, 'confl': 6829674, 'model_rej': 0} 99785s
    ... {'checks': 185900000, 'confl': 6830981, 'model_rej': 0} 99805s
    ... {'checks': 185950000, 'confl': 6832006, 'model_rej': 0} 99826s
    ... {'checks': 186000000, 'confl': 6832977, 'model_rej': 0} 99856s
    ... {'checks': 186050000, 'confl': 6834584, 'model_rej': 0} 99902s
    ... {'checks': 186100000, 'confl': 6836240, 'model_rej': 0} 99940s
    ... {'checks': 186150000, 'confl': 6838025, 'model_rej': 0} 99991s
    ... {'checks': 186200000, 'confl': 6839923, 'model_rej': 0} 100026s
    ... {'checks': 186250000, 'confl': 6842000, 'model_rej': 0} 100071s
    ... {'checks': 186300000, 'confl': 6843463, 'model_rej': 0} 100110s
    ... {'checks': 186350000, 'confl': 6844468, 'model_rej': 0} 100139s
    ... {'checks': 186400000, 'confl': 6845692, 'model_rej': 0} 100165s
    ... {'checks': 186450000, 'confl': 6846696, 'model_rej': 0} 100190s
    ... {'checks': 186500000, 'confl': 6847273, 'model_rej': 0} 100209s
    ... {'checks': 186550000, 'confl': 6848348, 'model_rej': 0} 100229s
    ... {'checks': 186600000, 'confl': 6849009, 'model_rej': 0} 100248s
    ... {'checks': 186650000, 'confl': 6850218, 'model_rej': 0} 100273s
    ... {'checks': 186700000, 'confl': 6852057, 'model_rej': 0} 100311s
    ... {'checks': 186750000, 'confl': 6853515, 'model_rej': 0} 100358s
    ... {'checks': 186800000, 'confl': 6855789, 'model_rej': 0} 100391s
    ... {'checks': 186850000, 'confl': 6856789, 'model_rej': 0} 100414s
    ... {'checks': 186900000, 'confl': 6858471, 'model_rej': 0} 100457s
    ... {'checks': 186950000, 'confl': 6861258, 'model_rej': 0} 100494s
    ... {'checks': 187000000, 'confl': 6863457, 'model_rej': 0} 100539s
    ... {'checks': 187050000, 'confl': 6865083, 'model_rej': 0} 100573s
    ... {'checks': 187100000, 'confl': 6867365, 'model_rej': 0} 100629s
    ... {'checks': 187150000, 'confl': 6869052, 'model_rej': 0} 100665s
    ... {'checks': 187200000, 'confl': 6870620, 'model_rej': 0} 100695s
    ... {'checks': 187250000, 'confl': 6871419, 'model_rej': 0} 100710s
    ... {'checks': 187300000, 'confl': 6872018, 'model_rej': 0} 100725s
    ... {'checks': 187350000, 'confl': 6872695, 'model_rej': 0} 100740s
    ... {'checks': 187400000, 'confl': 6873557, 'model_rej': 0} 100759s
    ... {'checks': 187450000, 'confl': 6874800, 'model_rej': 0} 100791s
    ... {'checks': 187500000, 'confl': 6875237, 'model_rej': 0} 100812s
    ... {'checks': 187550000, 'confl': 6875732, 'model_rej': 0} 100831s
    ... {'checks': 187600000, 'confl': 6877692, 'model_rej': 0} 100859s
    ... {'checks': 187650000, 'confl': 6879260, 'model_rej': 0} 100896s
    ... {'checks': 187700000, 'confl': 6880324, 'model_rej': 0} 100928s
    ... {'checks': 187750000, 'confl': 6881272, 'model_rej': 0} 101531s
    ... {'checks': 187800000, 'confl': 6882646, 'model_rej': 0} 101564s
    ... {'checks': 187850000, 'confl': 6883786, 'model_rej': 0} 101597s
    ... {'checks': 187900000, 'confl': 6885078, 'model_rej': 0} 101634s
    ... {'checks': 187950000, 'confl': 6887508, 'model_rej': 0} 101666s
    ... {'checks': 188000000, 'confl': 6888994, 'model_rej': 0} 101689s
    ... {'checks': 188050000, 'confl': 6889145, 'model_rej': 0} 101697s
    ... {'checks': 188100000, 'confl': 6890253, 'model_rej': 0} 101729s
    ... {'checks': 188150000, 'confl': 6893518, 'model_rej': 0} 101740s
    ... {'checks': 188200000, 'confl': 6894793, 'model_rej': 0} 101770s
    ... {'checks': 188250000, 'confl': 6895606, 'model_rej': 0} 101795s
    ... {'checks': 188300000, 'confl': 6896402, 'model_rej': 0} 101817s
    ... {'checks': 188350000, 'confl': 6897118, 'model_rej': 0} 101845s
    ... {'checks': 188400000, 'confl': 6898383, 'model_rej': 0} 101868s
    ... {'checks': 188450000, 'confl': 6900010, 'model_rej': 0} 101888s
    ... {'checks': 188500000, 'confl': 6901433, 'model_rej': 0} 101904s
    ... {'checks': 188550000, 'confl': 6902820, 'model_rej': 0} 101921s
    ... {'checks': 188600000, 'confl': 6904246, 'model_rej': 0} 101957s
    ... {'checks': 188650000, 'confl': 6905754, 'model_rej': 0} 101992s
    ... {'checks': 188700000, 'confl': 6906687, 'model_rej': 0} 102014s
    ... {'checks': 188750000, 'confl': 6908489, 'model_rej': 0} 102045s
    ... {'checks': 188800000, 'confl': 6910091, 'model_rej': 0} 102073s
    ... {'checks': 188850000, 'confl': 6911192, 'model_rej': 0} 102101s
    ... {'checks': 188900000, 'confl': 6912848, 'model_rej': 0} 102134s
    ... {'checks': 188950000, 'confl': 6914104, 'model_rej': 0} 102162s
    ... {'checks': 189000000, 'confl': 6914859, 'model_rej': 0} 102187s
    ... {'checks': 189050000, 'confl': 6915978, 'model_rej': 0} 102220s
    ... {'checks': 189100000, 'confl': 6917672, 'model_rej': 0} 102265s
    ... {'checks': 189150000, 'confl': 6919400, 'model_rej': 0} 102312s
    ... {'checks': 189200000, 'confl': 6920857, 'model_rej': 0} 102338s
    ... {'checks': 189250000, 'confl': 6922110, 'model_rej': 0} 102366s
    ... {'checks': 189300000, 'confl': 6922994, 'model_rej': 0} 102388s
    ... {'checks': 189350000, 'confl': 6925604, 'model_rej': 0} 102430s
    ... {'checks': 189400000, 'confl': 6927476, 'model_rej': 0} 102475s
    ... {'checks': 189450000, 'confl': 6929271, 'model_rej': 0} 102519s
    ... {'checks': 189500000, 'confl': 6930418, 'model_rej': 0} 102541s
    ... {'checks': 189550000, 'confl': 6931660, 'model_rej': 0} 102576s
    ... {'checks': 189600000, 'confl': 6932966, 'model_rej': 0} 102613s
    ... {'checks': 189650000, 'confl': 6934625, 'model_rej': 0} 102646s
    ... {'checks': 189700000, 'confl': 6936430, 'model_rej': 0} 102658s
    ... {'checks': 189750000, 'confl': 6938011, 'model_rej': 0} 102669s
    ... {'checks': 189800000, 'confl': 6939153, 'model_rej': 0} 102683s
    ... {'checks': 189850000, 'confl': 6940715, 'model_rej': 0} 102728s
    ... {'checks': 189900000, 'confl': 6941750, 'model_rej': 0} 102765s
    ... {'checks': 189950000, 'confl': 6942602, 'model_rej': 0} 102797s
    ... {'checks': 190000000, 'confl': 6944502, 'model_rej': 0} 102828s
    ... {'checks': 190050000, 'confl': 6945698, 'model_rej': 0} 102859s
    ... {'checks': 190100000, 'confl': 6946873, 'model_rej': 0} 102886s
    ... {'checks': 190150000, 'confl': 6948597, 'model_rej': 0} 102912s
    ... {'checks': 190200000, 'confl': 6949812, 'model_rej': 0} 102935s
    ... {'checks': 190250000, 'confl': 6950911, 'model_rej': 0} 103747s
    ... {'checks': 190300000, 'confl': 6953227, 'model_rej': 0} 103780s
    ... {'checks': 190350000, 'confl': 6954815, 'model_rej': 0} 103820s
    ... {'checks': 190400000, 'confl': 6956519, 'model_rej': 0} 103860s
    ... {'checks': 190450000, 'confl': 6957999, 'model_rej': 0} 103899s
    ... {'checks': 190500000, 'confl': 6959180, 'model_rej': 0} 103925s
    ... {'checks': 190550000, 'confl': 6960186, 'model_rej': 0} 103946s
    ... {'checks': 190600000, 'confl': 6961136, 'model_rej': 0} 103966s
    ... {'checks': 190650000, 'confl': 6962023, 'model_rej': 0} 103985s
    ... {'checks': 190700000, 'confl': 6962764, 'model_rej': 0} 104006s
    ... {'checks': 190750000, 'confl': 6963429, 'model_rej': 0} 104024s
    ... {'checks': 190800000, 'confl': 6963947, 'model_rej': 0} 104042s
    ... {'checks': 190850000, 'confl': 6964962, 'model_rej': 0} 104073s
    ... {'checks': 190900000, 'confl': 6966492, 'model_rej': 0} 104105s
    ... {'checks': 190950000, 'confl': 6968184, 'model_rej': 0} 104134s
    ... {'checks': 191000000, 'confl': 6969676, 'model_rej': 0} 104159s
    ... {'checks': 191050000, 'confl': 6970788, 'model_rej': 0} 104187s
    ... {'checks': 191100000, 'confl': 6972509, 'model_rej': 0} 104234s
    ... {'checks': 191150000, 'confl': 6973545, 'model_rej': 0} 104275s
    ... {'checks': 191200000, 'confl': 6974774, 'model_rej': 0} 104297s
    ... {'checks': 191250000, 'confl': 6976126, 'model_rej': 0} 104328s
    ... {'checks': 191300000, 'confl': 6977592, 'model_rej': 0} 104354s
    ... {'checks': 191350000, 'confl': 6978994, 'model_rej': 0} 104381s
    ... {'checks': 191400000, 'confl': 6979912, 'model_rej': 0} 104408s
    ... {'checks': 191450000, 'confl': 6980439, 'model_rej': 0} 104429s
    ... {'checks': 191500000, 'confl': 6981053, 'model_rej': 0} 104450s
    ... {'checks': 191550000, 'confl': 6981854, 'model_rej': 0} 104479s
    ... {'checks': 191600000, 'confl': 6982881, 'model_rej': 0} 104515s
    ... {'checks': 191650000, 'confl': 6984749, 'model_rej': 0} 104554s
    ... {'checks': 191700000, 'confl': 6986446, 'model_rej': 0} 104591s
    ... {'checks': 191750000, 'confl': 6987569, 'model_rej': 0} 104616s
    ... {'checks': 191800000, 'confl': 6988346, 'model_rej': 0} 104642s
    ... {'checks': 191850000, 'confl': 6989874, 'model_rej': 0} 104671s
    ... {'checks': 191900000, 'confl': 6990916, 'model_rej': 0} 104712s
    ... {'checks': 191950000, 'confl': 6992697, 'model_rej': 0} 104748s
    ... {'checks': 192000000, 'confl': 6994504, 'model_rej': 0} 104787s
    ... {'checks': 192050000, 'confl': 6995764, 'model_rej': 0} 104819s
    ... {'checks': 192100000, 'confl': 6996421, 'model_rej': 0} 104845s
    ... {'checks': 192150000, 'confl': 6998213, 'model_rej': 0} 104885s
    ... {'checks': 192200000, 'confl': 6999334, 'model_rej': 0} 104922s
    ... {'checks': 192250000, 'confl': 7001432, 'model_rej': 0} 104959s
    ... {'checks': 192300000, 'confl': 7003258, 'model_rej': 0} 105004s
    ... {'checks': 192350000, 'confl': 7004415, 'model_rej': 0} 105031s
    ... {'checks': 192400000, 'confl': 7005691, 'model_rej': 0} 105063s
    ... {'checks': 192450000, 'confl': 7008134, 'model_rej': 0} 105094s
    ... {'checks': 192500000, 'confl': 7008828, 'model_rej': 0} 105113s
    ... {'checks': 192550000, 'confl': 7009301, 'model_rej': 0} 105134s
    ... {'checks': 192600000, 'confl': 7010624, 'model_rej': 0} 105164s
    ... {'checks': 192650000, 'confl': 7011093, 'model_rej': 0} 105184s
    ... {'checks': 192700000, 'confl': 7012118, 'model_rej': 0} 105210s
    ... {'checks': 192750000, 'confl': 7013485, 'model_rej': 0} 105829s
    ... {'checks': 192800000, 'confl': 7014811, 'model_rej': 0} 105857s
    ... {'checks': 192850000, 'confl': 7015987, 'model_rej': 0} 105886s
    ... {'checks': 192900000, 'confl': 7017087, 'model_rej': 0} 105915s
    ... {'checks': 192950000, 'confl': 7018751, 'model_rej': 0} 105958s
    ... {'checks': 193000000, 'confl': 7020993, 'model_rej': 0} 105990s
    ... {'checks': 193050000, 'confl': 7022934, 'model_rej': 0} 106033s
    ... {'checks': 193100000, 'confl': 7024407, 'model_rej': 0} 106074s
    ... {'checks': 193150000, 'confl': 7026700, 'model_rej': 0} 106113s
    ... {'checks': 193200000, 'confl': 7027342, 'model_rej': 0} 106137s
    ... {'checks': 193250000, 'confl': 7028083, 'model_rej': 0} 106163s
    ... {'checks': 193300000, 'confl': 7028617, 'model_rej': 0} 106183s
    ... {'checks': 193350000, 'confl': 7030236, 'model_rej': 0} 106215s
    ... {'checks': 193400000, 'confl': 7031233, 'model_rej': 0} 106235s
    ... {'checks': 193450000, 'confl': 7032146, 'model_rej': 0} 106267s
    ... {'checks': 193500000, 'confl': 7032945, 'model_rej': 0} 106290s
    ... {'checks': 193550000, 'confl': 7034590, 'model_rej': 0} 106326s
    ... {'checks': 193600000, 'confl': 7035348, 'model_rej': 0} 106351s
    ... {'checks': 193650000, 'confl': 7036861, 'model_rej': 0} 106382s
    ... {'checks': 193700000, 'confl': 7037566, 'model_rej': 0} 106411s
    ... {'checks': 193750000, 'confl': 7038223, 'model_rej': 0} 106436s
    ... {'checks': 193800000, 'confl': 7038771, 'model_rej': 0} 106462s
    ... {'checks': 193850000, 'confl': 7039246, 'model_rej': 0} 106486s
    ... {'checks': 193900000, 'confl': 7040345, 'model_rej': 0} 106510s
    ... {'checks': 193950000, 'confl': 7041481, 'model_rej': 0} 106531s
    ... {'checks': 194000000, 'confl': 7042291, 'model_rej': 0} 106551s
    ... {'checks': 194050000, 'confl': 7042914, 'model_rej': 0} 106571s
    ... {'checks': 194100000, 'confl': 7044026, 'model_rej': 0} 106604s
    ... {'checks': 194150000, 'confl': 7045376, 'model_rej': 0} 106639s
    ... {'checks': 194200000, 'confl': 7046297, 'model_rej': 0} 106667s
    ... {'checks': 194250000, 'confl': 7047049, 'model_rej': 0} 106694s
    ... {'checks': 194300000, 'confl': 7047452, 'model_rej': 0} 106721s
    ... {'checks': 194350000, 'confl': 7048031, 'model_rej': 0} 106749s
    ... {'checks': 194400000, 'confl': 7049864, 'model_rej': 0} 106793s
    ... {'checks': 194450000, 'confl': 7051413, 'model_rej': 0} 106830s
    ... {'checks': 194500000, 'confl': 7051868, 'model_rej': 0} 106853s
    ... {'checks': 194550000, 'confl': 7053014, 'model_rej': 0} 106891s
    ... {'checks': 194600000, 'confl': 7053836, 'model_rej': 0} 106918s
    ... {'checks': 194650000, 'confl': 7055163, 'model_rej': 0} 106945s
    ... {'checks': 194700000, 'confl': 7056289, 'model_rej': 0} 106967s
    ... {'checks': 194750000, 'confl': 7057746, 'model_rej': 0} 106998s
    ... {'checks': 194800000, 'confl': 7059160, 'model_rej': 0} 107036s
    ... {'checks': 194850000, 'confl': 7060064, 'model_rej': 0} 107064s
    ... {'checks': 194900000, 'confl': 7060663, 'model_rej': 0} 107088s
    ... {'checks': 194950000, 'confl': 7061212, 'model_rej': 0} 107105s
    ... {'checks': 195000000, 'confl': 7062157, 'model_rej': 0} 107120s
    ... {'checks': 195050000, 'confl': 7063600, 'model_rej': 0} 107155s
    ... {'checks': 195100000, 'confl': 7064622, 'model_rej': 0} 107174s
    ... {'checks': 195150000, 'confl': 7065521, 'model_rej': 0} 107194s
    ... {'checks': 195200000, 'confl': 7065970, 'model_rej': 0} 107990s
    ... {'checks': 195250000, 'confl': 7066630, 'model_rej': 0} 108009s
    ... {'checks': 195300000, 'confl': 7067188, 'model_rej': 0} 108032s
    ... {'checks': 195350000, 'confl': 7068074, 'model_rej': 0} 108069s
    ... {'checks': 195400000, 'confl': 7070495, 'model_rej': 0} 108115s
    ... {'checks': 195450000, 'confl': 7073086, 'model_rej': 0} 108147s
    ... {'checks': 195500000, 'confl': 7075967, 'model_rej': 0} 108173s
    ... {'checks': 195550000, 'confl': 7076778, 'model_rej': 0} 108193s
    ... {'checks': 195600000, 'confl': 7077905, 'model_rej': 0} 108219s
    ... {'checks': 195650000, 'confl': 7079118, 'model_rej': 0} 108257s
    ... {'checks': 195700000, 'confl': 7080547, 'model_rej': 0} 108287s
    ... {'checks': 195750000, 'confl': 7081601, 'model_rej': 0} 108322s
    ... {'checks': 195800000, 'confl': 7083355, 'model_rej': 0} 108371s
    ... {'checks': 195850000, 'confl': 7084779, 'model_rej': 0} 108401s
    ... {'checks': 195900000, 'confl': 7085895, 'model_rej': 0} 108420s
    ... {'checks': 195950000, 'confl': 7086824, 'model_rej': 0} 108680s
    ... {'checks': 196000000, 'confl': 7087729, 'model_rej': 0} 108710s
    ... {'checks': 196050000, 'confl': 7089092, 'model_rej': 0} 108736s
    ... {'checks': 196100000, 'confl': 7090088, 'model_rej': 0} 108753s
    ... {'checks': 196150000, 'confl': 7090909, 'model_rej': 0} 108768s
    ... {'checks': 196200000, 'confl': 7091664, 'model_rej': 0} 108783s
    ... {'checks': 196250000, 'confl': 7092246, 'model_rej': 0} 108797s
    ... {'checks': 196300000, 'confl': 7092817, 'model_rej': 0} 108813s
    ... {'checks': 196350000, 'confl': 7093473, 'model_rej': 0} 108835s
    ... {'checks': 196400000, 'confl': 7093836, 'model_rej': 0} 108859s
    ... {'checks': 196450000, 'confl': 7094207, 'model_rej': 0} 108883s
    ... {'checks': 196500000, 'confl': 7094892, 'model_rej': 0} 108906s
    ... {'checks': 196550000, 'confl': 7095484, 'model_rej': 0} 108929s
    ... {'checks': 196600000, 'confl': 7095832, 'model_rej': 0} 108953s
    ... {'checks': 196650000, 'confl': 7096187, 'model_rej': 0} 108978s
    ... {'checks': 196700000, 'confl': 7096710, 'model_rej': 0} 109005s
    ... {'checks': 196750000, 'confl': 7097027, 'model_rej': 0} 109028s
    ... {'checks': 196800000, 'confl': 7098216, 'model_rej': 0} 109057s
    ... {'checks': 196850000, 'confl': 7099381, 'model_rej': 0} 109087s
    ... {'checks': 196900000, 'confl': 7101574, 'model_rej': 0} 109125s
    ... {'checks': 196950000, 'confl': 7102964, 'model_rej': 0} 109136s
    ... {'checks': 197000000, 'confl': 7104184, 'model_rej': 0} 109147s
    ... {'checks': 197050000, 'confl': 7105072, 'model_rej': 0} 109165s
    ... {'checks': 197100000, 'confl': 7105778, 'model_rej': 0} 109182s
    ... {'checks': 197150000, 'confl': 7107026, 'model_rej': 0} 109210s
    ... {'checks': 197200000, 'confl': 7108666, 'model_rej': 0} 109247s
    ... {'checks': 197250000, 'confl': 7109410, 'model_rej': 0} 109272s
    ... {'checks': 197300000, 'confl': 7109774, 'model_rej': 0} 109296s
    ... {'checks': 197350000, 'confl': 7110799, 'model_rej': 0} 109326s
    ... {'checks': 197400000, 'confl': 7111564, 'model_rej': 0} 109343s
    ... {'checks': 197450000, 'confl': 7111934, 'model_rej': 0} 109358s
    ... {'checks': 197500000, 'confl': 7113191, 'model_rej': 0} 109382s
    ... {'checks': 197550000, 'confl': 7114795, 'model_rej': 0} 109396s
    ... {'checks': 197600000, 'confl': 7116393, 'model_rej': 0} 110008s
    ... {'checks': 197650000, 'confl': 7116901, 'model_rej': 0} 110021s
    ... {'checks': 197700000, 'confl': 7118938, 'model_rej': 0} 110043s
    ... {'checks': 197750000, 'confl': 7120092, 'model_rej': 0} 110077s
    ... {'checks': 197800000, 'confl': 7121705, 'model_rej': 0} 110085s
    ... {'checks': 197850000, 'confl': 7123671, 'model_rej': 0} 110111s
    ... {'checks': 197900000, 'confl': 7125137, 'model_rej': 0} 110145s
    ... {'checks': 197950000, 'confl': 7125964, 'model_rej': 0} 110172s
    ... {'checks': 198000000, 'confl': 7127322, 'model_rej': 0} 110204s
    ... {'checks': 198050000, 'confl': 7129078, 'model_rej': 0} 110242s
    ... {'checks': 198100000, 'confl': 7130242, 'model_rej': 0} 110268s
    ... {'checks': 198150000, 'confl': 7131117, 'model_rej': 0} 110301s
    ... {'checks': 198200000, 'confl': 7132627, 'model_rej': 0} 110338s
    ... {'checks': 198250000, 'confl': 7135134, 'model_rej': 0} 110375s
    ... {'checks': 198300000, 'confl': 7136975, 'model_rej': 0} 110407s
    ... {'checks': 198350000, 'confl': 7138213, 'model_rej': 0} 110444s
    ... {'checks': 198400000, 'confl': 7139667, 'model_rej': 0} 110482s
    ... {'checks': 198450000, 'confl': 7141219, 'model_rej': 0} 110518s
    ... {'checks': 198500000, 'confl': 7142989, 'model_rej': 0} 110565s
    ... {'checks': 198550000, 'confl': 7144664, 'model_rej': 0} 110600s
    ... {'checks': 198600000, 'confl': 7146132, 'model_rej': 0} 110637s
    ... {'checks': 198650000, 'confl': 7147708, 'model_rej': 0} 110675s
    ... {'checks': 198700000, 'confl': 7149638, 'model_rej': 0} 110708s
    ... {'checks': 198750000, 'confl': 7151510, 'model_rej': 0} 110730s
    ... {'checks': 198800000, 'confl': 7153443, 'model_rej': 0} 110767s
    ... {'checks': 198850000, 'confl': 7154015, 'model_rej': 0} 110789s
    ... {'checks': 198900000, 'confl': 7154842, 'model_rej': 0} 110806s
    ... {'checks': 198950000, 'confl': 7155472, 'model_rej': 0} 110828s
    ... {'checks': 199000000, 'confl': 7156810, 'model_rej': 0} 110863s
    ... {'checks': 199050000, 'confl': 7157502, 'model_rej': 0} 110892s
    ... {'checks': 199100000, 'confl': 7158910, 'model_rej': 0} 110925s
    ... {'checks': 199150000, 'confl': 7161573, 'model_rej': 0} 110957s
    ... {'checks': 199200000, 'confl': 7164255, 'model_rej': 0} 110996s
    ... {'checks': 199250000, 'confl': 7166523, 'model_rej': 0} 111029s
    ... {'checks': 199300000, 'confl': 7167683, 'model_rej': 0} 111064s
    ... {'checks': 199350000, 'confl': 7168702, 'model_rej': 0} 111093s
    ... {'checks': 199400000, 'confl': 7170112, 'model_rej': 0} 111125s
    ... {'checks': 199450000, 'confl': 7170814, 'model_rej': 0} 111142s
    ... {'checks': 199500000, 'confl': 7171201, 'model_rej': 0} 111157s
    ... {'checks': 199550000, 'confl': 7172028, 'model_rej': 0} 111177s
    ... {'checks': 199600000, 'confl': 7174008, 'model_rej': 0} 111202s
    ... {'checks': 199650000, 'confl': 7175626, 'model_rej': 0} 111228s
    ... {'checks': 199700000, 'confl': 7176956, 'model_rej': 0} 111268s
    ... {'checks': 199750000, 'confl': 7178580, 'model_rej': 0} 111314s
    ... {'checks': 199800000, 'confl': 7179516, 'model_rej': 0} 111348s
    ... {'checks': 199850000, 'confl': 7181347, 'model_rej': 0} 111396s
    ... {'checks': 199900000, 'confl': 7182610, 'model_rej': 0} 111432s
    ... {'checks': 199950000, 'confl': 7184758, 'model_rej': 0} 111475s
    ... {'checks': 200000000, 'confl': 7186351, 'model_rej': 0} 111515s
    ... {'checks': 200050000, 'confl': 7187566, 'model_rej': 0} 111545s
    ... {'checks': 200100000, 'confl': 7188986, 'model_rej': 0} 111573s
    ... {'checks': 200150000, 'confl': 7190082, 'model_rej': 0} 111588s
    ... {'checks': 200200000, 'confl': 7191512, 'model_rej': 0} 112225s
    ... {'checks': 200250000, 'confl': 7193333, 'model_rej': 0} 112263s
    ... {'checks': 200300000, 'confl': 7194815, 'model_rej': 0} 112297s
    ... {'checks': 200350000, 'confl': 7195514, 'model_rej': 0} 112493s
    ... {'checks': 200400000, 'confl': 7196887, 'model_rej': 0} 112532s
    ... {'checks': 200450000, 'confl': 7198405, 'model_rej': 0} 112570s
    ... {'checks': 200500000, 'confl': 7199818, 'model_rej': 0} 112610s
    ... {'checks': 200550000, 'confl': 7200738, 'model_rej': 0} 112629s
    ... {'checks': 200600000, 'confl': 7202445, 'model_rej': 0} 112667s
    ... {'checks': 200650000, 'confl': 7205216, 'model_rej': 0} 112688s
    ... {'checks': 200700000, 'confl': 7207656, 'model_rej': 0} 112723s
    ... {'checks': 200750000, 'confl': 7208794, 'model_rej': 0} 112757s
    ... {'checks': 200800000, 'confl': 7209591, 'model_rej': 0} 112765s
    ... {'checks': 200850000, 'confl': 7210897, 'model_rej': 0} 112772s
    ... {'checks': 200900000, 'confl': 7211839, 'model_rej': 0} 112788s
    ... {'checks': 200950000, 'confl': 7213063, 'model_rej': 0} 112809s
    ... {'checks': 201000000, 'confl': 7214900, 'model_rej': 0} 112849s
    ... {'checks': 201050000, 'confl': 7216320, 'model_rej': 0} 112884s
    ... {'checks': 201100000, 'confl': 7218106, 'model_rej': 0} 112916s
    ... {'checks': 201150000, 'confl': 7219029, 'model_rej': 0} 112941s
    ... {'checks': 201200000, 'confl': 7219563, 'model_rej': 0} 112963s
    ... {'checks': 201250000, 'confl': 7219890, 'model_rej': 0} 112980s
    ... {'checks': 201300000, 'confl': 7221187, 'model_rej': 0} 113005s
    ... {'checks': 201350000, 'confl': 7222872, 'model_rej': 0} 113046s
    ... {'checks': 201400000, 'confl': 7224019, 'model_rej': 0} 113072s
    ... {'checks': 201450000, 'confl': 7225542, 'model_rej': 0} 113110s
    ... {'checks': 201500000, 'confl': 7228176, 'model_rej': 0} 113148s
    ... {'checks': 201550000, 'confl': 7230137, 'model_rej': 0} 113185s
    ... {'checks': 201600000, 'confl': 7231695, 'model_rej': 0} 113228s
    ... {'checks': 201650000, 'confl': 7232939, 'model_rej': 0} 113265s
    ... {'checks': 201700000, 'confl': 7234032, 'model_rej': 0} 113301s
    ... {'checks': 201750000, 'confl': 7234470, 'model_rej': 0} 113312s
    ... {'checks': 201800000, 'confl': 7235207, 'model_rej': 0} 113323s
    ... {'checks': 201850000, 'confl': 7236560, 'model_rej': 0} 113357s
    ... {'checks': 201900000, 'confl': 7238515, 'model_rej': 0} 113394s
    ... {'checks': 201950000, 'confl': 7240140, 'model_rej': 0} 113431s
    ... {'checks': 202000000, 'confl': 7241212, 'model_rej': 0} 113460s
    ... {'checks': 202050000, 'confl': 7242456, 'model_rej': 0} 113503s
    ... {'checks': 202100000, 'confl': 7243727, 'model_rej': 0} 113535s
    ... {'checks': 202150000, 'confl': 7245142, 'model_rej': 0} 113578s
    ... {'checks': 202200000, 'confl': 7246521, 'model_rej': 0} 113613s
    ... {'checks': 202250000, 'confl': 7248548, 'model_rej': 0} 113652s
    ... {'checks': 202300000, 'confl': 7250360, 'model_rej': 0} 113694s
    ... {'checks': 202350000, 'confl': 7251438, 'model_rej': 0} 113731s
    ... {'checks': 202400000, 'confl': 7253278, 'model_rej': 0} 113764s
    ... {'checks': 202450000, 'confl': 7254728, 'model_rej': 0} 113801s
    ... {'checks': 202500000, 'confl': 7255698, 'model_rej': 0} 113825s
    ... {'checks': 202550000, 'confl': 7256325, 'model_rej': 0} 113849s
    ... {'checks': 202600000, 'confl': 7256802, 'model_rej': 0} 113875s
    ... {'checks': 202650000, 'confl': 7257234, 'model_rej': 0} 113899s
    ... {'checks': 202700000, 'confl': 7258853, 'model_rej': 0} 113998s
    ... {'checks': 202750000, 'confl': 7260261, 'model_rej': 0} 114039s
    ... {'checks': 202800000, 'confl': 7261687, 'model_rej': 0} 114074s
    ... {'checks': 202850000, 'confl': 7263978, 'model_rej': 0} 114584s
    ... {'checks': 202900000, 'confl': 7265054, 'model_rej': 0} 114612s
    ... {'checks': 202950000, 'confl': 7266195, 'model_rej': 0} 114644s
    ... {'checks': 203000000, 'confl': 7267508, 'model_rej': 0} 114679s
    ... {'checks': 203050000, 'confl': 7268562, 'model_rej': 0} 114705s
    ... {'checks': 203100000, 'confl': 7270939, 'model_rej': 0} 114740s
    ... {'checks': 203150000, 'confl': 7272286, 'model_rej': 0} 114776s
    ... {'checks': 203200000, 'confl': 7273350, 'model_rej': 0} 114805s
    ... {'checks': 203250000, 'confl': 7274818, 'model_rej': 0} 114841s
    ... {'checks': 203300000, 'confl': 7276084, 'model_rej': 0} 114866s
    ... {'checks': 203350000, 'confl': 7277534, 'model_rej': 0} 114905s
    ... {'checks': 203400000, 'confl': 7278908, 'model_rej': 0} 114939s
    ... {'checks': 203450000, 'confl': 7280221, 'model_rej': 0} 114963s
    ... {'checks': 203500000, 'confl': 7281795, 'model_rej': 0} 115001s
    ... {'checks': 203550000, 'confl': 7283058, 'model_rej': 0} 115030s
    ... {'checks': 203600000, 'confl': 7284448, 'model_rej': 0} 115060s
    ... {'checks': 203650000, 'confl': 7285869, 'model_rej': 0} 115094s
    ... {'checks': 203700000, 'confl': 7286938, 'model_rej': 0} 115108s
    ... {'checks': 203750000, 'confl': 7288312, 'model_rej': 0} 115143s
    ... {'checks': 203800000, 'confl': 7289265, 'model_rej': 0} 115168s
    ... {'checks': 203850000, 'confl': 7290552, 'model_rej': 0} 115209s
    ... {'checks': 203900000, 'confl': 7291262, 'model_rej': 0} 115232s
    ... {'checks': 203950000, 'confl': 7291812, 'model_rej': 0} 115245s
    ... {'checks': 204000000, 'confl': 7293158, 'model_rej': 0} 115282s
    ... {'checks': 204050000, 'confl': 7295003, 'model_rej': 0} 115326s
    ... {'checks': 204100000, 'confl': 7295971, 'model_rej': 0} 115349s
    ... {'checks': 204150000, 'confl': 7297405, 'model_rej': 0} 115387s
    ... {'checks': 204200000, 'confl': 7298500, 'model_rej': 0} 115425s
    ... {'checks': 204250000, 'confl': 7300144, 'model_rej': 0} 115463s
    ... {'checks': 204300000, 'confl': 7301619, 'model_rej': 0} 115497s
    ... {'checks': 204350000, 'confl': 7303080, 'model_rej': 0} 115530s
    ... {'checks': 204400000, 'confl': 7304772, 'model_rej': 0} 115567s
    ... {'checks': 204450000, 'confl': 7306070, 'model_rej': 0} 115597s
    ... {'checks': 204500000, 'confl': 7306755, 'model_rej': 0} 115616s
    ... {'checks': 204550000, 'confl': 7307197, 'model_rej': 0} 115635s
    ... {'checks': 204600000, 'confl': 7309007, 'model_rej': 0} 115665s
    ... {'checks': 204650000, 'confl': 7310620, 'model_rej': 0} 115707s
    ... {'checks': 204700000, 'confl': 7312232, 'model_rej': 0} 115751s
    ... {'checks': 204750000, 'confl': 7313661, 'model_rej': 0} 115792s
    ... {'checks': 204800000, 'confl': 7315430, 'model_rej': 0} 115831s
    ... {'checks': 204850000, 'confl': 7316801, 'model_rej': 0} 115857s
    ... {'checks': 204900000, 'confl': 7318168, 'model_rej': 0} 115888s
    ... {'checks': 204950000, 'confl': 7319217, 'model_rej': 0} 115912s
    ... {'checks': 205000000, 'confl': 7320162, 'model_rej': 0} 115942s
    ... {'checks': 205050000, 'confl': 7320758, 'model_rej': 0} 115960s
    ... {'checks': 205100000, 'confl': 7322383, 'model_rej': 0} 116002s
    ... {'checks': 205150000, 'confl': 7323236, 'model_rej': 0} 116031s
    ... {'checks': 205200000, 'confl': 7324033, 'model_rej': 0} 116061s
    ... {'checks': 205250000, 'confl': 7325279, 'model_rej': 0} 116099s
    ... {'checks': 205300000, 'confl': 7327263, 'model_rej': 0} 116123s
    ... {'checks': 205350000, 'confl': 7330026, 'model_rej': 0} 116153s
    ... {'checks': 205400000, 'confl': 7331963, 'model_rej': 0} 116187s
    ... {'checks': 205450000, 'confl': 7333451, 'model_rej': 0} 116229s
    ... {'checks': 205500000, 'confl': 7335361, 'model_rej': 0} 116990s
    ... {'checks': 205550000, 'confl': 7336418, 'model_rej': 0} 117015s
    ... {'checks': 205600000, 'confl': 7338608, 'model_rej': 0} 117043s
    ... {'checks': 205650000, 'confl': 7339650, 'model_rej': 0} 117077s
    ... {'checks': 205700000, 'confl': 7341331, 'model_rej': 0} 117101s
    ... {'checks': 205750000, 'confl': 7342700, 'model_rej': 0} 117135s
    ... {'checks': 205800000, 'confl': 7343855, 'model_rej': 0} 117168s
    ... {'checks': 205850000, 'confl': 7345383, 'model_rej': 0} 117210s
    ... {'checks': 205900000, 'confl': 7347091, 'model_rej': 0} 117244s
    ... {'checks': 205950000, 'confl': 7348386, 'model_rej': 0} 117280s
    ... {'checks': 206000000, 'confl': 7349874, 'model_rej': 0} 117319s
    ... {'checks': 206050000, 'confl': 7351622, 'model_rej': 0} 117351s
    ... {'checks': 206100000, 'confl': 7352940, 'model_rej': 0} 117392s
    ... {'checks': 206150000, 'confl': 7353468, 'model_rej': 0} 117407s
    ... {'checks': 206200000, 'confl': 7354639, 'model_rej': 0} 117448s
    ... {'checks': 206250000, 'confl': 7355951, 'model_rej': 0} 117480s
    ... {'checks': 206300000, 'confl': 7357554, 'model_rej': 0} 117515s
    ... {'checks': 206350000, 'confl': 7359756, 'model_rej': 0} 117550s
    ... {'checks': 206400000, 'confl': 7361372, 'model_rej': 0} 117586s
    ... {'checks': 206450000, 'confl': 7362503, 'model_rej': 0} 117619s
    ... {'checks': 206500000, 'confl': 7363785, 'model_rej': 0} 117650s
    ... {'checks': 206550000, 'confl': 7364297, 'model_rej': 0} 117661s
    ... {'checks': 206600000, 'confl': 7365835, 'model_rej': 0} 117697s
    ... {'checks': 206650000, 'confl': 7368406, 'model_rej': 0} 117734s
    ... {'checks': 206700000, 'confl': 7369026, 'model_rej': 0} 117754s
    ... {'checks': 206750000, 'confl': 7369330, 'model_rej': 0} 117767s
    ... {'checks': 206800000, 'confl': 7369977, 'model_rej': 0} 117791s
    ... {'checks': 206850000, 'confl': 7371436, 'model_rej': 0} 117831s
    ... {'checks': 206900000, 'confl': 7373706, 'model_rej': 0} 117880s
    ... {'checks': 206950000, 'confl': 7375048, 'model_rej': 0} 117916s
    ... {'checks': 207000000, 'confl': 7376525, 'model_rej': 0} 117943s
    ... {'checks': 207050000, 'confl': 7377415, 'model_rej': 0} 117966s
    ... {'checks': 207100000, 'confl': 7378843, 'model_rej': 0} 117999s
    ... {'checks': 207150000, 'confl': 7380370, 'model_rej': 0} 118039s
    ... {'checks': 207200000, 'confl': 7382102, 'model_rej': 0} 118073s
    ... {'checks': 207250000, 'confl': 7384288, 'model_rej': 0} 118106s
    ... {'checks': 207300000, 'confl': 7386074, 'model_rej': 0} 118147s
    ... {'checks': 207350000, 'confl': 7387527, 'model_rej': 0} 118180s
    ... {'checks': 207400000, 'confl': 7389442, 'model_rej': 0} 118197s
    ... {'checks': 207450000, 'confl': 7390781, 'model_rej': 0} 118227s
    ... {'checks': 207500000, 'confl': 7392390, 'model_rej': 0} 118253s
    ... {'checks': 207550000, 'confl': 7394497, 'model_rej': 0} 118281s
    ... {'checks': 207600000, 'confl': 7395706, 'model_rej': 0} 118312s
    ... {'checks': 207650000, 'confl': 7396605, 'model_rej': 0} 118331s
    ... {'checks': 207700000, 'confl': 7397691, 'model_rej': 0} 118359s
    ... {'checks': 207750000, 'confl': 7399086, 'model_rej': 0} 118401s
    ... {'checks': 207800000, 'confl': 7400271, 'model_rej': 0} 118435s
    ... {'checks': 207850000, 'confl': 7401333, 'model_rej': 0} 118458s
    ... {'checks': 207900000, 'confl': 7401982, 'model_rej': 0} 118472s
    ... {'checks': 207950000, 'confl': 7402973, 'model_rej': 0} 118502s
    ... {'checks': 208000000, 'confl': 7403995, 'model_rej': 0} 118540s
    ... {'checks': 208050000, 'confl': 7405577, 'model_rej': 0} 118583s
    ... {'checks': 208100000, 'confl': 7406101, 'model_rej': 0} 118598s
    ... {'checks': 208150000, 'confl': 7407090, 'model_rej': 0} 119131s
    ... {'checks': 208200000, 'confl': 7407653, 'model_rej': 0} 119149s
    ... {'checks': 208250000, 'confl': 7408861, 'model_rej': 0} 119185s
    ... {'checks': 208300000, 'confl': 7410254, 'model_rej': 0} 119211s
    ... {'checks': 208350000, 'confl': 7411545, 'model_rej': 0} 119239s
    ... {'checks': 208400000, 'confl': 7412390, 'model_rej': 0} 119269s
    ... {'checks': 208450000, 'confl': 7414022, 'model_rej': 0} 119311s
    ... {'checks': 208500000, 'confl': 7414653, 'model_rej': 0} 119333s
    ... {'checks': 208550000, 'confl': 7415616, 'model_rej': 0} 119367s
    ... {'checks': 208600000, 'confl': 7416746, 'model_rej': 0} 119399s
    ... {'checks': 208650000, 'confl': 7418658, 'model_rej': 0} 119433s
    ... {'checks': 208700000, 'confl': 7420090, 'model_rej': 0} 119461s
    ... {'checks': 208750000, 'confl': 7421789, 'model_rej': 0} 119482s
    ... {'checks': 208800000, 'confl': 7423241, 'model_rej': 0} 119494s
    ... {'checks': 208850000, 'confl': 7424370, 'model_rej': 0} 119513s
    ... {'checks': 208900000, 'confl': 7425566, 'model_rej': 0} 119542s
    ... {'checks': 208950000, 'confl': 7426737, 'model_rej': 0} 119572s
    ... {'checks': 209000000, 'confl': 7428350, 'model_rej': 0} 119608s
    ... {'checks': 209050000, 'confl': 7429398, 'model_rej': 0} 119645s
    ... {'checks': 209100000, 'confl': 7430433, 'model_rej': 0} 119665s
    ... {'checks': 209150000, 'confl': 7431740, 'model_rej': 0} 119707s
    ... {'checks': 209200000, 'confl': 7433023, 'model_rej': 0} 119737s
    ... {'checks': 209250000, 'confl': 7434159, 'model_rej': 0} 119774s
    ... {'checks': 209300000, 'confl': 7435276, 'model_rej': 0} 119808s
    ... {'checks': 209350000, 'confl': 7435830, 'model_rej': 0} 119822s
    ... {'checks': 209400000, 'confl': 7436478, 'model_rej': 0} 119850s
    ... {'checks': 209450000, 'confl': 7437498, 'model_rej': 0} 119886s
    ... {'checks': 209500000, 'confl': 7438854, 'model_rej': 0} 119926s
    ... {'checks': 209550000, 'confl': 7440067, 'model_rej': 0} 119965s
    ... {'checks': 209600000, 'confl': 7441854, 'model_rej': 0} 119997s
    ... {'checks': 209650000, 'confl': 7442936, 'model_rej': 0} 120024s
    ... {'checks': 209700000, 'confl': 7444048, 'model_rej': 0} 120048s
    ... {'checks': 209750000, 'confl': 7444907, 'model_rej': 0} 120073s
    ... {'checks': 209800000, 'confl': 7445873, 'model_rej': 0} 120099s
    ... {'checks': 209850000, 'confl': 7446188, 'model_rej': 0} 120110s
    ... {'checks': 209900000, 'confl': 7448070, 'model_rej': 0} 120117s
    ... {'checks': 209950000, 'confl': 7449894, 'model_rej': 0} 120146s
    ... {'checks': 210000000, 'confl': 7451451, 'model_rej': 0} 120185s
    ... {'checks': 210050000, 'confl': 7452671, 'model_rej': 0} 120213s
    ... {'checks': 210100000, 'confl': 7453893, 'model_rej': 0} 120246s
    ... {'checks': 210150000, 'confl': 7454911, 'model_rej': 0} 120280s
    ... {'checks': 210200000, 'confl': 7455963, 'model_rej': 0} 120316s
    ... {'checks': 210250000, 'confl': 7457623, 'model_rej': 0} 120349s
    ... {'checks': 210300000, 'confl': 7459660, 'model_rej': 0} 120386s
    ... {'checks': 210350000, 'confl': 7461681, 'model_rej': 0} 120425s
    ... {'checks': 210400000, 'confl': 7463610, 'model_rej': 0} 120463s
    ... {'checks': 210450000, 'confl': 7465033, 'model_rej': 0} 120500s
    ... {'checks': 210500000, 'confl': 7466587, 'model_rej': 0} 120534s
    ... {'checks': 210550000, 'confl': 7467358, 'model_rej': 0} 120560s
    ... {'checks': 210600000, 'confl': 7467383, 'model_rej': 0} 120570s
    ... {'checks': 210650000, 'confl': 7468212, 'model_rej': 0} 120604s
    ... {'checks': 210700000, 'confl': 7469117, 'model_rej': 0} 120640s
    ... {'checks': 210750000, 'confl': 7470153, 'model_rej': 0} 120668s
    ... {'checks': 210800000, 'confl': 7472151, 'model_rej': 0} 120778s
    ... {'checks': 210850000, 'confl': 7472999, 'model_rej': 0} 120799s
    ... {'checks': 210900000, 'confl': 7474434, 'model_rej': 0} 120843s
    ... {'checks': 210950000, 'confl': 7475018, 'model_rej': 0} 120871s
    ... {'checks': 211000000, 'confl': 7475300, 'model_rej': 0} 120886s
    ... {'checks': 211050000, 'confl': 7476264, 'model_rej': 0} 120917s
    ... {'checks': 211100000, 'confl': 7477513, 'model_rej': 0} 120941s
    ... {'checks': 211150000, 'confl': 7478407, 'model_rej': 0} 120964s
    ... {'checks': 211200000, 'confl': 7478952, 'model_rej': 0} 120989s
    ... {'checks': 211250000, 'confl': 7479678, 'model_rej': 0} 121016s
    ... {'checks': 211300000, 'confl': 7481237, 'model_rej': 0} 121057s
    ... {'checks': 211350000, 'confl': 7481902, 'model_rej': 0} 121080s
    ... {'checks': 211400000, 'confl': 7483588, 'model_rej': 0} 121120s
    ... {'checks': 211450000, 'confl': 7484898, 'model_rej': 0} 121163s
    ... {'checks': 211500000, 'confl': 7485790, 'model_rej': 0} 121187s
    ... {'checks': 211550000, 'confl': 7486439, 'model_rej': 0} 121211s
    ... {'checks': 211600000, 'confl': 7487121, 'model_rej': 0} 121236s
    ... {'checks': 211650000, 'confl': 7487848, 'model_rej': 0} 121266s
    ... {'checks': 211700000, 'confl': 7488643, 'model_rej': 0} 121291s
    ... {'checks': 211750000, 'confl': 7489444, 'model_rej': 0} 121315s
    ... {'checks': 211800000, 'confl': 7490802, 'model_rej': 0} 121351s
    ... {'checks': 211850000, 'confl': 7491467, 'model_rej': 0} 121378s
    ... {'checks': 211900000, 'confl': 7492449, 'model_rej': 0} 121405s
    ... {'checks': 211950000, 'confl': 7494049, 'model_rej': 0} 121438s
    ... {'checks': 212000000, 'confl': 7495741, 'model_rej': 0} 122423s
    ... {'checks': 212050000, 'confl': 7497049, 'model_rej': 0} 122456s
    ... {'checks': 212100000, 'confl': 7498418, 'model_rej': 0} 123415s
    ... {'checks': 212150000, 'confl': 7499265, 'model_rej': 0} 124366s
    ... {'checks': 212200000, 'confl': 7500872, 'model_rej': 0} 125324s
    ... {'checks': 212250000, 'confl': 7501657, 'model_rej': 0} 125356s
    ... {'checks': 212300000, 'confl': 7503243, 'model_rej': 0} 126359s
    ... {'checks': 212350000, 'confl': 7503813, 'model_rej': 0} 126378s
    ... {'checks': 212400000, 'confl': 7504917, 'model_rej': 0} 127333s
    ... {'checks': 212450000, 'confl': 7506415, 'model_rej': 0} 128367s
    ... {'checks': 212500000, 'confl': 7508237, 'model_rej': 0} 128694s
    ... {'checks': 212550000, 'confl': 7509758, 'model_rej': 0} 129676s
    ... {'checks': 212600000, 'confl': 7511616, 'model_rej': 0} 129716s
    ... {'checks': 212650000, 'confl': 7512877, 'model_rej': 0} 130655s
    ... {'checks': 212700000, 'confl': 7514378, 'model_rej': 0} 131713s
    ... {'checks': 212750000, 'confl': 7515634, 'model_rej': 0} 131756s
    ... {'checks': 212800000, 'confl': 7516430, 'model_rej': 0} 131799s
    ... {'checks': 212850000, 'confl': 7517346, 'model_rej': 0} 131841s
    ... {'checks': 212900000, 'confl': 7518335, 'model_rej': 0} 131883s
    ... {'checks': 212950000, 'confl': 7519076, 'model_rej': 0} 131912s
    ... {'checks': 213000000, 'confl': 7520472, 'model_rej': 0} 131964s
    ... {'checks': 213050000, 'confl': 7521883, 'model_rej': 0} 132013s
    ... {'checks': 213100000, 'confl': 7523513, 'model_rej': 0} 132055s
    ... {'checks': 213150000, 'confl': 7524899, 'model_rej': 0} 132099s
    ... {'checks': 213200000, 'confl': 7526693, 'model_rej': 0} 132153s
    ... {'checks': 213250000, 'confl': 7528094, 'model_rej': 0} 132190s
    ... {'checks': 213300000, 'confl': 7529699, 'model_rej': 0} 132211s
    ... {'checks': 213350000, 'confl': 7531479, 'model_rej': 0} 132234s
    ... {'checks': 213400000, 'confl': 7532436, 'model_rej': 0} 132265s
    ... {'checks': 213450000, 'confl': 7533530, 'model_rej': 0} 132308s
    ... {'checks': 213500000, 'confl': 7535479, 'model_rej': 0} 132919s
    ... {'checks': 213550000, 'confl': 7537744, 'model_rej': 0} 132955s
    ... {'checks': 213600000, 'confl': 7538693, 'model_rej': 0} 132979s
    ... {'checks': 213650000, 'confl': 7540008, 'model_rej': 0} 133008s
    ... {'checks': 213700000, 'confl': 7540990, 'model_rej': 0} 133046s
    ... {'checks': 213750000, 'confl': 7542932, 'model_rej': 0} 133084s
    ... {'checks': 213800000, 'confl': 7544359, 'model_rej': 0} 134040s
    ... {'checks': 213850000, 'confl': 7545265, 'model_rej': 0} 134997s
    ... {'checks': 213900000, 'confl': 7546542, 'model_rej': 0} 135994s
    ... {'checks': 213950000, 'confl': 7547933, 'model_rej': 0} 136021s
    ... {'checks': 214000000, 'confl': 7549163, 'model_rej': 0} 137051s
    ... {'checks': 214050000, 'confl': 7550756, 'model_rej': 0} 138047s
    ... {'checks': 214100000, 'confl': 7551982, 'model_rej': 0} 138087s
    ... {'checks': 214150000, 'confl': 7553701, 'model_rej': 0} 139081s
    ... {'checks': 214200000, 'confl': 7555165, 'model_rej': 0} 139662s
    ... {'checks': 214250000, 'confl': 7556001, 'model_rej': 0} 139677s
    ... {'checks': 214300000, 'confl': 7557313, 'model_rej': 0} 139690s
    ... {'checks': 214350000, 'confl': 7559053, 'model_rej': 0} 140664s
    ... {'checks': 214400000, 'confl': 7560538, 'model_rej': 0} 140929s
    ... {'checks': 214450000, 'confl': 7562292, 'model_rej': 0} 141871s
    ... {'checks': 214500000, 'confl': 7563153, 'model_rej': 0} 141901s
    ... {'checks': 214550000, 'confl': 7563983, 'model_rej': 0} 142869s
    ... {'checks': 214600000, 'confl': 7564975, 'model_rej': 0} 143862s
    ... {'checks': 214650000, 'confl': 7566565, 'model_rej': 0} 144808s
    ... {'checks': 214700000, 'confl': 7568640, 'model_rej': 0} 144836s
    ... {'checks': 214750000, 'confl': 7569686, 'model_rej': 0} 145775s
    ... {'checks': 214800000, 'confl': 7570880, 'model_rej': 0} 146710s
    ... {'checks': 214850000, 'confl': 7571527, 'model_rej': 0} 146730s
    ... {'checks': 214900000, 'confl': 7572589, 'model_rej': 0} 147788s
    ... {'checks': 214950000, 'confl': 7573784, 'model_rej': 0} 148262s
    ... {'checks': 215000000, 'confl': 7575214, 'model_rej': 0} 148299s
    ... {'checks': 215050000, 'confl': 7576966, 'model_rej': 0} 149346s
    ... {'checks': 215100000, 'confl': 7578211, 'model_rej': 0} 149391s
    ... {'checks': 215150000, 'confl': 7579087, 'model_rej': 0} 150342s
    ... {'checks': 215200000, 'confl': 7580808, 'model_rej': 0} 151018s
    ... {'checks': 215250000, 'confl': 7582117, 'model_rej': 0} 151045s
    ... {'checks': 215300000, 'confl': 7582857, 'model_rej': 0} 151081s
    ... {'checks': 215350000, 'confl': 7583883, 'model_rej': 0} 151114s
    ... {'checks': 215400000, 'confl': 7585276, 'model_rej': 0} 151152s
    ... {'checks': 215450000, 'confl': 7586058, 'model_rej': 0} 151182s
    ... {'checks': 215500000, 'confl': 7587018, 'model_rej': 0} 152273s
    ... {'checks': 215550000, 'confl': 7587771, 'model_rej': 0} 152302s
    ... {'checks': 215600000, 'confl': 7588485, 'model_rej': 0} 152327s
    ... {'checks': 215650000, 'confl': 7589552, 'model_rej': 0} 152365s
    ... {'checks': 215700000, 'confl': 7591035, 'model_rej': 0} 152403s
    ... {'checks': 215750000, 'confl': 7592002, 'model_rej': 0} 153448s
    ... {'checks': 215800000, 'confl': 7593517, 'model_rej': 0} 153485s
    ... {'checks': 215850000, 'confl': 7594375, 'model_rej': 0} 153517s
    ... {'checks': 215900000, 'confl': 7595245, 'model_rej': 0} 153547s
    ... {'checks': 215950000, 'confl': 7595921, 'model_rej': 0} 153575s
    ... {'checks': 216000000, 'confl': 7596690, 'model_rej': 0} 153603s
    ... {'checks': 216050000, 'confl': 7597887, 'model_rej': 0} 153642s
    ... {'checks': 216100000, 'confl': 7599318, 'model_rej': 0} 153669s
    ... {'checks': 216150000, 'confl': 7600545, 'model_rej': 0} 157284s
    ... {'checks': 216200000, 'confl': 7601154, 'model_rej': 0} 157313s
    ... {'checks': 216250000, 'confl': 7602537, 'model_rej': 0} 157349s
    ... {'checks': 216300000, 'confl': 7604133, 'model_rej': 0} 157393s
    ... {'checks': 216350000, 'confl': 7604950, 'model_rej': 0} 157424s
    ... {'checks': 216400000, 'confl': 7605876, 'model_rej': 0} 157662s
    ... {'checks': 216450000, 'confl': 7607179, 'model_rej': 0} 157703s
    ... {'checks': 216500000, 'confl': 7607745, 'model_rej': 0} 157726s
    ... {'checks': 216550000, 'confl': 7609116, 'model_rej': 0} 157757s
    ... {'checks': 216600000, 'confl': 7610021, 'model_rej': 0} 157783s
    ... {'checks': 216650000, 'confl': 7611646, 'model_rej': 0} 158645s
    ... {'checks': 216700000, 'confl': 7612689, 'model_rej': 0} 158680s
    ... {'checks': 216750000, 'confl': 7613882, 'model_rej': 0} 158720s
    ... {'checks': 216800000, 'confl': 7614742, 'model_rej': 0} 158747s
    ... {'checks': 216850000, 'confl': 7615992, 'model_rej': 0} 158783s
    ... {'checks': 216900000, 'confl': 7617453, 'model_rej': 0} 158819s
    ... {'checks': 216950000, 'confl': 7618244, 'model_rej': 0} 158847s
    ... {'checks': 217000000, 'confl': 7619232, 'model_rej': 0} 158874s
    ... {'checks': 217050000, 'confl': 7620069, 'model_rej': 0} 158899s
    ... {'checks': 217100000, 'confl': 7621356, 'model_rej': 0} 159941s
    ... {'checks': 217150000, 'confl': 7622411, 'model_rej': 0} 159971s
    ... {'checks': 217200000, 'confl': 7623642, 'model_rej': 0} 160010s
    ... {'checks': 217250000, 'confl': 7624889, 'model_rej': 0} 160036s
    ... {'checks': 217300000, 'confl': 7626004, 'model_rej': 0} 160079s
    ... {'checks': 217350000, 'confl': 7627038, 'model_rej': 0} 161023s
    ... {'checks': 217400000, 'confl': 7628385, 'model_rej': 0} 161052s
    ... {'checks': 217450000, 'confl': 7630071, 'model_rej': 0} 161089s
    ... {'checks': 217500000, 'confl': 7630886, 'model_rej': 0} 161118s
    ... {'checks': 217550000, 'confl': 7631407, 'model_rej': 0} 161142s
    ... {'checks': 217600000, 'confl': 7631909, 'model_rej': 0} 161167s
    ... {'checks': 217650000, 'confl': 7632991, 'model_rej': 0} 161204s
    ... {'checks': 217700000, 'confl': 7635106, 'model_rej': 0} 161239s
    ... {'checks': 217750000, 'confl': 7637824, 'model_rej': 0} 161255s
    ... {'checks': 217800000, 'confl': 7639686, 'model_rej': 0} 161299s
    ... {'checks': 217850000, 'confl': 7640973, 'model_rej': 0} 161340s
    ... {'checks': 217900000, 'confl': 7642511, 'model_rej': 0} 161366s
    ... {'checks': 217950000, 'confl': 7644766, 'model_rej': 0} 161381s
    ... {'checks': 218000000, 'confl': 7645875, 'model_rej': 0} 161409s
    ... {'checks': 218050000, 'confl': 7647024, 'model_rej': 0} 161436s
    ... {'checks': 218100000, 'confl': 7648505, 'model_rej': 0} 161472s
    ... {'checks': 218150000, 'confl': 7650179, 'model_rej': 0} 161488s
    ... {'checks': 218200000, 'confl': 7651935, 'model_rej': 0} 161496s
    ... {'checks': 218250000, 'confl': 7653802, 'model_rej': 0} 161508s
    ... {'checks': 218300000, 'confl': 7654899, 'model_rej': 0} 161533s
    ... {'checks': 218350000, 'confl': 7656060, 'model_rej': 0} 162302s
    ... {'checks': 218400000, 'confl': 7657252, 'model_rej': 0} 162341s
    ... {'checks': 218450000, 'confl': 7658703, 'model_rej': 0} 162377s
    ... {'checks': 218500000, 'confl': 7659917, 'model_rej': 0} 162411s
    ... {'checks': 218550000, 'confl': 7661923, 'model_rej': 0} 162442s
    ... {'checks': 218600000, 'confl': 7663727, 'model_rej': 0} 162453s
    ... {'checks': 218650000, 'confl': 7665073, 'model_rej': 0} 162485s
    ... {'checks': 218700000, 'confl': 7666588, 'model_rej': 0} 162516s
    ... {'checks': 218750000, 'confl': 7667725, 'model_rej': 0} 162550s
    ... {'checks': 218800000, 'confl': 7669522, 'model_rej': 0} 162571s
    ... {'checks': 218850000, 'confl': 7670600, 'model_rej': 0} 163491s
    ... {'checks': 218900000, 'confl': 7671537, 'model_rej': 0} 167176s
    ... {'checks': 218950000, 'confl': 7672401, 'model_rej': 0} 167207s
    ... {'checks': 219000000, 'confl': 7673560, 'model_rej': 0} 167242s
    ... {'checks': 219050000, 'confl': 7674744, 'model_rej': 0} 167281s
    ... {'checks': 219100000, 'confl': 7676772, 'model_rej': 0} 168291s
    ... {'checks': 219150000, 'confl': 7678493, 'model_rej': 0} 168322s
    ... {'checks': 219200000, 'confl': 7680143, 'model_rej': 0} 168362s
    ... {'checks': 219250000, 'confl': 7680923, 'model_rej': 0} 168394s
    ... {'checks': 219300000, 'confl': 7681912, 'model_rej': 0} 168428s
    ... {'checks': 219350000, 'confl': 7682603, 'model_rej': 0} 168458s
    ... {'checks': 219400000, 'confl': 7683502, 'model_rej': 0} 168478s
    ... {'checks': 219450000, 'confl': 7684061, 'model_rej': 0} 168500s
    ... {'checks': 219500000, 'confl': 7684521, 'model_rej': 0} 168520s
    ... {'checks': 219550000, 'confl': 7686264, 'model_rej': 0} 169543s
    ... {'checks': 219600000, 'confl': 7687456, 'model_rej': 0} 169579s
    ... {'checks': 219650000, 'confl': 7687976, 'model_rej': 0} 169590s
    ... {'checks': 219700000, 'confl': 7688836, 'model_rej': 0} 169605s
    ... {'checks': 219750000, 'confl': 7690108, 'model_rej': 0} 169620s
    ... {'checks': 219800000, 'confl': 7690876, 'model_rej': 0} 169648s
    ... {'checks': 219850000, 'confl': 7691576, 'model_rej': 0} 169675s
    ... {'checks': 219900000, 'confl': 7692714, 'model_rej': 0} 169711s
    ... {'checks': 219950000, 'confl': 7694237, 'model_rej': 0} 169748s
    ... {'checks': 220000000, 'confl': 7695831, 'model_rej': 0} 170781s
    ... {'checks': 220050000, 'confl': 7697128, 'model_rej': 0} 170814s
    ... {'checks': 220100000, 'confl': 7698137, 'model_rej': 0} 170848s
    ... {'checks': 220150000, 'confl': 7698857, 'model_rej': 0} 170875s
    ... {'checks': 220200000, 'confl': 7700425, 'model_rej': 0} 170910s
    ... {'checks': 220250000, 'confl': 7701589, 'model_rej': 0} 170952s
    ... {'checks': 220300000, 'confl': 7703076, 'model_rej': 0} 170987s
    ... {'checks': 220350000, 'confl': 7703806, 'model_rej': 0} 171018s
    ... {'checks': 220400000, 'confl': 7704909, 'model_rej': 0} 172008s
    ... {'checks': 220450000, 'confl': 7705756, 'model_rej': 0} 172029s
    ... {'checks': 220500000, 'confl': 7706713, 'model_rej': 0} 172050s
    ... {'checks': 220550000, 'confl': 7708373, 'model_rej': 0} 172089s
    ... {'checks': 220600000, 'confl': 7709795, 'model_rej': 0} 172119s
    ... {'checks': 220650000, 'confl': 7711135, 'model_rej': 0} 172140s
    ... {'checks': 220700000, 'confl': 7712263, 'model_rej': 0} 172173s
    ... {'checks': 220750000, 'confl': 7712661, 'model_rej': 0} 173177s
    ... {'checks': 220800000, 'confl': 7713349, 'model_rej': 0} 173201s
    ... {'checks': 220850000, 'confl': 7714073, 'model_rej': 0} 173224s
    ... {'checks': 220900000, 'confl': 7715466, 'model_rej': 0} 173262s
    ... {'checks': 220950000, 'confl': 7716469, 'model_rej': 0} 173287s
    ... {'checks': 221000000, 'confl': 7717285, 'model_rej': 0} 173311s
    ... {'checks': 221050000, 'confl': 7718709, 'model_rej': 0} 173351s
    ... {'checks': 221100000, 'confl': 7720322, 'model_rej': 0} 173386s
    ... {'checks': 221150000, 'confl': 7721096, 'model_rej': 0} 173424s
    ... {'checks': 221200000, 'confl': 7721732, 'model_rej': 0} 173443s
    ... {'checks': 221250000, 'confl': 7722427, 'model_rej': 0} 174388s
    ... {'checks': 221300000, 'confl': 7723271, 'model_rej': 0} 174422s
    ... {'checks': 221350000, 'confl': 7724821, 'model_rej': 0} 174456s
    ... {'checks': 221400000, 'confl': 7725882, 'model_rej': 0} 174473s
    ... {'checks': 221450000, 'confl': 7726682, 'model_rej': 0} 174502s
    ... {'checks': 221500000, 'confl': 7727439, 'model_rej': 0} 174528s
    ... {'checks': 221550000, 'confl': 7728655, 'model_rej': 0} 174570s
    ... {'checks': 221600000, 'confl': 7729967, 'model_rej': 0} 177238s
    ... {'checks': 221650000, 'confl': 7731275, 'model_rej': 0} 177273s
    ... {'checks': 221700000, 'confl': 7731965, 'model_rej': 0} 177299s
    ... {'checks': 221750000, 'confl': 7733244, 'model_rej': 0} 177333s
    ... {'checks': 221800000, 'confl': 7735428, 'model_rej': 0} 177372s
    ... {'checks': 221850000, 'confl': 7737484, 'model_rej': 0} 177397s
    ... {'checks': 221900000, 'confl': 7738471, 'model_rej': 0} 177433s
    ... {'checks': 221950000, 'confl': 7740238, 'model_rej': 0} 177466s
    ... {'checks': 222000000, 'confl': 7741010, 'model_rej': 0} 177494s
    ... {'checks': 222050000, 'confl': 7742273, 'model_rej': 0} 178492s
    ... {'checks': 222100000, 'confl': 7743370, 'model_rej': 0} 178525s
    ... {'checks': 222150000, 'confl': 7744353, 'model_rej': 0} 178557s
    ... {'checks': 222200000, 'confl': 7745260, 'model_rej': 0} 178585s
    ... {'checks': 222250000, 'confl': 7745974, 'model_rej': 0} 178606s
    ... {'checks': 222300000, 'confl': 7746627, 'model_rej': 0} 179626s
    ... {'checks': 222350000, 'confl': 7747121, 'model_rej': 0} 179646s
    ... {'checks': 222400000, 'confl': 7747856, 'model_rej': 0} 179682s
    ... {'checks': 222450000, 'confl': 7748238, 'model_rej': 0} 179701s
    ... {'checks': 222500000, 'confl': 7749427, 'model_rej': 0} 179741s
    ... {'checks': 222550000, 'confl': 7750509, 'model_rej': 0} 179774s
    ... {'checks': 222600000, 'confl': 7751265, 'model_rej': 0} 179807s
    ... {'checks': 222650000, 'confl': 7752570, 'model_rej': 0} 179845s
    ... {'checks': 222700000, 'confl': 7753292, 'model_rej': 0} 179877s
    ... {'checks': 222750000, 'confl': 7754829, 'model_rej': 0} 180590s
    ... {'checks': 222800000, 'confl': 7755945, 'model_rej': 0} 180615s
    ... {'checks': 222850000, 'confl': 7756647, 'model_rej': 0} 180642s
    ... {'checks': 222900000, 'confl': 7757437, 'model_rej': 0} 180666s
    ... {'checks': 222950000, 'confl': 7758436, 'model_rej': 0} 180700s
    ... {'checks': 223000000, 'confl': 7759556, 'model_rej': 0} 180726s
    ... {'checks': 223050000, 'confl': 7760806, 'model_rej': 0} 180759s
    ... {'checks': 223100000, 'confl': 7762281, 'model_rej': 0} 180796s
    ... {'checks': 223150000, 'confl': 7763090, 'model_rej': 0} 180831s
    ... {'checks': 223200000, 'confl': 7763840, 'model_rej': 0} 180865s
    ... {'checks': 223250000, 'confl': 7765714, 'model_rej': 0} 181887s
    ... {'checks': 223300000, 'confl': 7766819, 'model_rej': 0} 181921s
    ... {'checks': 223350000, 'confl': 7767628, 'model_rej': 0} 181947s
    ... {'checks': 223400000, 'confl': 7768401, 'model_rej': 0} 181974s
    ... {'checks': 223450000, 'confl': 7769249, 'model_rej': 0} 182006s
    ... {'checks': 223500000, 'confl': 7770107, 'model_rej': 0} 182035s
    ... {'checks': 223550000, 'confl': 7770554, 'model_rej': 0} 182052s
    ... {'checks': 223600000, 'confl': 7770885, 'model_rej': 0} 182067s
    ... {'checks': 223650000, 'confl': 7771289, 'model_rej': 0} 182088s
    ... {'checks': 223700000, 'confl': 7772554, 'model_rej': 0} 183087s
    ... {'checks': 223750000, 'confl': 7772864, 'model_rej': 0} 183105s
    ... {'checks': 223800000, 'confl': 7773771, 'model_rej': 0} 183136s
    ... {'checks': 223850000, 'confl': 7775244, 'model_rej': 0} 183162s
    ... {'checks': 223900000, 'confl': 7776815, 'model_rej': 0} 183198s
    ... {'checks': 223950000, 'confl': 7778312, 'model_rej': 0} 183224s
    ... {'checks': 224000000, 'confl': 7779207, 'model_rej': 0} 183261s
    ... {'checks': 224050000, 'confl': 7780414, 'model_rej': 0} 183289s
    ... {'checks': 224100000, 'confl': 7781227, 'model_rej': 0} 183316s
    ... {'checks': 224150000, 'confl': 7782985, 'model_rej': 0} 183348s
    ... {'checks': 224200000, 'confl': 7784019, 'model_rej': 0} 184290s
    ... {'checks': 224250000, 'confl': 7785194, 'model_rej': 0} 184325s
    ... {'checks': 224300000, 'confl': 7786285, 'model_rej': 0} 186831s
    ... {'checks': 224350000, 'confl': 7787472, 'model_rej': 0} 187018s
    ... {'checks': 224400000, 'confl': 7788309, 'model_rej': 0} 187052s
    ... {'checks': 224450000, 'confl': 7789540, 'model_rej': 0} 187087s
    ... {'checks': 224500000, 'confl': 7790617, 'model_rej': 0} 187123s
    ... {'checks': 224550000, 'confl': 7792039, 'model_rej': 0} 187165s
    ... {'checks': 224600000, 'confl': 7792602, 'model_rej': 0} 187185s
    ... {'checks': 224650000, 'confl': 7793346, 'model_rej': 0} 187210s
    ... {'checks': 224700000, 'confl': 7793846, 'model_rej': 0} 187227s
    ... {'checks': 224750000, 'confl': 7795172, 'model_rej': 0} 187252s
    ... {'checks': 224800000, 'confl': 7796088, 'model_rej': 0} 187724s
    ... {'checks': 224850000, 'confl': 7796656, 'model_rej': 0} 187745s
    ... {'checks': 224900000, 'confl': 7797332, 'model_rej': 0} 187769s
    ... {'checks': 224950000, 'confl': 7798478, 'model_rej': 0} 187803s
    ... {'checks': 225000000, 'confl': 7799380, 'model_rej': 0} 187832s
    ... {'checks': 225050000, 'confl': 7800339, 'model_rej': 0} 187862s
    ... {'checks': 225100000, 'confl': 7801089, 'model_rej': 0} 187893s
    ... {'checks': 225150000, 'confl': 7802093, 'model_rej': 0} 187931s
    ... {'checks': 225200000, 'confl': 7803173, 'model_rej': 0} 187976s
    ... {'checks': 225250000, 'confl': 7804253, 'model_rej': 0} 188965s
    ... {'checks': 225300000, 'confl': 7805364, 'model_rej': 0} 188995s
    ... {'checks': 225350000, 'confl': 7806441, 'model_rej': 0} 189033s
    ... {'checks': 225400000, 'confl': 7808551, 'model_rej': 0} 189053s
    ... {'checks': 225450000, 'confl': 7810248, 'model_rej': 0} 189075s
    ... {'checks': 225500000, 'confl': 7810888, 'model_rej': 0} 189108s
    ... {'checks': 225550000, 'confl': 7811578, 'model_rej': 0} 189139s
    ... {'checks': 225600000, 'confl': 7812371, 'model_rej': 0} 189157s
    ... {'checks': 225650000, 'confl': 7813750, 'model_rej': 0} 189172s
    ... {'checks': 225700000, 'confl': 7815383, 'model_rej': 0} 189188s
    ... {'checks': 225750000, 'confl': 7816129, 'model_rej': 0} 189218s
    ... {'checks': 225800000, 'confl': 7817324, 'model_rej': 0} 190205s
    ... {'checks': 225850000, 'confl': 7818413, 'model_rej': 0} 190237s
    ... {'checks': 225900000, 'confl': 7819428, 'model_rej': 0} 190270s
    ... {'checks': 225950000, 'confl': 7820303, 'model_rej': 0} 190300s
    ... {'checks': 226000000, 'confl': 7821494, 'model_rej': 0} 190339s
    ... {'checks': 226050000, 'confl': 7822640, 'model_rej': 0} 190378s
    ... {'checks': 226100000, 'confl': 7823460, 'model_rej': 0} 190416s
    ... {'checks': 226150000, 'confl': 7824713, 'model_rej': 0} 191333s
    ... {'checks': 226200000, 'confl': 7826157, 'model_rej': 0} 191365s
    ... {'checks': 226250000, 'confl': 7827322, 'model_rej': 0} 191405s
    ... {'checks': 226300000, 'confl': 7828550, 'model_rej': 0} 191442s
    ... {'checks': 226350000, 'confl': 7829974, 'model_rej': 0} 191478s
    ... {'checks': 226400000, 'confl': 7830653, 'model_rej': 0} 191503s
    ... {'checks': 226450000, 'confl': 7831592, 'model_rej': 0} 191531s
    ... {'checks': 226500000, 'confl': 7832312, 'model_rej': 0} 191559s
    ... {'checks': 226550000, 'confl': 7832919, 'model_rej': 0} 191586s
    ... {'checks': 226600000, 'confl': 7833531, 'model_rej': 0} 192555s
    ... {'checks': 226650000, 'confl': 7834237, 'model_rej': 0} 192582s
    ... {'checks': 226700000, 'confl': 7834933, 'model_rej': 0} 192608s
    ... {'checks': 226750000, 'confl': 7835696, 'model_rej': 0} 192638s
    ... {'checks': 226800000, 'confl': 7836772, 'model_rej': 0} 192678s
    ... {'checks': 226850000, 'confl': 7837869, 'model_rej': 0} 192716s
    ... {'checks': 226900000, 'confl': 7838680, 'model_rej': 0} 192749s
    ... {'checks': 226950000, 'confl': 7839601, 'model_rej': 0} 192773s
    ... {'checks': 227000000, 'confl': 7840242, 'model_rej': 0} 192799s
    ... {'checks': 227050000, 'confl': 7841144, 'model_rej': 0} 196925s
    ... {'checks': 227100000, 'confl': 7842192, 'model_rej': 0} 196950s
    ... {'checks': 227150000, 'confl': 7842832, 'model_rej': 0} 197885s
    ... {'checks': 227200000, 'confl': 7843738, 'model_rej': 0} 197914s
    ... {'checks': 227250000, 'confl': 7844370, 'model_rej': 0} 197942s
    ... {'checks': 227300000, 'confl': 7845587, 'model_rej': 0} 197972s
    ... {'checks': 227350000, 'confl': 7846116, 'model_rej': 0} 197994s
    ... {'checks': 227400000, 'confl': 7846850, 'model_rej': 0} 198024s
    ... {'checks': 227450000, 'confl': 7848098, 'model_rej': 0} 198058s
    ... {'checks': 227500000, 'confl': 7849097, 'model_rej': 0} 198083s
    ... {'checks': 227550000, 'confl': 7850361, 'model_rej': 0} 198110s
    ... {'checks': 227600000, 'confl': 7851379, 'model_rej': 0} 198137s
    ... {'checks': 227650000, 'confl': 7852363, 'model_rej': 0} 199217s
    ... {'checks': 227700000, 'confl': 7853058, 'model_rej': 0} 199245s
    ... {'checks': 227750000, 'confl': 7853696, 'model_rej': 0} 200295s
    ... {'checks': 227800000, 'confl': 7854380, 'model_rej': 0} 200321s
    ... {'checks': 227850000, 'confl': 7855241, 'model_rej': 0} 200350s
    ... {'checks': 227900000, 'confl': 7856193, 'model_rej': 0} 200391s
    ... {'checks': 227950000, 'confl': 7857563, 'model_rej': 0} 200433s
    ... {'checks': 228000000, 'confl': 7858594, 'model_rej': 0} 201457s
    ... {'checks': 228050000, 'confl': 7859128, 'model_rej': 0} 201483s
    ... {'checks': 228100000, 'confl': 7859785, 'model_rej': 0} 201505s
    ... {'checks': 228150000, 'confl': 7860254, 'model_rej': 0} 201523s
    ... {'checks': 228200000, 'confl': 7860683, 'model_rej': 0} 201541s
    ... {'checks': 228250000, 'confl': 7861691, 'model_rej': 0} 201575s
    ... {'checks': 228300000, 'confl': 7863013, 'model_rej': 0} 201604s
    ... {'checks': 228350000, 'confl': 7863713, 'model_rej': 0} 201633s
    ... {'checks': 228400000, 'confl': 7864703, 'model_rej': 0} 201671s
    ... {'checks': 228450000, 'confl': 7865316, 'model_rej': 0} 201699s
    ... {'checks': 228500000, 'confl': 7865874, 'model_rej': 0} 202641s
    ... {'checks': 228550000, 'confl': 7866255, 'model_rej': 0} 202663s
    ... {'checks': 228600000, 'confl': 7866347, 'model_rej': 0} 202675s
    ... {'checks': 228650000, 'confl': 7867341, 'model_rej': 0} 203651s
    ... {'checks': 228700000, 'confl': 7868264, 'model_rej': 0} 203688s
    ... {'checks': 228750000, 'confl': 7869402, 'model_rej': 0} 203721s
    ... {'checks': 228800000, 'confl': 7870292, 'model_rej': 0} 203756s
    ... {'checks': 228850000, 'confl': 7872747, 'model_rej': 0} 203788s
    ... {'checks': 228900000, 'confl': 7874566, 'model_rej': 0} 203811s
    ... {'checks': 228950000, 'confl': 7875171, 'model_rej': 0} 203845s
    ... {'checks': 229000000, 'confl': 7875929, 'model_rej': 0} 203876s
    ... {'checks': 229050000, 'confl': 7876951, 'model_rej': 0} 204852s
    ... {'checks': 229100000, 'confl': 7877962, 'model_rej': 0} 204886s
    ... {'checks': 229150000, 'confl': 7878839, 'model_rej': 0} 204921s
    ... {'checks': 229200000, 'confl': 7879914, 'model_rej': 0} 204955s
    ... {'checks': 229250000, 'confl': 7880450, 'model_rej': 0} 204980s
    ... {'checks': 229300000, 'confl': 7881179, 'model_rej': 0} 205011s
    ... {'checks': 229350000, 'confl': 7881904, 'model_rej': 0} 205046s
    ... {'checks': 229400000, 'confl': 7882447, 'model_rej': 0} 205069s
    ... {'checks': 229450000, 'confl': 7883270, 'model_rej': 0} 205102s
    ... {'checks': 229500000, 'confl': 7883725, 'model_rej': 0} 205128s
    ... {'checks': 229550000, 'confl': 7884253, 'model_rej': 0} 205158s
    ... {'checks': 229600000, 'confl': 7885157, 'model_rej': 0} 205188s
    ... {'checks': 229650000, 'confl': 7885953, 'model_rej': 0} 205217s
    ... {'checks': 229700000, 'confl': 7886845, 'model_rej': 0} 206592s
    ... {'checks': 229750000, 'confl': 7888366, 'model_rej': 0} 207608s
    ... {'checks': 229800000, 'confl': 7889182, 'model_rej': 0} 211128s
    ... {'checks': 229850000, 'confl': 7890007, 'model_rej': 0} 211155s
    ... {'checks': 229900000, 'confl': 7890647, 'model_rej': 0} 212137s
    ... {'checks': 229950000, 'confl': 7891190, 'model_rej': 0} 212162s
    ... {'checks': 230000000, 'confl': 7891729, 'model_rej': 0} 212382s
    ... {'checks': 230050000, 'confl': 7892426, 'model_rej': 0} 212413s
    ... {'checks': 230100000, 'confl': 7893298, 'model_rej': 0} 213409s
    ... {'checks': 230150000, 'confl': 7893769, 'model_rej': 0} 213429s
    ... {'checks': 230200000, 'confl': 7895602, 'model_rej': 0} 213459s
    ... {'checks': 230250000, 'confl': 7896401, 'model_rej': 0} 213485s
    ... {'checks': 230300000, 'confl': 7897074, 'model_rej': 0} 213516s
    ... {'checks': 230350000, 'confl': 7897561, 'model_rej': 0} 213537s
    ... {'checks': 230400000, 'confl': 7898340, 'model_rej': 0} 213565s
    ... {'checks': 230450000, 'confl': 7900178, 'model_rej': 0} 213598s
    ... {'checks': 230500000, 'confl': 7900968, 'model_rej': 0} 213633s
    ... {'checks': 230550000, 'confl': 7901752, 'model_rej': 0} 213662s
    ... {'checks': 230600000, 'confl': 7902248, 'model_rej': 0} 214667s
    ... {'checks': 230650000, 'confl': 7903300, 'model_rej': 0} 215664s
    ... {'checks': 230700000, 'confl': 7904264, 'model_rej': 0} 215698s
    ... {'checks': 230750000, 'confl': 7904933, 'model_rej': 0} 215729s
    ... {'checks': 230800000, 'confl': 7905971, 'model_rej': 0} 216055s
    ... {'checks': 230850000, 'confl': 7906596, 'model_rej': 0} 216081s
    ... {'checks': 230900000, 'confl': 7907410, 'model_rej': 0} 216112s
    ... {'checks': 230950000, 'confl': 7908451, 'model_rej': 0} 216151s
    ... {'checks': 231000000, 'confl': 7909332, 'model_rej': 0} 216181s
    ... {'checks': 231050000, 'confl': 7910272, 'model_rej': 0} 216217s
    ... {'checks': 231100000, 'confl': 7910933, 'model_rej': 0} 216246s
    ... {'checks': 231150000, 'confl': 7911600, 'model_rej': 0} 216273s
    ... {'checks': 231200000, 'confl': 7912398, 'model_rej': 0} 216299s
    ... {'checks': 231250000, 'confl': 7914032, 'model_rej': 0} 216336s
    ... {'checks': 231300000, 'confl': 7915302, 'model_rej': 0} 217315s
    ... {'checks': 231350000, 'confl': 7916499, 'model_rej': 0} 217330s
    ... {'checks': 231400000, 'confl': 7918085, 'model_rej': 0} 217360s
    ... {'checks': 231450000, 'confl': 7918900, 'model_rej': 0} 217389s
    ... {'checks': 231500000, 'confl': 7920146, 'model_rej': 0} 217420s
    ... {'checks': 231550000, 'confl': 7921042, 'model_rej': 0} 217448s
    ... {'checks': 231600000, 'confl': 7922405, 'model_rej': 0} 217487s
    ... {'checks': 231650000, 'confl': 7923457, 'model_rej': 0} 218530s
    ... {'checks': 231700000, 'confl': 7923919, 'model_rej': 0} 218549s
    ... {'checks': 231750000, 'confl': 7924809, 'model_rej': 0} 218586s
    ... {'checks': 231800000, 'confl': 7925439, 'model_rej': 0} 218611s
    ... {'checks': 231850000, 'confl': 7926269, 'model_rej': 0} 218645s
    ... {'checks': 231900000, 'confl': 7927342, 'model_rej': 0} 218685s
    ... {'checks': 231950000, 'confl': 7928771, 'model_rej': 0} 218721s
    ... {'checks': 232000000, 'confl': 7929900, 'model_rej': 0} 218752s
    ... {'checks': 232050000, 'confl': 7931215, 'model_rej': 0} 218787s
    ... {'checks': 232100000, 'confl': 7932652, 'model_rej': 0} 219469s
    ... {'checks': 232150000, 'confl': 7933802, 'model_rej': 0} 219497s
    ... {'checks': 232200000, 'confl': 7935109, 'model_rej': 0} 219530s
    ... {'checks': 232250000, 'confl': 7935783, 'model_rej': 0} 219557s
    ... {'checks': 232300000, 'confl': 7936748, 'model_rej': 0} 219591s
    ... {'checks': 232350000, 'confl': 7937500, 'model_rej': 0} 219622s
    ... {'checks': 232400000, 'confl': 7938530, 'model_rej': 0} 219652s
    ... {'checks': 232450000, 'confl': 7939496, 'model_rej': 0} 219685s
    ... {'checks': 232500000, 'confl': 7940447, 'model_rej': 0} 219717s
    ... {'checks': 232550000, 'confl': 7941429, 'model_rej': 0} 219750s
    ... {'checks': 232600000, 'confl': 7942140, 'model_rej': 0} 220488s
    ... {'checks': 232650000, 'confl': 7943529, 'model_rej': 0} 220525s
    ... {'checks': 232700000, 'confl': 7944874, 'model_rej': 0} 220562s
    ... {'checks': 232750000, 'confl': 7945577, 'model_rej': 0} 220591s
    ... {'checks': 232800000, 'confl': 7946247, 'model_rej': 0} 220613s
    ... {'checks': 232850000, 'confl': 7946816, 'model_rej': 0} 220638s
    ... {'checks': 232900000, 'confl': 7947138, 'model_rej': 0} 220656s
    ... {'checks': 232950000, 'confl': 7947723, 'model_rej': 0} 220687s
    ... {'checks': 233000000, 'confl': 7948513, 'model_rej': 0} 220718s
    ... {'checks': 233050000, 'confl': 7949169, 'model_rej': 0} 220748s
    ... {'checks': 233100000, 'confl': 7949896, 'model_rej': 0} 220781s
    ... {'checks': 233150000, 'confl': 7950717, 'model_rej': 0} 220822s
    ... {'checks': 233200000, 'confl': 7951231, 'model_rej': 0} 220849s
    ... {'checks': 233250000, 'confl': 7951677, 'model_rej': 0} 220872s
    ... {'checks': 233300000, 'confl': 7952069, 'model_rej': 0} 220892s
    ... {'checks': 233350000, 'confl': 7952578, 'model_rej': 0} 220916s
    ... {'checks': 233400000, 'confl': 7953568, 'model_rej': 0} 220955s
    ... {'checks': 233450000, 'confl': 7954274, 'model_rej': 0} 220985s
    ... {'checks': 233500000, 'confl': 7955529, 'model_rej': 0} 221022s
    ... {'checks': 233550000, 'confl': 7956556, 'model_rej': 0} 221061s
    ... {'checks': 233600000, 'confl': 7957124, 'model_rej': 0} 221093s
    ... {'checks': 233650000, 'confl': 7957653, 'model_rej': 0} 221118s
    ... {'checks': 233700000, 'confl': 7958320, 'model_rej': 0} 221143s
    ... {'checks': 233750000, 'confl': 7958817, 'model_rej': 0} 221172s
    ... {'checks': 233800000, 'confl': 7959380, 'model_rej': 0} 221199s
    ... {'checks': 233850000, 'confl': 7959864, 'model_rej': 0} 221220s
    ... {'checks': 233900000, 'confl': 7960514, 'model_rej': 0} 221250s
    ... {'checks': 233950000, 'confl': 7961051, 'model_rej': 0} 221278s
    ... {'checks': 234000000, 'confl': 7961500, 'model_rej': 0} 221303s
    ... {'checks': 234050000, 'confl': 7962163, 'model_rej': 0} 221328s
    ... {'checks': 234100000, 'confl': 7962925, 'model_rej': 0} 221355s
    ... {'checks': 234150000, 'confl': 7963437, 'model_rej': 0} 221384s
    ... {'checks': 234200000, 'confl': 7964241, 'model_rej': 0} 221408s
    ... {'checks': 234250000, 'confl': 7964697, 'model_rej': 0} 221436s
    ... {'checks': 234300000, 'confl': 7965314, 'model_rej': 0} 221466s
    ... {'checks': 234350000, 'confl': 7966293, 'model_rej': 0} 221495s
    ... {'checks': 234400000, 'confl': 7967325, 'model_rej': 0} 221513s
    ... {'checks': 234450000, 'confl': 7968196, 'model_rej': 0} 221542s
    ... {'checks': 234500000, 'confl': 7968763, 'model_rej': 0} 221566s
    ... {'checks': 234550000, 'confl': 7969417, 'model_rej': 0} 221767s
    ... {'checks': 234600000, 'confl': 7970364, 'model_rej': 0} 221806s
    ... {'checks': 234650000, 'confl': 7971174, 'model_rej': 0} 221843s
    ... {'checks': 234700000, 'confl': 7971681, 'model_rej': 0} 221874s
    ... {'checks': 234750000, 'confl': 7973373, 'model_rej': 0} 221915s
    ... {'checks': 234800000, 'confl': 7974086, 'model_rej': 0} 221949s
    ... {'checks': 234850000, 'confl': 7974870, 'model_rej': 0} 221987s
    ... {'checks': 234900000, 'confl': 7975416, 'model_rej': 0} 222017s
    ... {'checks': 234950000, 'confl': 7976404, 'model_rej': 0} 222062s
    ... {'checks': 235000000, 'confl': 7976985, 'model_rej': 0} 222087s
    ... {'checks': 235050000, 'confl': 7977657, 'model_rej': 0} 222121s
    ... {'checks': 235100000, 'confl': 7978144, 'model_rej': 0} 222150s
    ... {'checks': 235150000, 'confl': 7979116, 'model_rej': 0} 222189s
    ... {'checks': 235200000, 'confl': 7979891, 'model_rej': 0} 222230s
    ... {'checks': 235250000, 'confl': 7980918, 'model_rej': 0} 222268s
    ... {'checks': 235300000, 'confl': 7982046, 'model_rej': 0} 223287s
    ... {'checks': 235350000, 'confl': 7982721, 'model_rej': 0} 225999s
    ... {'checks': 235400000, 'confl': 7983375, 'model_rej': 0} 226027s
    ... {'checks': 235450000, 'confl': 7984130, 'model_rej': 0} 226060s
    ... {'checks': 235500000, 'confl': 7985934, 'model_rej': 0} 226975s
    ... {'checks': 235550000, 'confl': 7986645, 'model_rej': 0} 226999s
    ... {'checks': 235600000, 'confl': 7987043, 'model_rej': 0} 227986s
    ... {'checks': 235650000, 'confl': 7987383, 'model_rej': 0} 228008s
    ... {'checks': 235700000, 'confl': 7987701, 'model_rej': 0} 228025s
    ... {'checks': 235750000, 'confl': 7988063, 'model_rej': 0} 228043s
    ... {'checks': 235800000, 'confl': 7988540, 'model_rej': 0} 228060s
    ... {'checks': 235850000, 'confl': 7988991, 'model_rej': 0} 228074s
    ... {'checks': 235900000, 'confl': 7989459, 'model_rej': 0} 228088s
    ... {'checks': 235950000, 'confl': 7989902, 'model_rej': 0} 228102s
    ... {'checks': 236000000, 'confl': 7990333, 'model_rej': 0} 228122s
    ... {'checks': 236050000, 'confl': 7990784, 'model_rej': 0} 228147s
    ... {'checks': 236100000, 'confl': 7991371, 'model_rej': 0} 228172s
    ... {'checks': 236150000, 'confl': 7992424, 'model_rej': 0} 228201s
    ... {'checks': 236200000, 'confl': 7993257, 'model_rej': 0} 228230s
    ... {'checks': 236250000, 'confl': 7993752, 'model_rej': 0} 228249s
    ... {'checks': 236300000, 'confl': 7994302, 'model_rej': 0} 228276s
    ... {'checks': 236350000, 'confl': 7994782, 'model_rej': 0} 228299s
    ... {'checks': 236400000, 'confl': 7995186, 'model_rej': 0} 228324s
    ... {'checks': 236450000, 'confl': 7995683, 'model_rej': 0} 228351s
    ... {'checks': 236500000, 'confl': 7996105, 'model_rej': 0} 228378s
    ... {'checks': 236550000, 'confl': 7996520, 'model_rej': 0} 228401s
    ... {'checks': 236600000, 'confl': 7997082, 'model_rej': 0} 228420s
    ... {'checks': 236650000, 'confl': 7997461, 'model_rej': 0} 228443s
    ... {'checks': 236700000, 'confl': 7998347, 'model_rej': 0} 228478s
    ... {'checks': 236750000, 'confl': 7999168, 'model_rej': 0} 228498s
    ... {'checks': 236800000, 'confl': 7999665, 'model_rej': 0} 229443s
    ... {'checks': 236850000, 'confl': 8000085, 'model_rej': 0} 229463s
    ... {'checks': 236900000, 'confl': 8000784, 'model_rej': 0} 229490s
    ... {'checks': 236950000, 'confl': 8001576, 'model_rej': 0} 230609s
    ... {'checks': 237000000, 'confl': 8002314, 'model_rej': 0} 230635s
    ... {'checks': 237050000, 'confl': 8002945, 'model_rej': 0} 230661s
    ... {'checks': 237100000, 'confl': 8003540, 'model_rej': 0} 230679s
    ... {'checks': 237150000, 'confl': 8004057, 'model_rej': 0} 230700s
    ... {'checks': 237200000, 'confl': 8004684, 'model_rej': 0} 230726s
    ... {'checks': 237250000, 'confl': 8005384, 'model_rej': 0} 230754s
    ... {'checks': 237300000, 'confl': 8006274, 'model_rej': 0} 230787s
    ... {'checks': 237350000, 'confl': 8007693, 'model_rej': 0} 230808s
    ... {'checks': 237400000, 'confl': 8008542, 'model_rej': 0} 230832s
    ... {'checks': 237450000, 'confl': 8009265, 'model_rej': 0} 230852s
    ... {'checks': 237500000, 'confl': 8010424, 'model_rej': 0} 230875s
    ... {'checks': 237550000, 'confl': 8011242, 'model_rej': 0} 231815s
    ... {'checks': 237600000, 'confl': 8011990, 'model_rej': 0} 231846s
    ... {'checks': 237650000, 'confl': 8012761, 'model_rej': 0} 231871s
    ... {'checks': 237700000, 'confl': 8013656, 'model_rej': 0} 231898s
    ... {'checks': 237750000, 'confl': 8014322, 'model_rej': 0} 231927s
    ... {'checks': 237800000, 'confl': 8015078, 'model_rej': 0} 231956s
    ... {'checks': 237850000, 'confl': 8015872, 'model_rej': 0} 231985s
    ... {'checks': 237900000, 'confl': 8016593, 'model_rej': 0} 232010s
    ... {'checks': 237950000, 'confl': 8017158, 'model_rej': 0} 232033s
    ... {'checks': 238000000, 'confl': 8017794, 'model_rej': 0} 232051s
    ... {'checks': 238050000, 'confl': 8018400, 'model_rej': 0} 232076s
    ... {'checks': 238100000, 'confl': 8020137, 'model_rej': 0} 235588s
    ... {'checks': 238150000, 'confl': 8020811, 'model_rej': 0} 235617s
    ... {'checks': 238200000, 'confl': 8021152, 'model_rej': 0} 235638s
    ... {'checks': 238250000, 'confl': 8021687, 'model_rej': 0} 235662s
    ... {'checks': 238300000, 'confl': 8022227, 'model_rej': 0} 235683s
    ... {'checks': 238350000, 'confl': 8022621, 'model_rej': 0} 235702s
    ... {'checks': 238400000, 'confl': 8023055, 'model_rej': 0} 236728s
    ... {'checks': 238450000, 'confl': 8023617, 'model_rej': 0} 236748s
    ... {'checks': 238500000, 'confl': 8023964, 'model_rej': 0} 236763s
    ... {'checks': 238550000, 'confl': 8024318, 'model_rej': 0} 236777s
    ... {'checks': 238600000, 'confl': 8024688, 'model_rej': 0} 236795s
    ... {'checks': 238650000, 'confl': 8025283, 'model_rej': 0} 236818s
    ... {'checks': 238700000, 'confl': 8025826, 'model_rej': 0} 236839s
    ... {'checks': 238750000, 'confl': 8026239, 'model_rej': 0} 236856s
    ... {'checks': 238800000, 'confl': 8026728, 'model_rej': 0} 236875s
    ... {'checks': 238850000, 'confl': 8027244, 'model_rej': 0} 236897s
    ... {'checks': 238900000, 'confl': 8027708, 'model_rej': 0} 236919s
    ... {'checks': 238950000, 'confl': 8028498, 'model_rej': 0} 236949s
    ... {'checks': 239000000, 'confl': 8029355, 'model_rej': 0} 236980s
    ... {'checks': 239050000, 'confl': 8030504, 'model_rej': 0} 237016s
    ... {'checks': 239100000, 'confl': 8031183, 'model_rej': 0} 237934s
    ... {'checks': 239150000, 'confl': 8032466, 'model_rej': 0} 237956s
    ... {'checks': 239200000, 'confl': 8033448, 'model_rej': 0} 237991s
    ... {'checks': 239250000, 'confl': 8034806, 'model_rej': 0} 238024s
    ... {'checks': 239300000, 'confl': 8035661, 'model_rej': 0} 238047s
    ... {'checks': 239350000, 'confl': 8036398, 'model_rej': 0} 238074s
    ... {'checks': 239400000, 'confl': 8036941, 'model_rej': 0} 239114s
    ... {'checks': 239450000, 'confl': 8037439, 'model_rej': 0} 239141s
    ... {'checks': 239500000, 'confl': 8038426, 'model_rej': 0} 239175s
    ... {'checks': 239550000, 'confl': 8039598, 'model_rej': 0} 239210s
    ... {'checks': 239600000, 'confl': 8040295, 'model_rej': 0} 239240s
    ... {'checks': 239650000, 'confl': 8040730, 'model_rej': 0} 239265s
    ... {'checks': 239700000, 'confl': 8041140, 'model_rej': 0} 239288s
    ... {'checks': 239750000, 'confl': 8041598, 'model_rej': 0} 240224s
    ... {'checks': 239800000, 'confl': 8042296, 'model_rej': 0} 240249s
    ... {'checks': 239850000, 'confl': 8043475, 'model_rej': 0} 241207s
    ... {'checks': 239900000, 'confl': 8044163, 'model_rej': 0} 241231s
    ... {'checks': 239950000, 'confl': 8044844, 'model_rej': 0} 241256s
    ... {'checks': 240000000, 'confl': 8045319, 'model_rej': 0} 241279s
    ... {'checks': 240050000, 'confl': 8045855, 'model_rej': 0} 241309s
    ... {'checks': 240100000, 'confl': 8046477, 'model_rej': 0} 241335s
    ... {'checks': 240150000, 'confl': 8047660, 'model_rej': 0} 241356s
    ... {'checks': 240200000, 'confl': 8048450, 'model_rej': 0} 241379s
    ... {'checks': 240250000, 'confl': 8049345, 'model_rej': 0} 241397s
    ... {'checks': 240300000, 'confl': 8050066, 'model_rej': 0} 241417s
    ... {'checks': 240350000, 'confl': 8050609, 'model_rej': 0} 241434s
    ... {'checks': 240400000, 'confl': 8051541, 'model_rej': 0} 241573s
    ... {'checks': 240450000, 'confl': 8052262, 'model_rej': 0} 241600s
    ... {'checks': 240500000, 'confl': 8052791, 'model_rej': 0} 241622s
    ... {'checks': 240550000, 'confl': 8053241, 'model_rej': 0} 241646s
    ... {'checks': 240600000, 'confl': 8053627, 'model_rej': 0} 241664s
    ... {'checks': 240650000, 'confl': 8054181, 'model_rej': 0} 241692s
    ... {'checks': 240700000, 'confl': 8054900, 'model_rej': 0} 241720s
    ... {'checks': 240750000, 'confl': 8055457, 'model_rej': 0} 241746s
    ... {'checks': 240800000, 'confl': 8056094, 'model_rej': 0} 245309s
    ... {'checks': 240850000, 'confl': 8056888, 'model_rej': 0} 245334s
    ... {'checks': 240900000, 'confl': 8057494, 'model_rej': 0} 245352s
    ... {'checks': 240950000, 'confl': 8057938, 'model_rej': 0} 245374s
    ... {'checks': 241000000, 'confl': 8058723, 'model_rej': 0} 245405s
    ... {'checks': 241050000, 'confl': 8059417, 'model_rej': 0} 245431s
    ... {'checks': 241100000, 'confl': 8060035, 'model_rej': 0} 245457s
    ... {'checks': 241150000, 'confl': 8060603, 'model_rej': 0} 245478s
    ... {'checks': 241200000, 'confl': 8061434, 'model_rej': 0} 246434s
    ... {'checks': 241250000, 'confl': 8062070, 'model_rej': 0} 246456s
    ... {'checks': 241300000, 'confl': 8062687, 'model_rej': 0} 246475s
    ... {'checks': 241350000, 'confl': 8063331, 'model_rej': 0} 246497s
    ... {'checks': 241400000, 'confl': 8063797, 'model_rej': 0} 246519s
    ... {'checks': 241450000, 'confl': 8064560, 'model_rej': 0} 246545s
    ... {'checks': 241500000, 'confl': 8065049, 'model_rej': 0} 246565s
    ... {'checks': 241550000, 'confl': 8065588, 'model_rej': 0} 246586s
    ... {'checks': 241600000, 'confl': 8066139, 'model_rej': 0} 246604s
    ... {'checks': 241650000, 'confl': 8066700, 'model_rej': 0} 246624s
    ... {'checks': 241700000, 'confl': 8067374, 'model_rej': 0} 250228s
    ... {'checks': 241750000, 'confl': 8067979, 'model_rej': 0} 250250s
    ... {'checks': 241800000, 'confl': 8068680, 'model_rej': 0} 250274s
    ... {'checks': 241850000, 'confl': 8069296, 'model_rej': 0} 250355s
    ... {'checks': 241900000, 'confl': 8069829, 'model_rej': 0} 250381s
    ... {'checks': 241950000, 'confl': 8070227, 'model_rej': 0} 250401s
    ... {'checks': 242000000, 'confl': 8070558, 'model_rej': 0} 251375s
    ... {'checks': 242050000, 'confl': 8070932, 'model_rej': 0} 251400s
    ... {'checks': 242100000, 'confl': 8071408, 'model_rej': 0} 251425s
    ... {'checks': 242150000, 'confl': 8071924, 'model_rej': 0} 251446s
    ... {'checks': 242200000, 'confl': 8072314, 'model_rej': 0} 251465s
    ... {'checks': 242250000, 'confl': 8073000, 'model_rej': 0} 251486s
    ... {'checks': 242300000, 'confl': 8073445, 'model_rej': 0} 251508s
    ... {'checks': 242350000, 'confl': 8073817, 'model_rej': 0} 251528s
    ... {'checks': 242400000, 'confl': 8074420, 'model_rej': 0} 251548s
    ... {'checks': 242450000, 'confl': 8074761, 'model_rej': 0} 252522s
    ... {'checks': 242500000, 'confl': 8075242, 'model_rej': 0} 252543s
    ... {'checks': 242550000, 'confl': 8075752, 'model_rej': 0} 252567s
    ... {'checks': 242600000, 'confl': 8076301, 'model_rej': 0} 252591s
    ... {'checks': 242650000, 'confl': 8076778, 'model_rej': 0} 252613s
    ... {'checks': 242700000, 'confl': 8077271, 'model_rej': 0} 252633s
    ... {'checks': 242750000, 'confl': 8077748, 'model_rej': 0} 252656s
    ... {'checks': 242800000, 'confl': 8078025, 'model_rej': 0} 252675s
    ... {'checks': 242850000, 'confl': 8078599, 'model_rej': 0} 252701s
    ... {'checks': 242900000, 'confl': 8079001, 'model_rej': 0} 252719s
    ... {'checks': 242950000, 'confl': 8079473, 'model_rej': 0} 252739s
    ... {'checks': 243000000, 'confl': 8079919, 'model_rej': 0} 252762s
    ... {'checks': 243050000, 'confl': 8080540, 'model_rej': 0} 252787s
    ... {'checks': 243100000, 'confl': 8080996, 'model_rej': 0} 253751s
    ... {'checks': 243150000, 'confl': 8081359, 'model_rej': 0} 253769s
    ... {'checks': 243200000, 'confl': 8081773, 'model_rej': 0} 253788s
    ... {'checks': 243250000, 'confl': 8082493, 'model_rej': 0} 253810s
    ... {'checks': 243300000, 'confl': 8083048, 'model_rej': 0} 254752s
    ... {'checks': 243350000, 'confl': 8083698, 'model_rej': 0} 254775s
    ... {'checks': 243400000, 'confl': 8084185, 'model_rej': 0} 254797s
    ... {'checks': 243450000, 'confl': 8084569, 'model_rej': 0} 254819s
    ... {'checks': 243500000, 'confl': 8085137, 'model_rej': 0} 254840s
    ... {'checks': 243550000, 'confl': 8085554, 'model_rej': 0} 254860s
    ... {'checks': 243600000, 'confl': 8086071, 'model_rej': 0} 254883s
    ... {'checks': 243650000, 'confl': 8086656, 'model_rej': 0} 254904s
    ... {'checks': 243700000, 'confl': 8087182, 'model_rej': 0} 254928s
    ... {'checks': 243750000, 'confl': 8087720, 'model_rej': 0} 254950s
    ... {'checks': 243800000, 'confl': 8088326, 'model_rej': 0} 254974s
    ... {'checks': 243850000, 'confl': 8088887, 'model_rej': 0} 254996s
    ... {'checks': 243900000, 'confl': 8089326, 'model_rej': 0} 255018s
    ... {'checks': 243950000, 'confl': 8089838, 'model_rej': 0} 255964s
    ... {'checks': 244000000, 'confl': 8090273, 'model_rej': 0} 255986s
    ... {'checks': 244050000, 'confl': 8090645, 'model_rej': 0} 256007s
    ... {'checks': 244100000, 'confl': 8090932, 'model_rej': 0} 256028s
    ... {'checks': 244150000, 'confl': 8091395, 'model_rej': 0} 256052s
    ... {'checks': 244200000, 'confl': 8092058, 'model_rej': 0} 256177s
    ... {'checks': 244250000, 'confl': 8092499, 'model_rej': 0} 256198s
    ... {'checks': 244300000, 'confl': 8093045, 'model_rej': 0} 259498s
    ... {'checks': 244350000, 'confl': 8093651, 'model_rej': 0} 259518s
    ... {'checks': 244400000, 'confl': 8094081, 'model_rej': 0} 259539s
    ... {'checks': 244450000, 'confl': 8094645, 'model_rej': 0} 259560s
    ... {'checks': 244500000, 'confl': 8095188, 'model_rej': 0} 259582s
    ... {'checks': 244550000, 'confl': 8095619, 'model_rej': 0} 259604s
    ... {'checks': 244600000, 'confl': 8096145, 'model_rej': 0} 259628s
    ... {'checks': 244650000, 'confl': 8096702, 'model_rej': 0} 259650s
    ... {'checks': 244700000, 'confl': 8097240, 'model_rej': 0} 259669s
    ... {'checks': 244750000, 'confl': 8097748, 'model_rej': 0} 259691s
    ... {'checks': 244800000, 'confl': 8098144, 'model_rej': 0} 259707s
    ... {'checks': 244850000, 'confl': 8098638, 'model_rej': 0} 259724s
    ... {'checks': 244900000, 'confl': 8099118, 'model_rej': 0} 259744s
    ... {'checks': 244950000, 'confl': 8099542, 'model_rej': 0} 259768s
    ... {'checks': 245000000, 'confl': 8099903, 'model_rej': 0} 259810s
    ... {'checks': 245050000, 'confl': 8100287, 'model_rej': 0} 259831s
    ... {'checks': 245100000, 'confl': 8100616, 'model_rej': 0} 259854s
    ... {'checks': 245150000, 'confl': 8100957, 'model_rej': 0} 259874s
    ... {'checks': 245200000, 'confl': 8101284, 'model_rej': 0} 259894s
    ... {'checks': 245250000, 'confl': 8101575, 'model_rej': 0} 259913s
    ... {'checks': 245300000, 'confl': 8101831, 'model_rej': 0} 259932s
    ... {'checks': 245350000, 'confl': 8102167, 'model_rej': 0} 259953s
    ... {'checks': 245400000, 'confl': 8102550, 'model_rej': 0} 259977s
    ... {'checks': 245450000, 'confl': 8102909, 'model_rej': 0} 259995s
    ... {'checks': 245500000, 'confl': 8103138, 'model_rej': 0} 260009s
[palette-P26-sym] stats: {'checks': 245529847, 'confl': 8103351, 'model_rej': 0}
[palette-P26-sym] UNSAT in 260017.5s — NOT BIPLANAR (subject to control validation)
RESULT ('UNSAT', 260017.4972319603)  elapsed 260017.6s
